solid CADClick
facet normal -0.677 -0.734 -0.06
 outer loop
  vertex 2.75 2.836 11.741
  vertex 2.519 3.049 11.743
  vertex 2.536 3.049 11.546
 endloop
endfacet
facet normal -0.647 -0.76 -0.057
 outer loop
  vertex 2.536 3.049 11.546
  vertex 2.519 3.049 11.743
  vertex 2.495 3.069 11.743
 endloop
endfacet
facet normal -0.601 -0.798 -0.044
 outer loop
  vertex 2.536 3.049 11.546
  vertex 2.495 3.069 11.743
  vertex 2.143 3.347 11.512
 endloop
endfacet
facet normal -0.597 -0.8 -0.052
 outer loop
  vertex 2.143 3.347 11.512
  vertex 2.495 3.069 11.743
  vertex 2.126 3.347 11.711
 endloop
endfacet
facet normal -0.498 -0.866 -0.044
 outer loop
  vertex 2.143 3.347 11.512
  vertex 2.126 3.347 11.711
  vertex 1.717 3.594 11.475
 endloop
endfacet
facet normal -0.498 -0.866 -0.044
 outer loop
  vertex 1.717 3.594 11.475
  vertex 2.126 3.347 11.711
  vertex 1.699 3.594 11.674
 endloop
endfacet
facet normal -0.388 -0.921 -0.034
 outer loop
  vertex 1.717 3.594 11.475
  vertex 1.699 3.594 11.674
  vertex 1.263 3.787 11.435
 endloop
endfacet
facet normal -0.388 -0.921 -0.034
 outer loop
  vertex 1.263 3.787 11.435
  vertex 1.699 3.594 11.674
  vertex 1.246 3.787 11.634
 endloop
endfacet
facet normal -0.273 -0.962 -0.024
 outer loop
  vertex 1.263 3.787 11.435
  vertex 1.246 3.787 11.634
  vertex 0.789 3.922 11.393
 endloop
endfacet
facet normal -0.273 -0.962 -0.024
 outer loop
  vertex 0.789 3.922 11.393
  vertex 1.246 3.787 11.634
  vertex 0.772 3.922 11.593
 endloop
endfacet
facet normal -0.153 -0.988 -0.013
 outer loop
  vertex 0.789 3.922 11.393
  vertex 0.772 3.922 11.593
  vertex 0.303 3.998 11.351
 endloop
endfacet
facet normal -0.153 -0.988 -0.013
 outer loop
  vertex 0.303 3.998 11.351
  vertex 0.772 3.922 11.593
  vertex 0.285 3.998 11.55
 endloop
endfacet
facet normal -0.031 -1 -0.003
 outer loop
  vertex 0.303 3.998 11.351
  vertex 0.285 3.998 11.55
  vertex -0.189 4.013 11.308
 endloop
endfacet
facet normal -0.031 -1 -0.003
 outer loop
  vertex -0.189 4.013 11.308
  vertex 0.285 3.998 11.55
  vertex -0.207 4.013 11.507
 endloop
endfacet
facet normal 0.092 -0.996 0.008
 outer loop
  vertex -0.189 4.013 11.308
  vertex -0.207 4.013 11.507
  vertex -0.68 3.968 11.265
 endloop
endfacet
facet normal 0.092 -0.996 0.008
 outer loop
  vertex -0.68 3.968 11.265
  vertex -0.207 4.013 11.507
  vertex -0.697 3.968 11.464
 endloop
endfacet
facet normal 0.213 -0.977 0.019
 outer loop
  vertex -0.68 3.968 11.265
  vertex -0.697 3.968 11.464
  vertex -1.161 3.862 11.223
 endloop
endfacet
facet normal 0.213 -0.977 0.019
 outer loop
  vertex -1.161 3.862 11.223
  vertex -0.697 3.968 11.464
  vertex -1.178 3.862 11.422
 endloop
endfacet
facet normal 0.331 -0.943 0.029
 outer loop
  vertex -1.161 3.862 11.223
  vertex -1.178 3.862 11.422
  vertex -1.625 3.698 11.182
 endloop
endfacet
facet normal 0.331 -0.943 0.029
 outer loop
  vertex -1.625 3.698 11.182
  vertex -1.178 3.862 11.422
  vertex -1.643 3.698 11.381
 endloop
endfacet
facet normal 0.444 -0.895 0.039
 outer loop
  vertex -1.625 3.698 11.182
  vertex -1.643 3.698 11.381
  vertex -2.066 3.477 11.144
 endloop
endfacet
facet normal 0.444 -0.895 0.039
 outer loop
  vertex -2.066 3.477 11.144
  vertex -1.643 3.698 11.381
  vertex -2.084 3.477 11.343
 endloop
endfacet
facet normal 0.55 -0.834 0.048
 outer loop
  vertex -2.066 3.477 11.144
  vertex -2.084 3.477 11.343
  vertex -2.477 3.204 11.108
 endloop
endfacet
facet normal 0.55 -0.834 0.048
 outer loop
  vertex -2.477 3.204 11.108
  vertex -2.084 3.477 11.343
  vertex -2.494 3.204 11.307
 endloop
endfacet
facet normal 0.648 -0.759 0.057
 outer loop
  vertex -2.477 3.204 11.108
  vertex -2.494 3.204 11.307
  vertex -2.851 2.883 11.075
 endloop
endfacet
facet normal 0.648 -0.759 0.057
 outer loop
  vertex -2.851 2.883 11.075
  vertex -2.494 3.204 11.307
  vertex -2.868 2.883 11.274
 endloop
endfacet
facet normal 0.736 -0.674 0.064
 outer loop
  vertex -2.851 2.883 11.075
  vertex -2.868 2.883 11.274
  vertex -3.183 2.517 11.046
 endloop
endfacet
facet normal 0.736 -0.674 0.064
 outer loop
  vertex -3.183 2.517 11.046
  vertex -2.868 2.883 11.274
  vertex -3.2 2.517 11.245
 endloop
endfacet
facet normal 0.813 -0.578 0.071
 outer loop
  vertex -3.183 2.517 11.046
  vertex -3.2 2.517 11.245
  vertex -3.467 2.114 11.021
 endloop
endfacet
facet normal 0.813 -0.578 0.071
 outer loop
  vertex -3.467 2.114 11.021
  vertex -3.2 2.517 11.245
  vertex -3.485 2.114 11.22
 endloop
endfacet
facet normal 0.878 -0.473 0.077
 outer loop
  vertex -3.467 2.114 11.021
  vertex -3.485 2.114 11.22
  vertex -3.7 1.678 11.001
 endloop
endfacet
facet normal 0.878 -0.473 0.077
 outer loop
  vertex -3.7 1.678 11.001
  vertex -3.485 2.114 11.22
  vertex -3.718 1.678 11.2
 endloop
endfacet
facet normal 0.929 -0.361 0.081
 outer loop
  vertex -3.7 1.678 11.001
  vertex -3.718 1.678 11.2
  vertex -3.878 1.217 10.985
 endloop
endfacet
facet normal 0.929 -0.361 0.081
 outer loop
  vertex -3.878 1.217 10.985
  vertex -3.718 1.678 11.2
  vertex -3.895 1.217 11.184
 endloop
endfacet
facet normal 0.966 -0.244 0.085
 outer loop
  vertex -3.878 1.217 10.985
  vertex -3.895 1.217 11.184
  vertex -3.998 0.738 10.975
 endloop
endfacet
facet normal 0.966 -0.244 0.085
 outer loop
  vertex -3.998 0.738 10.975
  vertex -3.895 1.217 11.184
  vertex -4.016 0.738 11.174
 endloop
endfacet
facet normal 0.989 -0.123 0.087
 outer loop
  vertex -3.998 0.738 10.975
  vertex -4.016 0.738 11.174
  vertex -4.059 0.247 10.969
 endloop
endfacet
facet normal 0.989 -0.123 0.087
 outer loop
  vertex -4.059 0.247 10.969
  vertex -4.016 0.738 11.174
  vertex -4.076 0.247 11.169
 endloop
endfacet
facet normal 0.996 -0.031 0.087
 outer loop
  vertex -4.059 0.247 10.969
  vertex -4.076 0.247 11.169
  vertex -4.066 0 10.969
 endloop
endfacet
facet normal 0.999 0 0.049
 outer loop
  vertex -4.066 0 10.969
  vertex -4.076 0.247 11.169
  vertex -4.076 -0.247 11.169
 endloop
endfacet
facet normal 0.996 0.031 0.087
 outer loop
  vertex -4.066 0 10.969
  vertex -4.076 -0.247 11.169
  vertex -4.059 -0.247 10.969
 endloop
endfacet
facet normal 0.989 0.123 0.087
 outer loop
  vertex -4.059 -0.247 10.969
  vertex -4.076 -0.247 11.169
  vertex -3.998 -0.738 10.975
 endloop
endfacet
facet normal -0.696 -0.717 -0.02
 outer loop
  vertex 2.536 3.049 11.546
  vertex 2.89 2.705 11.577
  vertex 2.75 2.836 11.741
 endloop
endfacet
facet normal -0.721 -0.69 -0.063
 outer loop
  vertex 2.75 2.836 11.741
  vertex 2.89 2.705 11.577
  vertex 2.876 2.705 11.739
 endloop
endfacet
facet normal -0.761 -0.645 -0.067
 outer loop
  vertex 2.876 2.705 11.739
  vertex 2.89 2.705 11.577
  vertex 3.073 2.473 11.737
 endloop
endfacet
facet normal -0.78 -0.626 -0.018
 outer loop
  vertex 3.073 2.473 11.737
  vertex 2.89 2.705 11.577
  vertex 3.199 2.32 11.604
 endloop
endfacet
facet normal -0.799 -0.597 -0.07
 outer loop
  vertex 3.073 2.473 11.737
  vertex 3.199 2.32 11.604
  vertex 3.187 2.32 11.736
 endloop
endfacet
facet normal -0.834 -0.547 -0.073
 outer loop
  vertex 3.187 2.32 11.736
  vertex 3.199 2.32 11.604
  vertex 3.349 2.074 11.734
 endloop
endfacet
facet normal -0.851 -0.525 -0.011
 outer loop
  vertex 3.199 2.32 11.604
  vertex 3.458 1.9 11.627
  vertex 3.349 2.074 11.734
 endloop
endfacet
facet normal -0.866 -0.495 -0.076
 outer loop
  vertex 3.349 2.074 11.734
  vertex 3.458 1.9 11.627
  vertex 3.448 1.9 11.733
 endloop
endfacet
facet normal -0.894 -0.442 -0.079
 outer loop
  vertex 3.448 1.9 11.733
  vertex 3.458 1.9 11.627
  vertex 3.575 1.645 11.731
 endloop
endfacet
facet normal -0.909 -0.417 -0.001
 outer loop
  vertex 3.575 1.645 11.731
  vertex 3.458 1.9 11.627
  vertex 3.664 1.45 11.645
 endloop
endfacet
facet normal -0.919 -0.386 -0.08
 outer loop
  vertex 3.575 1.645 11.731
  vertex 3.664 1.45 11.645
  vertex 3.656 1.45 11.731
 endloop
endfacet
facet normal -0.941 -0.329 -0.082
 outer loop
  vertex 3.656 1.45 11.731
  vertex 3.664 1.45 11.645
  vertex 3.747 1.192 11.73
 endloop
endfacet
facet normal -0.953 -0.302 0.013
 outer loop
  vertex 3.664 1.45 11.645
  vertex 3.813 0.979 11.658
  vertex 3.747 1.192 11.73
 endloop
endfacet
facet normal -0.959 -0.271 -0.085
 outer loop
  vertex 3.747 1.192 11.73
  vertex 3.813 0.979 11.658
  vertex 3.807 0.979 11.729
 endloop
endfacet
facet normal -0.973 -0.212 -0.086
 outer loop
  vertex 3.807 0.979 11.729
  vertex 3.813 0.979 11.658
  vertex 3.863 0.722 11.729
 endloop
endfacet
facet normal -0.983 -0.183 0.029
 outer loop
  vertex 3.863 0.722 11.729
  vertex 3.813 0.979 11.658
  vertex 3.903 0.493 11.666
 endloop
endfacet
facet normal -0.985 -0.151 -0.087
 outer loop
  vertex 3.863 0.722 11.729
  vertex 3.903 0.493 11.666
  vertex 3.898 0.493 11.728
 endloop
endfacet
facet normal -0.992 -0.092 -0.088
 outer loop
  vertex 3.898 0.493 11.728
  vertex 3.903 0.493 11.666
  vertex 3.921 0.242 11.728
 endloop
endfacet
facet normal -0.997 -0.061 0.038
 outer loop
  vertex 3.903 0.493 11.666
  vertex 3.934 -0 11.669
  vertex 3.921 0.242 11.728
 endloop
endfacet
facet normal -0.996 -0.03 -0.087
 outer loop
  vertex 3.921 0.242 11.728
  vertex 3.934 -0 11.669
  vertex 3.929 0 11.728
 endloop
endfacet
facet normal -0.996 0.03 -0.087
 outer loop
  vertex 3.929 0 11.728
  vertex 3.934 -0 11.669
  vertex 3.921 -0.242 11.728
 endloop
endfacet
facet normal -0.997 0.061 0.038
 outer loop
  vertex 3.921 -0.242 11.728
  vertex 3.934 -0 11.669
  vertex 3.903 -0.493 11.666
 endloop
endfacet
facet normal -0.992 0.092 -0.088
 outer loop
  vertex 3.921 -0.242 11.728
  vertex 3.903 -0.493 11.666
  vertex 3.898 -0.493 11.728
 endloop
endfacet
facet normal -0.985 0.151 -0.087
 outer loop
  vertex 3.898 -0.493 11.728
  vertex 3.903 -0.493 11.666
  vertex 3.863 -0.722 11.729
 endloop
endfacet
facet normal -0.983 0.183 0.029
 outer loop
  vertex 3.903 -0.493 11.666
  vertex 3.813 -0.979 11.658
  vertex 3.863 -0.722 11.729
 endloop
endfacet
facet normal -0.973 0.212 -0.086
 outer loop
  vertex 3.863 -0.722 11.729
  vertex 3.813 -0.979 11.658
  vertex 3.807 -0.979 11.729
 endloop
endfacet
facet normal -0.959 0.271 -0.085
 outer loop
  vertex 3.807 -0.979 11.729
  vertex 3.813 -0.979 11.658
  vertex 3.747 -1.192 11.73
 endloop
endfacet
facet normal -0.953 0.302 0.013
 outer loop
  vertex 3.747 -1.192 11.73
  vertex 3.813 -0.979 11.658
  vertex 3.664 -1.45 11.645
 endloop
endfacet
facet normal -0.941 0.329 -0.082
 outer loop
  vertex 3.747 -1.192 11.73
  vertex 3.664 -1.45 11.645
  vertex 3.656 -1.45 11.731
 endloop
endfacet
facet normal -0.919 0.386 -0.08
 outer loop
  vertex 3.656 -1.45 11.731
  vertex 3.664 -1.45 11.645
  vertex 3.575 -1.645 11.731
 endloop
endfacet
facet normal -0.909 0.417 -0.001
 outer loop
  vertex 3.664 -1.45 11.645
  vertex 3.458 -1.9 11.627
  vertex 3.575 -1.645 11.731
 endloop
endfacet
facet normal -0.894 0.442 -0.079
 outer loop
  vertex 3.575 -1.645 11.731
  vertex 3.458 -1.9 11.627
  vertex 3.448 -1.9 11.733
 endloop
endfacet
facet normal -0.866 0.495 -0.076
 outer loop
  vertex 3.448 -1.9 11.733
  vertex 3.458 -1.9 11.627
  vertex 3.349 -2.074 11.734
 endloop
endfacet
facet normal -0.851 0.525 -0.011
 outer loop
  vertex 3.349 -2.074 11.734
  vertex 3.458 -1.9 11.627
  vertex 3.199 -2.32 11.604
 endloop
endfacet
facet normal -0.834 0.547 -0.073
 outer loop
  vertex 3.349 -2.074 11.734
  vertex 3.199 -2.32 11.604
  vertex 3.187 -2.32 11.736
 endloop
endfacet
facet normal -0.799 0.597 -0.07
 outer loop
  vertex 3.187 -2.32 11.736
  vertex 3.199 -2.32 11.604
  vertex 3.073 -2.473 11.737
 endloop
endfacet
facet normal -0.78 0.626 -0.018
 outer loop
  vertex 3.199 -2.32 11.604
  vertex 2.89 -2.705 11.577
  vertex 3.073 -2.473 11.737
 endloop
endfacet
facet normal -0.761 0.645 -0.067
 outer loop
  vertex 3.073 -2.473 11.737
  vertex 2.89 -2.705 11.577
  vertex 2.876 -2.705 11.739
 endloop
endfacet
facet normal -0.721 0.69 -0.063
 outer loop
  vertex 2.876 -2.705 11.739
  vertex 2.89 -2.705 11.577
  vertex 2.75 -2.836 11.741
 endloop
endfacet
facet normal -0.696 0.717 -0.02
 outer loop
  vertex 2.75 -2.836 11.741
  vertex 2.89 -2.705 11.577
  vertex 2.536 -3.049 11.546
 endloop
endfacet
facet normal -0.677 0.733 -0.059
 outer loop
  vertex 2.75 -2.836 11.741
  vertex 2.536 -3.049 11.546
  vertex 2.519 -3.049 11.743
 endloop
endfacet
facet normal -0.645 0.762 -0.056
 outer loop
  vertex 2.519 -3.049 11.743
  vertex 2.536 -3.049 11.546
  vertex 2.495 -3.069 11.743
 endloop
endfacet
facet normal -0.601 0.798 -0.044
 outer loop
  vertex 2.536 -3.049 11.546
  vertex 2.143 -3.347 11.512
  vertex 2.495 -3.069 11.743
 endloop
endfacet
facet normal -0.597 0.8 -0.052
 outer loop
  vertex 2.495 -3.069 11.743
  vertex 2.143 -3.347 11.512
  vertex 2.126 -3.347 11.711
 endloop
endfacet
facet normal -0.498 0.866 -0.044
 outer loop
  vertex 2.126 -3.347 11.711
  vertex 2.143 -3.347 11.512
  vertex 1.699 -3.594 11.674
 endloop
endfacet
facet normal -0.498 0.866 -0.044
 outer loop
  vertex 1.699 -3.594 11.674
  vertex 2.143 -3.347 11.512
  vertex 1.717 -3.594 11.475
 endloop
endfacet
facet normal -0.388 0.921 -0.034
 outer loop
  vertex 1.699 -3.594 11.674
  vertex 1.717 -3.594 11.475
  vertex 1.246 -3.787 11.634
 endloop
endfacet
facet normal -0.388 0.921 -0.034
 outer loop
  vertex 1.246 -3.787 11.634
  vertex 1.717 -3.594 11.475
  vertex 1.263 -3.787 11.435
 endloop
endfacet
facet normal -0.273 0.962 -0.024
 outer loop
  vertex 1.246 -3.787 11.634
  vertex 1.263 -3.787 11.435
  vertex 0.772 -3.922 11.593
 endloop
endfacet
facet normal -0.273 0.962 -0.024
 outer loop
  vertex 0.772 -3.922 11.593
  vertex 1.263 -3.787 11.435
  vertex 0.789 -3.922 11.393
 endloop
endfacet
facet normal -0.153 0.988 -0.013
 outer loop
  vertex 0.772 -3.922 11.593
  vertex 0.789 -3.922 11.393
  vertex 0.285 -3.998 11.55
 endloop
endfacet
facet normal -0.153 0.988 -0.013
 outer loop
  vertex 0.285 -3.998 11.55
  vertex 0.789 -3.922 11.393
  vertex 0.303 -3.998 11.351
 endloop
endfacet
facet normal -0.031 1 -0.003
 outer loop
  vertex 0.285 -3.998 11.55
  vertex 0.303 -3.998 11.351
  vertex -0.207 -4.013 11.507
 endloop
endfacet
facet normal -0.031 1 -0.003
 outer loop
  vertex -0.207 -4.013 11.507
  vertex 0.303 -3.998 11.351
  vertex -0.189 -4.013 11.308
 endloop
endfacet
facet normal 0.092 0.996 0.008
 outer loop
  vertex -0.207 -4.013 11.507
  vertex -0.189 -4.013 11.308
  vertex -0.697 -3.968 11.464
 endloop
endfacet
facet normal 0.092 0.996 0.008
 outer loop
  vertex -0.697 -3.968 11.464
  vertex -0.189 -4.013 11.308
  vertex -0.68 -3.968 11.265
 endloop
endfacet
facet normal 0.213 0.977 0.019
 outer loop
  vertex -0.697 -3.968 11.464
  vertex -0.68 -3.968 11.265
  vertex -1.178 -3.862 11.422
 endloop
endfacet
facet normal 0.213 0.977 0.019
 outer loop
  vertex -1.178 -3.862 11.422
  vertex -0.68 -3.968 11.265
  vertex -1.161 -3.862 11.223
 endloop
endfacet
facet normal 0.331 0.943 0.029
 outer loop
  vertex -1.178 -3.862 11.422
  vertex -1.161 -3.862 11.223
  vertex -1.643 -3.698 11.381
 endloop
endfacet
facet normal 0.331 0.943 0.029
 outer loop
  vertex -1.643 -3.698 11.381
  vertex -1.161 -3.862 11.223
  vertex -1.625 -3.698 11.182
 endloop
endfacet
facet normal 0.444 0.895 0.039
 outer loop
  vertex -1.643 -3.698 11.381
  vertex -1.625 -3.698 11.182
  vertex -2.084 -3.477 11.343
 endloop
endfacet
facet normal 0.444 0.895 0.039
 outer loop
  vertex -2.084 -3.477 11.343
  vertex -1.625 -3.698 11.182
  vertex -2.066 -3.477 11.144
 endloop
endfacet
facet normal 0.55 0.834 0.048
 outer loop
  vertex -2.084 -3.477 11.343
  vertex -2.066 -3.477 11.144
  vertex -2.494 -3.204 11.307
 endloop
endfacet
facet normal 0.55 0.834 0.048
 outer loop
  vertex -2.494 -3.204 11.307
  vertex -2.066 -3.477 11.144
  vertex -2.477 -3.204 11.108
 endloop
endfacet
facet normal 0.648 0.759 0.057
 outer loop
  vertex -2.494 -3.204 11.307
  vertex -2.477 -3.204 11.108
  vertex -2.868 -2.883 11.274
 endloop
endfacet
facet normal 0.648 0.759 0.057
 outer loop
  vertex -2.868 -2.883 11.274
  vertex -2.477 -3.204 11.108
  vertex -2.851 -2.883 11.075
 endloop
endfacet
facet normal 0.736 0.674 0.064
 outer loop
  vertex -2.868 -2.883 11.274
  vertex -2.851 -2.883 11.075
  vertex -3.2 -2.517 11.245
 endloop
endfacet
facet normal 0.736 0.674 0.064
 outer loop
  vertex -3.2 -2.517 11.245
  vertex -2.851 -2.883 11.075
  vertex -3.183 -2.517 11.046
 endloop
endfacet
facet normal 0.813 0.578 0.071
 outer loop
  vertex -3.2 -2.517 11.245
  vertex -3.183 -2.517 11.046
  vertex -3.485 -2.114 11.22
 endloop
endfacet
facet normal 0.813 0.578 0.071
 outer loop
  vertex -3.485 -2.114 11.22
  vertex -3.183 -2.517 11.046
  vertex -3.467 -2.114 11.021
 endloop
endfacet
facet normal 0.878 0.473 0.077
 outer loop
  vertex -3.485 -2.114 11.22
  vertex -3.467 -2.114 11.021
  vertex -3.718 -1.678 11.2
 endloop
endfacet
facet normal 0.878 0.473 0.077
 outer loop
  vertex -3.718 -1.678 11.2
  vertex -3.467 -2.114 11.021
  vertex -3.7 -1.678 11.001
 endloop
endfacet
facet normal 0.929 0.361 0.081
 outer loop
  vertex -3.718 -1.678 11.2
  vertex -3.7 -1.678 11.001
  vertex -3.895 -1.217 11.184
 endloop
endfacet
facet normal 0.929 0.361 0.081
 outer loop
  vertex -3.895 -1.217 11.184
  vertex -3.7 -1.678 11.001
  vertex -3.878 -1.217 10.985
 endloop
endfacet
facet normal 0.966 0.244 0.085
 outer loop
  vertex -3.895 -1.217 11.184
  vertex -3.878 -1.217 10.985
  vertex -4.016 -0.738 11.174
 endloop
endfacet
facet normal 0.966 0.244 0.085
 outer loop
  vertex -4.016 -0.738 11.174
  vertex -3.878 -1.217 10.985
  vertex -3.998 -0.738 10.975
 endloop
endfacet
facet normal 0.989 0.123 0.087
 outer loop
  vertex -4.016 -0.738 11.174
  vertex -3.998 -0.738 10.975
  vertex -4.076 -0.247 11.169
 endloop
endfacet
facet normal -0.555 -0.773 -0.307
 outer loop
  vertex 2.495 3.069 11.743
  vertex 2.381 3.153 11.741
  vertex 2.126 3.347 11.711
 endloop
endfacet
facet normal -0.338 -0.557 -0.759
 outer loop
  vertex 2.126 3.347 11.711
  vertex 2.381 3.153 11.741
  vertex 2.11 3.326 11.734
 endloop
endfacet
facet normal -0.303 -0.581 -0.756
 outer loop
  vertex 2.126 3.347 11.711
  vertex 2.11 3.326 11.734
  vertex 1.966 3.406 11.73
 endloop
endfacet
facet normal -0.323 -0.659 -0.679
 outer loop
  vertex 2.126 3.347 11.711
  vertex 1.966 3.406 11.73
  vertex 1.699 3.594 11.674
 endloop
endfacet
facet normal -0.267 -0.602 -0.753
 outer loop
  vertex 1.699 3.594 11.674
  vertex 1.966 3.406 11.73
  vertex 1.671 3.546 11.723
 endloop
endfacet
facet normal -0.23 -0.621 -0.75
 outer loop
  vertex 1.699 3.594 11.674
  vertex 1.671 3.546 11.723
  vertex 1.525 3.604 11.719
 endloop
endfacet
facet normal -0.222 -0.669 -0.71
 outer loop
  vertex 1.699 3.594 11.674
  vertex 1.525 3.604 11.719
  vertex 1.246 3.787 11.634
 endloop
endfacet
facet normal -0.191 -0.638 -0.746
 outer loop
  vertex 1.246 3.787 11.634
  vertex 1.525 3.604 11.719
  vertex 1.211 3.707 11.711
 endloop
endfacet
facet normal -0.152 -0.652 -0.743
 outer loop
  vertex 1.246 3.787 11.634
  vertex 1.211 3.707 11.711
  vertex 1.066 3.745 11.708
 endloop
endfacet
facet normal -0.133 -0.686 -0.716
 outer loop
  vertex 1.246 3.787 11.634
  vertex 1.066 3.745 11.708
  vertex 0.772 3.922 11.593
 endloop
endfacet
facet normal -0.112 -0.665 -0.739
 outer loop
  vertex 0.772 3.922 11.593
  vertex 1.066 3.745 11.708
  vertex 0.738 3.809 11.7
 endloop
endfacet
facet normal -0.071 -0.674 -0.735
 outer loop
  vertex 0.772 3.922 11.593
  vertex 0.738 3.809 11.7
  vertex 0.594 3.828 11.696
 endloop
endfacet
facet normal -0.046 -0.698 -0.715
 outer loop
  vertex 0.772 3.922 11.593
  vertex 0.594 3.828 11.696
  vertex 0.285 3.998 11.55
 endloop
endfacet
facet normal -0.029 -0.681 -0.732
 outer loop
  vertex 0.285 3.998 11.55
  vertex 0.594 3.828 11.696
  vertex 0.26 3.851 11.688
 endloop
endfacet
facet normal 0.012 -0.685 -0.728
 outer loop
  vertex 0.285 3.998 11.55
  vertex 0.26 3.851 11.688
  vertex 0.119 3.852 11.685
 endloop
endfacet
facet normal 0.041 -0.702 -0.711
 outer loop
  vertex 0.285 3.998 11.55
  vertex 0.119 3.852 11.685
  vertex -0.207 4.013 11.507
 endloop
endfacet
facet normal 0.055 -0.688 -0.724
 outer loop
  vertex -0.207 4.013 11.507
  vertex 0.119 3.852 11.685
  vertex -0.216 3.834 11.677
 endloop
endfacet
facet normal 0.097 -0.687 -0.721
 outer loop
  vertex -0.207 4.013 11.507
  vertex -0.216 3.834 11.677
  vertex -0.354 3.818 11.673
 endloop
endfacet
facet normal 0.127 -0.697 -0.706
 outer loop
  vertex -0.207 4.013 11.507
  vertex -0.354 3.818 11.673
  vertex -0.697 3.968 11.464
 endloop
endfacet
facet normal 0.139 -0.684 -0.717
 outer loop
  vertex -0.697 3.968 11.464
  vertex -0.354 3.818 11.673
  vertex -0.682 3.759 11.666
 endloop
endfacet
facet normal 0.181 -0.677 -0.713
 outer loop
  vertex -0.697 3.968 11.464
  vertex -0.682 3.759 11.666
  vertex -0.816 3.727 11.663
 endloop
endfacet
facet normal 0.211 -0.682 -0.7
 outer loop
  vertex -0.697 3.968 11.464
  vertex -0.816 3.727 11.663
  vertex -1.178 3.862 11.422
 endloop
endfacet
facet normal 0.222 -0.669 -0.709
 outer loop
  vertex -1.178 3.862 11.422
  vertex -0.816 3.727 11.663
  vertex -1.132 3.63 11.655
 endloop
endfacet
facet normal 0.263 -0.658 -0.706
 outer loop
  vertex -1.178 3.862 11.422
  vertex -1.132 3.63 11.655
  vertex -1.262 3.581 11.652
 endloop
endfacet
facet normal 0.293 -0.657 -0.694
 outer loop
  vertex -1.178 3.862 11.422
  vertex -1.262 3.581 11.652
  vertex -1.643 3.698 11.381
 endloop
endfacet
facet normal 0.303 -0.644 -0.702
 outer loop
  vertex -1.643 3.698 11.381
  vertex -1.262 3.581 11.652
  vertex -1.56 3.449 11.645
 endloop
endfacet
facet normal 0.342 -0.628 -0.699
 outer loop
  vertex -1.643 3.698 11.381
  vertex -1.56 3.449 11.645
  vertex -1.685 3.384 11.642
 endloop
endfacet
facet normal 0.372 -0.623 -0.688
 outer loop
  vertex -1.643 3.698 11.381
  vertex -1.685 3.384 11.642
  vertex -2.084 3.477 11.343
 endloop
endfacet
facet normal 0.38 -0.61 -0.696
 outer loop
  vertex -2.084 3.477 11.343
  vertex -1.685 3.384 11.642
  vertex -1.96 3.22 11.636
 endloop
endfacet
facet normal 0.417 -0.589 -0.693
 outer loop
  vertex -2.084 3.477 11.343
  vertex -1.96 3.22 11.636
  vertex -2.08 3.138 11.633
 endloop
endfacet
facet normal 0.445 -0.58 -0.683
 outer loop
  vertex -2.084 3.477 11.343
  vertex -2.08 3.138 11.633
  vertex -2.494 3.204 11.307
 endloop
endfacet
facet normal 0.453 -0.566 -0.689
 outer loop
  vertex -2.494 3.204 11.307
  vertex -2.08 3.138 11.633
  vertex -2.327 2.947 11.628
 endloop
endfacet
facet normal 0.487 -0.54 -0.686
 outer loop
  vertex -2.494 3.204 11.307
  vertex -2.327 2.947 11.628
  vertex -2.44 2.848 11.625
 endloop
endfacet
facet normal 0.513 -0.528 -0.677
 outer loop
  vertex -2.494 3.204 11.307
  vertex -2.44 2.848 11.625
  vertex -2.868 2.883 11.274
 endloop
endfacet
facet normal 0.519 -0.513 -0.683
 outer loop
  vertex -2.868 2.883 11.274
  vertex -2.44 2.848 11.625
  vertex -2.657 2.635 11.62
 endloop
endfacet
facet normal 0.55 -0.483 -0.681
 outer loop
  vertex -2.868 2.883 11.274
  vertex -2.657 2.635 11.62
  vertex -2.763 2.518 11.618
 endloop
endfacet
facet normal 0.574 -0.468 -0.672
 outer loop
  vertex -2.868 2.883 11.274
  vertex -2.763 2.518 11.618
  vertex -3.2 2.517 11.245
 endloop
endfacet
facet normal 0.579 -0.452 -0.678
 outer loop
  vertex -3.2 2.517 11.245
  vertex -2.763 2.518 11.618
  vertex -2.947 2.289 11.614
 endloop
endfacet
facet normal 0.606 -0.419 -0.676
 outer loop
  vertex -3.2 2.517 11.245
  vertex -2.947 2.289 11.614
  vertex -3.042 2.154 11.612
 endloop
endfacet
facet normal 0.627 -0.401 -0.668
 outer loop
  vertex -3.2 2.517 11.245
  vertex -3.042 2.154 11.612
  vertex -3.485 2.114 11.22
 endloop
endfacet
facet normal 0.631 -0.384 -0.674
 outer loop
  vertex -3.485 2.114 11.22
  vertex -3.042 2.154 11.612
  vertex -3.193 1.913 11.608
 endloop
endfacet
facet normal 0.654 -0.347 -0.672
 outer loop
  vertex -3.485 2.114 11.22
  vertex -3.193 1.913 11.608
  vertex -3.276 1.759 11.607
 endloop
endfacet
facet normal 0.672 -0.328 -0.664
 outer loop
  vertex -3.485 2.114 11.22
  vertex -3.276 1.759 11.607
  vertex -3.718 1.678 11.2
 endloop
endfacet
facet normal 0.674 -0.311 -0.67
 outer loop
  vertex -3.718 1.678 11.2
  vertex -3.276 1.759 11.607
  vertex -3.392 1.513 11.604
 endloop
endfacet
facet normal 0.693 -0.271 -0.668
 outer loop
  vertex -3.718 1.678 11.2
  vertex -3.392 1.513 11.604
  vertex -3.461 1.341 11.603
 endloop
endfacet
facet normal 0.708 -0.251 -0.661
 outer loop
  vertex -3.718 1.678 11.2
  vertex -3.461 1.341 11.603
  vertex -3.895 1.217 11.184
 endloop
endfacet
facet normal 0.708 -0.232 -0.667
 outer loop
  vertex -3.895 1.217 11.184
  vertex -3.461 1.341 11.603
  vertex -3.543 1.094 11.601
 endloop
endfacet
facet normal 0.721 -0.191 -0.666
 outer loop
  vertex -3.895 1.217 11.184
  vertex -3.543 1.094 11.601
  vertex -3.595 0.904 11.6
 endloop
endfacet
facet normal 0.733 -0.169 -0.659
 outer loop
  vertex -3.895 1.217 11.184
  vertex -3.595 0.904 11.6
  vertex -4.016 0.738 11.174
 endloop
endfacet
facet normal 0.732 -0.15 -0.665
 outer loop
  vertex -4.016 0.738 11.174
  vertex -3.595 0.904 11.6
  vertex -3.645 0.662 11.599
 endloop
endfacet
facet normal 0.74 -0.107 -0.664
 outer loop
  vertex -4.016 0.738 11.174
  vertex -3.645 0.662 11.599
  vertex -3.676 0.455 11.598
 endloop
endfacet
facet normal 0.749 -0.085 -0.657
 outer loop
  vertex -4.016 0.738 11.174
  vertex -3.676 0.455 11.598
  vertex -4.076 0.247 11.169
 endloop
endfacet
facet normal 0.745 -0.065 -0.664
 outer loop
  vertex -4.076 0.247 11.169
  vertex -3.676 0.455 11.598
  vertex -3.696 0.222 11.598
 endloop
endfacet
facet normal 0.748 -0.021 -0.664
 outer loop
  vertex -4.076 0.247 11.169
  vertex -3.696 0.222 11.598
  vertex -3.703 0 11.597
 endloop
endfacet
facet normal 0.754 0 -0.657
 outer loop
  vertex -4.076 0.247 11.169
  vertex -3.703 0 11.597
  vertex -4.076 -0.247 11.169
 endloop
endfacet
facet normal 0.748 0.021 -0.664
 outer loop
  vertex -4.076 -0.247 11.169
  vertex -3.703 0 11.597
  vertex -3.696 -0.222 11.598
 endloop
endfacet
facet normal 0.745 0.065 -0.664
 outer loop
  vertex -4.076 -0.247 11.169
  vertex -3.696 -0.222 11.598
  vertex -3.676 -0.455 11.598
 endloop
endfacet
facet normal 0.749 0.085 -0.657
 outer loop
  vertex -4.076 -0.247 11.169
  vertex -3.676 -0.455 11.598
  vertex -4.016 -0.738 11.174
 endloop
endfacet
facet normal 0.74 0.107 -0.664
 outer loop
  vertex -4.016 -0.738 11.174
  vertex -3.676 -0.455 11.598
  vertex -3.645 -0.662 11.599
 endloop
endfacet
facet normal 0.732 0.15 -0.665
 outer loop
  vertex -4.016 -0.738 11.174
  vertex -3.645 -0.662 11.599
  vertex -3.595 -0.904 11.6
 endloop
endfacet
facet normal 0.733 0.169 -0.659
 outer loop
  vertex -4.016 -0.738 11.174
  vertex -3.595 -0.904 11.6
  vertex -3.895 -1.217 11.184
 endloop
endfacet
facet normal 0.721 0.191 -0.666
 outer loop
  vertex -3.895 -1.217 11.184
  vertex -3.595 -0.904 11.6
  vertex -3.543 -1.094 11.601
 endloop
endfacet
facet normal 0.708 0.232 -0.667
 outer loop
  vertex -3.895 -1.217 11.184
  vertex -3.543 -1.094 11.601
  vertex -3.461 -1.341 11.603
 endloop
endfacet
facet normal 0.708 0.251 -0.661
 outer loop
  vertex -3.895 -1.217 11.184
  vertex -3.461 -1.341 11.603
  vertex -3.718 -1.678 11.2
 endloop
endfacet
facet normal 0.693 0.271 -0.668
 outer loop
  vertex -3.718 -1.678 11.2
  vertex -3.461 -1.341 11.603
  vertex -3.392 -1.513 11.604
 endloop
endfacet
facet normal 0.674 0.311 -0.67
 outer loop
  vertex -3.718 -1.678 11.2
  vertex -3.392 -1.513 11.604
  vertex -3.276 -1.759 11.607
 endloop
endfacet
facet normal 0.672 0.328 -0.664
 outer loop
  vertex -3.718 -1.678 11.2
  vertex -3.276 -1.759 11.607
  vertex -3.485 -2.114 11.22
 endloop
endfacet
facet normal 0.654 0.347 -0.672
 outer loop
  vertex -3.485 -2.114 11.22
  vertex -3.276 -1.759 11.607
  vertex -3.193 -1.913 11.608
 endloop
endfacet
facet normal 0.631 0.384 -0.674
 outer loop
  vertex -3.485 -2.114 11.22
  vertex -3.193 -1.913 11.608
  vertex -3.042 -2.154 11.612
 endloop
endfacet
facet normal 0.627 0.401 -0.668
 outer loop
  vertex -3.485 -2.114 11.22
  vertex -3.042 -2.154 11.612
  vertex -3.2 -2.517 11.245
 endloop
endfacet
facet normal 0.606 0.419 -0.676
 outer loop
  vertex -3.2 -2.517 11.245
  vertex -3.042 -2.154 11.612
  vertex -2.947 -2.289 11.614
 endloop
endfacet
facet normal 0.579 0.452 -0.678
 outer loop
  vertex -3.2 -2.517 11.245
  vertex -2.947 -2.289 11.614
  vertex -2.763 -2.518 11.618
 endloop
endfacet
facet normal 0.574 0.468 -0.672
 outer loop
  vertex -3.2 -2.517 11.245
  vertex -2.763 -2.518 11.618
  vertex -2.868 -2.883 11.274
 endloop
endfacet
facet normal 0.55 0.483 -0.681
 outer loop
  vertex -2.868 -2.883 11.274
  vertex -2.763 -2.518 11.618
  vertex -2.657 -2.635 11.62
 endloop
endfacet
facet normal 0.519 0.513 -0.683
 outer loop
  vertex -2.868 -2.883 11.274
  vertex -2.657 -2.635 11.62
  vertex -2.44 -2.848 11.625
 endloop
endfacet
facet normal 0.513 0.528 -0.677
 outer loop
  vertex -2.868 -2.883 11.274
  vertex -2.44 -2.848 11.625
  vertex -2.494 -3.204 11.307
 endloop
endfacet
facet normal 0.495 0.537 -0.684
 outer loop
  vertex -2.494 -3.204 11.307
  vertex -2.44 -2.848 11.625
  vertex -2.392 -2.891 11.626
 endloop
endfacet
facet normal 0.482 0.544 -0.687
 outer loop
  vertex -2.494 -3.204 11.307
  vertex -2.392 -2.891 11.626
  vertex -2.327 -2.947 11.628
 endloop
endfacet
facet normal 0.453 0.566 -0.689
 outer loop
  vertex -2.327 -2.947 11.628
  vertex -2.08 -3.138 11.633
  vertex -2.494 -3.204 11.307
 endloop
endfacet
facet normal 0.445 0.58 -0.683
 outer loop
  vertex -2.494 -3.204 11.307
  vertex -2.08 -3.138 11.633
  vertex -2.084 -3.477 11.343
 endloop
endfacet
facet normal 0.417 0.589 -0.693
 outer loop
  vertex -2.08 -3.138 11.633
  vertex -1.96 -3.22 11.636
  vertex -2.084 -3.477 11.343
 endloop
endfacet
facet normal 0.38 0.61 -0.696
 outer loop
  vertex -2.084 -3.477 11.343
  vertex -1.96 -3.22 11.636
  vertex -1.685 -3.384 11.642
 endloop
endfacet
facet normal 0.372 0.623 -0.688
 outer loop
  vertex -2.084 -3.477 11.343
  vertex -1.685 -3.384 11.642
  vertex -1.643 -3.698 11.381
 endloop
endfacet
facet normal 0.342 0.628 -0.699
 outer loop
  vertex -1.643 -3.698 11.381
  vertex -1.685 -3.384 11.642
  vertex -1.56 -3.449 11.645
 endloop
endfacet
facet normal 0.303 0.644 -0.702
 outer loop
  vertex -1.643 -3.698 11.381
  vertex -1.56 -3.449 11.645
  vertex -1.262 -3.581 11.652
 endloop
endfacet
facet normal 0.293 0.657 -0.694
 outer loop
  vertex -1.643 -3.698 11.381
  vertex -1.262 -3.581 11.652
  vertex -1.178 -3.862 11.422
 endloop
endfacet
facet normal 0.263 0.658 -0.706
 outer loop
  vertex -1.178 -3.862 11.422
  vertex -1.262 -3.581 11.652
  vertex -1.132 -3.63 11.655
 endloop
endfacet
facet normal 0.222 0.669 -0.709
 outer loop
  vertex -1.178 -3.862 11.422
  vertex -1.132 -3.63 11.655
  vertex -0.816 -3.727 11.663
 endloop
endfacet
facet normal 0.211 0.682 -0.7
 outer loop
  vertex -1.178 -3.862 11.422
  vertex -0.816 -3.727 11.663
  vertex -0.697 -3.968 11.464
 endloop
endfacet
facet normal 0.181 0.677 -0.713
 outer loop
  vertex -0.697 -3.968 11.464
  vertex -0.816 -3.727 11.663
  vertex -0.682 -3.759 11.666
 endloop
endfacet
facet normal 0.139 0.684 -0.717
 outer loop
  vertex -0.697 -3.968 11.464
  vertex -0.682 -3.759 11.666
  vertex -0.354 -3.818 11.673
 endloop
endfacet
facet normal 0.127 0.697 -0.706
 outer loop
  vertex -0.697 -3.968 11.464
  vertex -0.354 -3.818 11.673
  vertex -0.207 -4.013 11.507
 endloop
endfacet
facet normal 0.097 0.687 -0.721
 outer loop
  vertex -0.207 -4.013 11.507
  vertex -0.354 -3.818 11.673
  vertex -0.216 -3.834 11.677
 endloop
endfacet
facet normal 0.055 0.688 -0.724
 outer loop
  vertex -0.207 -4.013 11.507
  vertex -0.216 -3.834 11.677
  vertex 0.119 -3.852 11.685
 endloop
endfacet
facet normal 0.041 0.702 -0.711
 outer loop
  vertex -0.207 -4.013 11.507
  vertex 0.119 -3.852 11.685
  vertex 0.285 -3.998 11.55
 endloop
endfacet
facet normal 0.012 0.685 -0.728
 outer loop
  vertex 0.285 -3.998 11.55
  vertex 0.119 -3.852 11.685
  vertex 0.26 -3.851 11.688
 endloop
endfacet
facet normal -0.029 0.681 -0.732
 outer loop
  vertex 0.285 -3.998 11.55
  vertex 0.26 -3.851 11.688
  vertex 0.594 -3.828 11.696
 endloop
endfacet
facet normal -0.046 0.698 -0.715
 outer loop
  vertex 0.285 -3.998 11.55
  vertex 0.594 -3.828 11.696
  vertex 0.772 -3.922 11.593
 endloop
endfacet
facet normal -0.071 0.674 -0.735
 outer loop
  vertex 0.772 -3.922 11.593
  vertex 0.594 -3.828 11.696
  vertex 0.738 -3.809 11.7
 endloop
endfacet
facet normal -0.112 0.665 -0.739
 outer loop
  vertex 0.772 -3.922 11.593
  vertex 0.738 -3.809 11.7
  vertex 1.066 -3.745 11.708
 endloop
endfacet
facet normal -0.133 0.686 -0.716
 outer loop
  vertex 0.772 -3.922 11.593
  vertex 1.066 -3.745 11.708
  vertex 1.246 -3.787 11.634
 endloop
endfacet
facet normal -0.152 0.652 -0.743
 outer loop
  vertex 1.246 -3.787 11.634
  vertex 1.066 -3.745 11.708
  vertex 1.211 -3.707 11.711
 endloop
endfacet
facet normal -0.191 0.638 -0.746
 outer loop
  vertex 1.246 -3.787 11.634
  vertex 1.211 -3.707 11.711
  vertex 1.525 -3.604 11.719
 endloop
endfacet
facet normal -0.222 0.669 -0.71
 outer loop
  vertex 1.246 -3.787 11.634
  vertex 1.525 -3.604 11.719
  vertex 1.699 -3.594 11.674
 endloop
endfacet
facet normal -0.23 0.621 -0.75
 outer loop
  vertex 1.699 -3.594 11.674
  vertex 1.525 -3.604 11.719
  vertex 1.671 -3.546 11.723
 endloop
endfacet
facet normal -0.267 0.602 -0.753
 outer loop
  vertex 1.699 -3.594 11.674
  vertex 1.671 -3.546 11.723
  vertex 1.966 -3.406 11.73
 endloop
endfacet
facet normal -0.323 0.659 -0.679
 outer loop
  vertex 1.699 -3.594 11.674
  vertex 1.966 -3.406 11.73
  vertex 2.126 -3.347 11.711
 endloop
endfacet
facet normal -0.303 0.581 -0.756
 outer loop
  vertex 2.126 -3.347 11.711
  vertex 1.966 -3.406 11.73
  vertex 2.11 -3.326 11.734
 endloop
endfacet
facet normal -0.338 0.557 -0.759
 outer loop
  vertex 2.126 -3.347 11.711
  vertex 2.11 -3.326 11.734
  vertex 2.381 -3.153 11.741
 endloop
endfacet
facet normal -0.555 0.773 -0.307
 outer loop
  vertex 2.381 -3.153 11.741
  vertex 2.495 -3.069 11.743
  vertex 2.126 -3.347 11.711
 endloop
endfacet
facet normal 0.029 -0.681 0.732
 outer loop
  vertex -0.494 3.188 10.531
  vertex -0.372 3.204 10.542
  vertex -0.68 3.968 11.265
 endloop
endfacet
facet normal 0.003 -0.687 0.727
 outer loop
  vertex -0.68 3.968 11.265
  vertex -0.372 3.204 10.542
  vertex -0.248 3.214 10.55
 endloop
endfacet
facet normal 0 -0.688 0.726
 outer loop
  vertex -0.68 3.968 11.265
  vertex -0.248 3.214 10.55
  vertex -0.189 4.013 11.308
 endloop
endfacet
facet normal -0.027 -0.686 0.727
 outer loop
  vertex -0.189 4.013 11.308
  vertex -0.248 3.214 10.55
  vertex -0.099 3.218 10.56
 endloop
endfacet
facet normal -0.068 -0.688 0.723
 outer loop
  vertex -0.189 4.013 11.308
  vertex -0.099 3.218 10.56
  vertex 0.147 3.211 10.576
 endloop
endfacet
facet normal -0.084 -0.69 0.719
 outer loop
  vertex -0.189 4.013 11.308
  vertex 0.147 3.211 10.576
  vertex 0.303 3.998 11.351
 endloop
endfacet
facet normal -0.103 -0.687 0.719
 outer loop
  vertex 0.303 3.998 11.351
  vertex 0.147 3.211 10.576
  vertex 0.222 3.204 10.581
 endloop
endfacet
facet normal -0.119 -0.685 0.719
 outer loop
  vertex 0.303 3.998 11.351
  vertex 0.222 3.204 10.581
  vertex 0.295 3.199 10.587
 endloop
endfacet
facet normal -0.153 -0.682 0.715
 outer loop
  vertex 0.295 3.199 10.587
  vertex 0.541 3.166 10.609
  vertex 0.303 3.998 11.351
 endloop
endfacet
facet normal -0.168 -0.682 0.711
 outer loop
  vertex 0.303 3.998 11.351
  vertex 0.541 3.166 10.609
  vertex 0.789 3.922 11.393
 endloop
endfacet
facet normal -0.195 -0.675 0.712
 outer loop
  vertex 0.541 3.166 10.609
  vertex 0.685 3.138 10.621
  vertex 0.789 3.922 11.393
 endloop
endfacet
facet normal -0.236 -0.665 0.708
 outer loop
  vertex 0.789 3.922 11.393
  vertex 0.685 3.138 10.621
  vertex 0.929 3.074 10.643
 endloop
endfacet
facet normal -0.251 -0.664 0.704
 outer loop
  vertex 0.789 3.922 11.393
  vertex 0.929 3.074 10.643
  vertex 1.263 3.787 11.435
 endloop
endfacet
facet normal -0.277 -0.653 0.705
 outer loop
  vertex 1.263 3.787 11.435
  vertex 0.929 3.074 10.643
  vertex 1.064 3.03 10.655
 endloop
endfacet
facet normal -0.317 -0.639 0.701
 outer loop
  vertex 1.263 3.787 11.435
  vertex 1.064 3.03 10.655
  vertex 1.304 2.933 10.676
 endloop
endfacet
facet normal -0.331 -0.636 0.697
 outer loop
  vertex 1.263 3.787 11.435
  vertex 1.304 2.933 10.676
  vertex 1.717 3.594 11.475
 endloop
endfacet
facet normal -0.356 -0.622 0.698
 outer loop
  vertex 1.717 3.594 11.475
  vertex 1.304 2.933 10.676
  vertex 1.426 2.875 10.686
 endloop
endfacet
facet normal -0.406 -0.596 0.693
 outer loop
  vertex 1.717 3.594 11.475
  vertex 1.426 2.875 10.686
  vertex 2.143 3.347 11.512
 endloop
endfacet
facet normal -0.406 -0.596 0.693
 outer loop
  vertex 2.143 3.347 11.512
  vertex 1.426 2.875 10.686
  vertex 1.768 2.678 10.716
 endloop
endfacet
facet normal -0.476 -0.549 0.687
 outer loop
  vertex 2.143 3.347 11.512
  vertex 1.768 2.678 10.716
  vertex 2.536 3.049 11.546
 endloop
endfacet
facet normal -0.476 -0.549 0.687
 outer loop
  vertex 2.536 3.049 11.546
  vertex 1.768 2.678 10.716
  vertex 2.082 2.439 10.744
 endloop
endfacet
facet normal -0.54 -0.494 0.681
 outer loop
  vertex 2.536 3.049 11.546
  vertex 2.082 2.439 10.744
  vertex 2.89 2.705 11.577
 endloop
endfacet
facet normal -0.54 -0.494 0.681
 outer loop
  vertex 2.89 2.705 11.577
  vertex 2.082 2.439 10.744
  vertex 2.365 2.164 10.768
 endloop
endfacet
facet normal -0.597 -0.431 0.676
 outer loop
  vertex 2.89 2.705 11.577
  vertex 2.365 2.164 10.768
  vertex 3.199 2.32 11.604
 endloop
endfacet
facet normal -0.597 -0.431 0.676
 outer loop
  vertex 3.199 2.32 11.604
  vertex 2.365 2.164 10.768
  vertex 2.612 1.856 10.79
 endloop
endfacet
facet normal -0.646 -0.362 0.672
 outer loop
  vertex 3.199 2.32 11.604
  vertex 2.612 1.856 10.79
  vertex 3.458 1.9 11.627
 endloop
endfacet
facet normal -0.646 -0.362 0.672
 outer loop
  vertex 3.458 1.9 11.627
  vertex 2.612 1.856 10.79
  vertex 2.819 1.52 10.808
 endloop
endfacet
facet normal -0.686 -0.288 0.668
 outer loop
  vertex 3.458 1.9 11.627
  vertex 2.819 1.52 10.808
  vertex 3.664 1.45 11.645
 endloop
endfacet
facet normal -0.686 -0.288 0.668
 outer loop
  vertex 3.664 1.45 11.645
  vertex 2.819 1.52 10.808
  vertex 2.984 1.16 10.823
 endloop
endfacet
facet normal -0.716 -0.209 0.666
 outer loop
  vertex 3.664 1.45 11.645
  vertex 2.984 1.16 10.823
  vertex 3.813 0.979 11.658
 endloop
endfacet
facet normal -0.716 -0.209 0.666
 outer loop
  vertex 3.813 0.979 11.658
  vertex 2.984 1.16 10.823
  vertex 3.103 0.784 10.833
 endloop
endfacet
facet normal -0.737 -0.126 0.664
 outer loop
  vertex 3.813 0.979 11.658
  vertex 3.103 0.784 10.833
  vertex 3.903 0.493 11.666
 endloop
endfacet
facet normal -0.737 -0.126 0.664
 outer loop
  vertex 3.903 0.493 11.666
  vertex 3.103 0.784 10.833
  vertex 3.176 0.395 10.839
 endloop
endfacet
facet normal -0.747 -0.042 0.663
 outer loop
  vertex 3.903 0.493 11.666
  vertex 3.176 0.395 10.839
  vertex 3.934 -0 11.669
 endloop
endfacet
facet normal -0.747 -0.042 0.663
 outer loop
  vertex 3.934 -0 11.669
  vertex 3.176 0.395 10.839
  vertex 3.2 -0 10.841
 endloop
endfacet
facet normal -0.747 0.042 0.663
 outer loop
  vertex 3.934 -0 11.669
  vertex 3.2 -0 10.841
  vertex 3.903 -0.493 11.666
 endloop
endfacet
facet normal -0.747 0.042 0.663
 outer loop
  vertex 3.903 -0.493 11.666
  vertex 3.2 -0 10.841
  vertex 3.176 -0.395 10.839
 endloop
endfacet
facet normal -0.737 0.126 0.664
 outer loop
  vertex 3.903 -0.493 11.666
  vertex 3.176 -0.395 10.839
  vertex 3.813 -0.979 11.658
 endloop
endfacet
facet normal -0.737 0.126 0.664
 outer loop
  vertex 3.813 -0.979 11.658
  vertex 3.176 -0.395 10.839
  vertex 3.103 -0.784 10.833
 endloop
endfacet
facet normal -0.716 0.209 0.666
 outer loop
  vertex 3.813 -0.979 11.658
  vertex 3.103 -0.784 10.833
  vertex 3.664 -1.45 11.645
 endloop
endfacet
facet normal -0.716 0.209 0.666
 outer loop
  vertex 3.664 -1.45 11.645
  vertex 3.103 -0.784 10.833
  vertex 2.984 -1.16 10.823
 endloop
endfacet
facet normal -0.686 0.288 0.668
 outer loop
  vertex 3.664 -1.45 11.645
  vertex 2.984 -1.16 10.823
  vertex 3.458 -1.9 11.627
 endloop
endfacet
facet normal -0.686 0.288 0.668
 outer loop
  vertex 3.458 -1.9 11.627
  vertex 2.984 -1.16 10.823
  vertex 2.819 -1.52 10.808
 endloop
endfacet
facet normal -0.646 0.362 0.672
 outer loop
  vertex 3.458 -1.9 11.627
  vertex 2.819 -1.52 10.808
  vertex 3.199 -2.32 11.604
 endloop
endfacet
facet normal -0.646 0.362 0.672
 outer loop
  vertex 3.199 -2.32 11.604
  vertex 2.819 -1.52 10.808
  vertex 2.612 -1.856 10.79
 endloop
endfacet
facet normal -0.597 0.431 0.676
 outer loop
  vertex 3.199 -2.32 11.604
  vertex 2.612 -1.856 10.79
  vertex 2.89 -2.705 11.577
 endloop
endfacet
facet normal -0.597 0.431 0.676
 outer loop
  vertex 2.89 -2.705 11.577
  vertex 2.612 -1.856 10.79
  vertex 2.365 -2.164 10.768
 endloop
endfacet
facet normal -0.54 0.494 0.681
 outer loop
  vertex 2.89 -2.705 11.577
  vertex 2.365 -2.164 10.768
  vertex 2.536 -3.049 11.546
 endloop
endfacet
facet normal -0.54 0.494 0.681
 outer loop
  vertex 2.536 -3.049 11.546
  vertex 2.365 -2.164 10.768
  vertex 2.082 -2.439 10.744
 endloop
endfacet
facet normal -0.476 0.549 0.687
 outer loop
  vertex 2.536 -3.049 11.546
  vertex 2.082 -2.439 10.744
  vertex 2.143 -3.347 11.512
 endloop
endfacet
facet normal -0.476 0.549 0.687
 outer loop
  vertex 2.143 -3.347 11.512
  vertex 2.082 -2.439 10.744
  vertex 1.768 -2.678 10.716
 endloop
endfacet
facet normal -0.406 0.596 0.693
 outer loop
  vertex 2.143 -3.347 11.512
  vertex 1.768 -2.678 10.716
  vertex 1.717 -3.594 11.475
 endloop
endfacet
facet normal -0.406 0.596 0.693
 outer loop
  vertex 1.717 -3.594 11.475
  vertex 1.768 -2.678 10.716
  vertex 1.426 -2.875 10.686
 endloop
endfacet
facet normal -0.356 0.622 0.698
 outer loop
  vertex 1.717 -3.594 11.475
  vertex 1.426 -2.875 10.686
  vertex 1.304 -2.933 10.676
 endloop
endfacet
facet normal -0.331 0.636 0.697
 outer loop
  vertex 1.717 -3.594 11.475
  vertex 1.304 -2.933 10.676
  vertex 1.263 -3.787 11.435
 endloop
endfacet
facet normal -0.317 0.639 0.701
 outer loop
  vertex 1.263 -3.787 11.435
  vertex 1.304 -2.933 10.676
  vertex 1.064 -3.03 10.655
 endloop
endfacet
facet normal -0.277 0.653 0.705
 outer loop
  vertex 1.263 -3.787 11.435
  vertex 1.064 -3.03 10.655
  vertex 0.929 -3.074 10.643
 endloop
endfacet
facet normal -0.251 0.664 0.704
 outer loop
  vertex 1.263 -3.787 11.435
  vertex 0.929 -3.074 10.643
  vertex 0.789 -3.922 11.393
 endloop
endfacet
facet normal -0.236 0.665 0.708
 outer loop
  vertex 0.789 -3.922 11.393
  vertex 0.929 -3.074 10.643
  vertex 0.685 -3.138 10.621
 endloop
endfacet
facet normal -0.195 0.675 0.712
 outer loop
  vertex 0.789 -3.922 11.393
  vertex 0.685 -3.138 10.621
  vertex 0.541 -3.166 10.609
 endloop
endfacet
facet normal -0.168 0.682 0.711
 outer loop
  vertex 0.789 -3.922 11.393
  vertex 0.541 -3.166 10.609
  vertex 0.303 -3.998 11.351
 endloop
endfacet
facet normal -0.153 0.682 0.715
 outer loop
  vertex 0.303 -3.998 11.351
  vertex 0.541 -3.166 10.609
  vertex 0.295 -3.199 10.587
 endloop
endfacet
facet normal -0.119 0.685 0.719
 outer loop
  vertex 0.303 -3.998 11.351
  vertex 0.295 -3.199 10.587
  vertex 0.222 -3.204 10.581
 endloop
endfacet
facet normal -0.103 0.687 0.719
 outer loop
  vertex 0.222 -3.204 10.581
  vertex 0.147 -3.211 10.576
  vertex 0.303 -3.998 11.351
 endloop
endfacet
facet normal -0.084 0.69 0.719
 outer loop
  vertex 0.303 -3.998 11.351
  vertex 0.147 -3.211 10.576
  vertex -0.189 -4.013 11.308
 endloop
endfacet
facet normal -0.068 0.688 0.723
 outer loop
  vertex 0.147 -3.211 10.576
  vertex -0.099 -3.218 10.56
  vertex -0.189 -4.013 11.308
 endloop
endfacet
facet normal -0.027 0.686 0.727
 outer loop
  vertex -0.189 -4.013 11.308
  vertex -0.099 -3.218 10.56
  vertex -0.248 -3.214 10.55
 endloop
endfacet
facet normal 0 0.688 0.726
 outer loop
  vertex -0.189 -4.013 11.308
  vertex -0.248 -3.214 10.55
  vertex -0.68 -3.968 11.265
 endloop
endfacet
facet normal 0.003 0.687 0.727
 outer loop
  vertex -0.68 -3.968 11.265
  vertex -0.248 -3.214 10.55
  vertex -0.372 -3.204 10.542
 endloop
endfacet
facet normal 0.029 0.681 0.732
 outer loop
  vertex -0.68 -3.968 11.265
  vertex -0.372 -3.204 10.542
  vertex -0.494 -3.188 10.531
 endloop
endfacet
facet normal 0.057 0.677 0.734
 outer loop
  vertex -0.494 -3.188 10.531
  vertex -0.638 -3.162 10.519
  vertex -0.68 -3.968 11.265
 endloop
endfacet
facet normal 0.084 0.675 0.733
 outer loop
  vertex -0.68 -3.968 11.265
  vertex -0.638 -3.162 10.519
  vertex -1.161 -3.862 11.223
 endloop
endfacet
facet normal 0.098 0.668 0.737
 outer loop
  vertex -0.638 -3.162 10.519
  vertex -0.881 -3.103 10.498
  vertex -1.161 -3.862 11.223
 endloop
endfacet
facet normal 0.139 0.657 0.741
 outer loop
  vertex -1.161 -3.862 11.223
  vertex -0.881 -3.103 10.498
  vertex -1.016 -3.061 10.486
 endloop
endfacet
facet normal 0.166 0.651 0.74
 outer loop
  vertex -1.161 -3.862 11.223
  vertex -1.016 -3.061 10.486
  vertex -1.625 -3.698 11.182
 endloop
endfacet
facet normal 0.179 0.643 0.744
 outer loop
  vertex -1.625 -3.698 11.182
  vertex -1.016 -3.061 10.486
  vertex -1.254 -2.971 10.465
 endloop
endfacet
facet normal 0.217 0.627 0.748
 outer loop
  vertex -1.625 -3.698 11.182
  vertex -1.254 -2.971 10.465
  vertex -1.377 -2.915 10.454
 endloop
endfacet
facet normal 0.244 0.618 0.747
 outer loop
  vertex -1.625 -3.698 11.182
  vertex -1.377 -2.915 10.454
  vertex -2.066 -3.477 11.144
 endloop
endfacet
facet normal 0.255 0.609 0.751
 outer loop
  vertex -2.066 -3.477 11.144
  vertex -1.377 -2.915 10.454
  vertex -1.608 -2.794 10.434
 endloop
endfacet
facet normal 0.315 0.574 0.756
 outer loop
  vertex -2.066 -3.477 11.144
  vertex -1.608 -2.794 10.434
  vertex -2.477 -3.204 11.108
 endloop
endfacet
facet normal 0.315 0.574 0.756
 outer loop
  vertex -2.477 -3.204 11.108
  vertex -1.608 -2.794 10.434
  vertex -1.938 -2.574 10.405
 endloop
endfacet
facet normal 0.383 0.523 0.762
 outer loop
  vertex -2.477 -3.204 11.108
  vertex -1.938 -2.574 10.405
  vertex -2.851 -2.883 11.075
 endloop
endfacet
facet normal 0.383 0.523 0.762
 outer loop
  vertex -2.851 -2.883 11.075
  vertex -1.938 -2.574 10.405
  vertex -2.238 -2.316 10.379
 endloop
endfacet
facet normal 0.443 0.464 0.767
 outer loop
  vertex -2.851 -2.883 11.075
  vertex -2.238 -2.316 10.379
  vertex -3.183 -2.517 11.046
 endloop
endfacet
facet normal 0.443 0.464 0.767
 outer loop
  vertex -3.183 -2.517 11.046
  vertex -2.238 -2.316 10.379
  vertex -2.505 -2.022 10.355
 endloop
endfacet
facet normal 0.496 0.398 0.772
 outer loop
  vertex -3.183 -2.517 11.046
  vertex -2.505 -2.022 10.355
  vertex -3.467 -2.114 11.021
 endloop
endfacet
facet normal 0.496 0.398 0.772
 outer loop
  vertex -3.467 -2.114 11.021
  vertex -2.505 -2.022 10.355
  vertex -2.734 -1.698 10.335
 endloop
endfacet
facet normal 0.541 0.326 0.776
 outer loop
  vertex -3.467 -2.114 11.021
  vertex -2.734 -1.698 10.335
  vertex -3.7 -1.678 11.001
 endloop
endfacet
facet normal 0.541 0.326 0.776
 outer loop
  vertex -3.7 -1.678 11.001
  vertex -2.734 -1.698 10.335
  vertex -2.921 -1.348 10.319
 endloop
endfacet
facet normal 0.576 0.248 0.779
 outer loop
  vertex -3.7 -1.678 11.001
  vertex -2.921 -1.348 10.319
  vertex -3.878 -1.217 10.985
 endloop
endfacet
facet normal 0.576 0.249 0.779
 outer loop
  vertex -3.878 -1.217 10.985
  vertex -2.921 -1.348 10.319
  vertex -3.064 -0.978 10.307
 endloop
endfacet
facet normal 0.602 0.168 0.781
 outer loop
  vertex -3.878 -1.217 10.985
  vertex -3.064 -0.978 10.307
  vertex -3.998 -0.738 10.975
 endloop
endfacet
facet normal 0.602 0.168 0.781
 outer loop
  vertex -3.998 -0.738 10.975
  vertex -3.064 -0.978 10.307
  vertex -3.16 -0.593 10.298
 endloop
endfacet
facet normal 0.617 0.085 0.782
 outer loop
  vertex -3.998 -0.738 10.975
  vertex -3.16 -0.593 10.298
  vertex -4.059 -0.247 10.969
 endloop
endfacet
facet normal 0.617 0.085 0.782
 outer loop
  vertex -4.059 -0.247 10.969
  vertex -3.16 -0.593 10.298
  vertex -3.209 -0.199 10.294
 endloop
endfacet
facet normal 0.621 0.021 0.783
 outer loop
  vertex -4.059 -0.247 10.969
  vertex -3.209 -0.199 10.294
  vertex -4.066 0 10.969
 endloop
endfacet
facet normal 0.618 0 0.786
 outer loop
  vertex -4.066 0 10.969
  vertex -3.209 -0.199 10.294
  vertex -3.209 0.199 10.294
 endloop
endfacet
facet normal 0.621 -0.021 0.783
 outer loop
  vertex -4.066 0 10.969
  vertex -3.209 0.199 10.294
  vertex -4.059 0.247 10.969
 endloop
endfacet
facet normal 0.617 -0.085 0.782
 outer loop
  vertex -4.059 0.247 10.969
  vertex -3.209 0.199 10.294
  vertex -3.998 0.738 10.975
 endloop
endfacet
facet normal 0.617 -0.085 0.782
 outer loop
  vertex -3.209 0.199 10.294
  vertex -3.16 0.593 10.298
  vertex -3.998 0.738 10.975
 endloop
endfacet
facet normal 0.602 -0.168 0.781
 outer loop
  vertex -3.998 0.738 10.975
  vertex -3.16 0.593 10.298
  vertex -3.878 1.217 10.985
 endloop
endfacet
facet normal 0.602 -0.168 0.781
 outer loop
  vertex -3.16 0.593 10.298
  vertex -3.064 0.978 10.307
  vertex -3.878 1.217 10.985
 endloop
endfacet
facet normal 0.576 -0.248 0.779
 outer loop
  vertex -3.878 1.217 10.985
  vertex -3.064 0.978 10.307
  vertex -3.7 1.678 11.001
 endloop
endfacet
facet normal 0.576 -0.249 0.779
 outer loop
  vertex -3.064 0.978 10.307
  vertex -2.921 1.348 10.319
  vertex -3.7 1.678 11.001
 endloop
endfacet
facet normal 0.541 -0.326 0.776
 outer loop
  vertex -3.7 1.678 11.001
  vertex -2.921 1.348 10.319
  vertex -3.467 2.114 11.021
 endloop
endfacet
facet normal 0.541 -0.326 0.776
 outer loop
  vertex -2.921 1.348 10.319
  vertex -2.734 1.698 10.335
  vertex -3.467 2.114 11.021
 endloop
endfacet
facet normal 0.496 -0.398 0.772
 outer loop
  vertex -3.467 2.114 11.021
  vertex -2.734 1.698 10.335
  vertex -3.183 2.517 11.046
 endloop
endfacet
facet normal 0.496 -0.398 0.772
 outer loop
  vertex -2.734 1.698 10.335
  vertex -2.505 2.022 10.355
  vertex -3.183 2.517 11.046
 endloop
endfacet
facet normal 0.443 -0.464 0.767
 outer loop
  vertex -3.183 2.517 11.046
  vertex -2.505 2.022 10.355
  vertex -2.851 2.883 11.075
 endloop
endfacet
facet normal 0.443 -0.464 0.767
 outer loop
  vertex -2.505 2.022 10.355
  vertex -2.238 2.316 10.379
  vertex -2.851 2.883 11.075
 endloop
endfacet
facet normal 0.383 -0.523 0.762
 outer loop
  vertex -2.851 2.883 11.075
  vertex -2.238 2.316 10.379
  vertex -2.477 3.204 11.108
 endloop
endfacet
facet normal 0.383 -0.523 0.762
 outer loop
  vertex -2.238 2.316 10.379
  vertex -1.938 2.574 10.405
  vertex -2.477 3.204 11.108
 endloop
endfacet
facet normal 0.315 -0.574 0.756
 outer loop
  vertex -2.477 3.204 11.108
  vertex -1.938 2.574 10.405
  vertex -2.066 3.477 11.144
 endloop
endfacet
facet normal 0.315 -0.574 0.756
 outer loop
  vertex -1.938 2.574 10.405
  vertex -1.608 2.794 10.434
  vertex -2.066 3.477 11.144
 endloop
endfacet
facet normal 0.255 -0.609 0.751
 outer loop
  vertex -2.066 3.477 11.144
  vertex -1.608 2.794 10.434
  vertex -1.377 2.915 10.454
 endloop
endfacet
facet normal 0.244 -0.618 0.747
 outer loop
  vertex -2.066 3.477 11.144
  vertex -1.377 2.915 10.454
  vertex -1.625 3.698 11.182
 endloop
endfacet
facet normal 0.217 -0.627 0.748
 outer loop
  vertex -1.625 3.698 11.182
  vertex -1.377 2.915 10.454
  vertex -1.254 2.971 10.465
 endloop
endfacet
facet normal 0.179 -0.643 0.744
 outer loop
  vertex -1.625 3.698 11.182
  vertex -1.254 2.971 10.465
  vertex -1.016 3.061 10.486
 endloop
endfacet
facet normal 0.166 -0.651 0.74
 outer loop
  vertex -1.625 3.698 11.182
  vertex -1.016 3.061 10.486
  vertex -1.161 3.862 11.223
 endloop
endfacet
facet normal 0.139 -0.657 0.741
 outer loop
  vertex -1.161 3.862 11.223
  vertex -1.016 3.061 10.486
  vertex -0.881 3.103 10.498
 endloop
endfacet
facet normal 0.098 -0.668 0.737
 outer loop
  vertex -1.161 3.862 11.223
  vertex -0.881 3.103 10.498
  vertex -0.638 3.162 10.519
 endloop
endfacet
facet normal 0.084 -0.675 0.733
 outer loop
  vertex -1.161 3.862 11.223
  vertex -0.638 3.162 10.519
  vertex -0.68 3.968 11.265
 endloop
endfacet
facet normal 0.057 -0.677 0.734
 outer loop
  vertex -0.68 3.968 11.265
  vertex -0.638 3.162 10.519
  vertex -0.494 3.188 10.531
 endloop
endfacet
facet normal -0.089 -0.017 0.996
 outer loop
  vertex 0.222 3.204 10.581
  vertex 0.295 3.195 10.587
  vertex 0.295 3.199 10.587
 endloop
endfacet
facet normal -0.09 -0.017 0.996
 outer loop
  vertex 0.295 3.199 10.587
  vertex 0.295 3.195 10.587
  vertex 0.539 3.151 10.609
 endloop
endfacet
facet normal -0.087 0.001 0.996
 outer loop
  vertex 0.295 3.199 10.587
  vertex 0.539 3.151 10.609
  vertex 0.541 3.166 10.609
 endloop
endfacet
facet normal -0.087 0.001 0.996
 outer loop
  vertex 0.541 3.166 10.609
  vertex 0.539 3.151 10.609
  vertex 0.685 3.138 10.621
 endloop
endfacet
facet normal -0.088 -0.001 0.996
 outer loop
  vertex 0.539 3.151 10.609
  vertex 0.679 3.117 10.621
  vertex 0.685 3.138 10.621
 endloop
endfacet
facet normal -0.087 -0.001 0.996
 outer loop
  vertex 0.685 3.138 10.621
  vertex 0.679 3.117 10.621
  vertex 0.919 3.043 10.642
 endloop
endfacet
facet normal -0.087 0.001 0.996
 outer loop
  vertex 0.685 3.138 10.621
  vertex 0.919 3.043 10.642
  vertex 0.929 3.074 10.643
 endloop
endfacet
facet normal -0.087 0.001 0.996
 outer loop
  vertex 0.929 3.074 10.643
  vertex 0.919 3.043 10.642
  vertex 1.064 3.03 10.655
 endloop
endfacet
facet normal -0.087 -0.001 0.996
 outer loop
  vertex 0.919 3.043 10.642
  vertex 1.049 2.994 10.653
  vertex 1.064 3.03 10.655
 endloop
endfacet
facet normal -0.088 -0.001 0.996
 outer loop
  vertex 1.064 3.03 10.655
  vertex 1.049 2.994 10.653
  vertex 1.284 2.888 10.674
 endloop
endfacet
facet normal -0.086 0.001 0.996
 outer loop
  vertex 1.064 3.03 10.655
  vertex 1.284 2.888 10.674
  vertex 1.304 2.933 10.676
 endloop
endfacet
facet normal -0.086 0.001 0.996
 outer loop
  vertex 1.304 2.933 10.676
  vertex 1.284 2.888 10.674
  vertex 1.426 2.875 10.686
 endloop
endfacet
facet normal -0.087 0 0.996
 outer loop
  vertex 1.284 2.888 10.674
  vertex 1.4 2.827 10.684
  vertex 1.426 2.875 10.686
 endloop
endfacet
facet normal -0.087 0 0.996
 outer loop
  vertex 1.426 2.875 10.686
  vertex 1.4 2.827 10.684
  vertex 1.626 2.689 10.704
 endloop
endfacet
facet normal -0.088 -0 0.996
 outer loop
  vertex 1.426 2.875 10.686
  vertex 1.626 2.689 10.704
  vertex 1.768 2.678 10.716
 endloop
endfacet
facet normal -0.088 -0 0.996
 outer loop
  vertex 1.768 2.678 10.716
  vertex 1.626 2.689 10.704
  vertex 1.942 2.45 10.731
 endloop
endfacet
facet normal -0.087 0 0.996
 outer loop
  vertex 1.768 2.678 10.716
  vertex 1.942 2.45 10.731
  vertex 2.082 2.439 10.744
 endloop
endfacet
facet normal -0.087 0 0.996
 outer loop
  vertex 2.082 2.439 10.744
  vertex 1.942 2.45 10.731
  vertex 2.226 2.173 10.756
 endloop
endfacet
facet normal -0.088 -0 0.996
 outer loop
  vertex 2.082 2.439 10.744
  vertex 2.226 2.173 10.756
  vertex 2.365 2.164 10.768
 endloop
endfacet
facet normal -0.088 -0 0.996
 outer loop
  vertex 2.365 2.164 10.768
  vertex 2.226 2.173 10.756
  vertex 2.474 1.864 10.778
 endloop
endfacet
facet normal -0.088 -0 0.996
 outer loop
  vertex 2.365 2.164 10.768
  vertex 2.474 1.864 10.778
  vertex 2.612 1.856 10.79
 endloop
endfacet
facet normal -0.088 -0 0.996
 outer loop
  vertex 2.612 1.856 10.79
  vertex 2.474 1.864 10.778
  vertex 2.683 1.526 10.796
 endloop
endfacet
facet normal -0.087 0 0.996
 outer loop
  vertex 2.612 1.856 10.79
  vertex 2.683 1.526 10.796
  vertex 2.819 1.52 10.808
 endloop
endfacet
facet normal -0.087 -0 0.996
 outer loop
  vertex 2.819 1.52 10.808
  vertex 2.683 1.526 10.796
  vertex 2.848 1.165 10.811
 endloop
endfacet
facet normal -0.087 -0 0.996
 outer loop
  vertex 2.819 1.52 10.808
  vertex 2.848 1.165 10.811
  vertex 2.984 1.16 10.823
 endloop
endfacet
facet normal -0.087 -0 0.996
 outer loop
  vertex 2.984 1.16 10.823
  vertex 2.848 1.165 10.811
  vertex 2.968 0.787 10.821
 endloop
endfacet
facet normal -0.088 0 0.996
 outer loop
  vertex 2.984 1.16 10.823
  vertex 2.968 0.787 10.821
  vertex 3.103 0.784 10.833
 endloop
endfacet
facet normal -0.088 0 0.996
 outer loop
  vertex 3.103 0.784 10.833
  vertex 2.968 0.787 10.821
  vertex 3.041 0.396 10.828
 endloop
endfacet
facet normal -0.087 -0 0.996
 outer loop
  vertex 3.103 0.784 10.833
  vertex 3.041 0.396 10.828
  vertex 3.176 0.395 10.839
 endloop
endfacet
facet normal -0.087 -0 0.996
 outer loop
  vertex 3.176 0.395 10.839
  vertex 3.041 0.396 10.828
  vertex 3.065 0 10.83
 endloop
endfacet
facet normal -0.087 -0 0.996
 outer loop
  vertex 3.176 0.395 10.839
  vertex 3.065 0 10.83
  vertex 3.2 -0 10.841
 endloop
endfacet
facet normal -0.087 0 0.996
 outer loop
  vertex 3.2 -0 10.841
  vertex 3.065 0 10.83
  vertex 3.176 -0.395 10.839
 endloop
endfacet
facet normal -0.087 0 0.996
 outer loop
  vertex 3.065 0 10.83
  vertex 3.041 -0.396 10.828
  vertex 3.176 -0.395 10.839
 endloop
endfacet
facet normal -0.087 0 0.996
 outer loop
  vertex 3.176 -0.395 10.839
  vertex 3.041 -0.396 10.828
  vertex 3.103 -0.784 10.833
 endloop
endfacet
facet normal -0.088 -0 0.996
 outer loop
  vertex 3.041 -0.396 10.828
  vertex 2.968 -0.787 10.821
  vertex 3.103 -0.784 10.833
 endloop
endfacet
facet normal -0.088 -0 0.996
 outer loop
  vertex 3.103 -0.784 10.833
  vertex 2.968 -0.787 10.821
  vertex 2.984 -1.16 10.823
 endloop
endfacet
facet normal -0.087 0 0.996
 outer loop
  vertex 2.968 -0.787 10.821
  vertex 2.848 -1.165 10.811
  vertex 2.984 -1.16 10.823
 endloop
endfacet
facet normal -0.087 0 0.996
 outer loop
  vertex 2.984 -1.16 10.823
  vertex 2.848 -1.165 10.811
  vertex 2.819 -1.52 10.808
 endloop
endfacet
facet normal -0.087 0 0.996
 outer loop
  vertex 2.848 -1.165 10.811
  vertex 2.683 -1.526 10.796
  vertex 2.819 -1.52 10.808
 endloop
endfacet
facet normal -0.087 -0 0.996
 outer loop
  vertex 2.819 -1.52 10.808
  vertex 2.683 -1.526 10.796
  vertex 2.612 -1.856 10.79
 endloop
endfacet
facet normal -0.088 0 0.996
 outer loop
  vertex 2.683 -1.526 10.796
  vertex 2.474 -1.864 10.778
  vertex 2.612 -1.856 10.79
 endloop
endfacet
facet normal -0.088 0 0.996
 outer loop
  vertex 2.612 -1.856 10.79
  vertex 2.474 -1.864 10.778
  vertex 2.365 -2.164 10.768
 endloop
endfacet
facet normal -0.088 0 0.996
 outer loop
  vertex 2.474 -1.864 10.778
  vertex 2.226 -2.173 10.756
  vertex 2.365 -2.164 10.768
 endloop
endfacet
facet normal -0.088 0 0.996
 outer loop
  vertex 2.365 -2.164 10.768
  vertex 2.226 -2.173 10.756
  vertex 2.082 -2.439 10.744
 endloop
endfacet
facet normal -0.087 -0 0.996
 outer loop
  vertex 2.226 -2.173 10.756
  vertex 1.942 -2.45 10.731
  vertex 2.082 -2.439 10.744
 endloop
endfacet
facet normal -0.087 -0 0.996
 outer loop
  vertex 2.082 -2.439 10.744
  vertex 1.942 -2.45 10.731
  vertex 1.768 -2.678 10.716
 endloop
endfacet
facet normal -0.088 0 0.996
 outer loop
  vertex 1.942 -2.45 10.731
  vertex 1.626 -2.689 10.704
  vertex 1.768 -2.678 10.716
 endloop
endfacet
facet normal -0.088 0 0.996
 outer loop
  vertex 1.768 -2.678 10.716
  vertex 1.626 -2.689 10.704
  vertex 1.426 -2.875 10.686
 endloop
endfacet
facet normal -0.087 -0 0.996
 outer loop
  vertex 1.626 -2.689 10.704
  vertex 1.4 -2.827 10.684
  vertex 1.426 -2.875 10.686
 endloop
endfacet
facet normal -0.087 -0 0.996
 outer loop
  vertex 1.426 -2.875 10.686
  vertex 1.4 -2.827 10.684
  vertex 1.284 -2.888 10.674
 endloop
endfacet
facet normal -0.086 -0.001 0.996
 outer loop
  vertex 1.426 -2.875 10.686
  vertex 1.284 -2.888 10.674
  vertex 1.304 -2.933 10.676
 endloop
endfacet
facet normal -0.086 -0.001 0.996
 outer loop
  vertex 1.304 -2.933 10.676
  vertex 1.284 -2.888 10.674
  vertex 1.064 -3.03 10.655
 endloop
endfacet
facet normal -0.088 0.001 0.996
 outer loop
  vertex 1.284 -2.888 10.674
  vertex 1.049 -2.994 10.653
  vertex 1.064 -3.03 10.655
 endloop
endfacet
facet normal -0.087 0.001 0.996
 outer loop
  vertex 1.064 -3.03 10.655
  vertex 1.049 -2.994 10.653
  vertex 0.919 -3.043 10.642
 endloop
endfacet
facet normal -0.087 -0.001 0.996
 outer loop
  vertex 1.064 -3.03 10.655
  vertex 0.919 -3.043 10.642
  vertex 0.929 -3.074 10.643
 endloop
endfacet
facet normal -0.087 -0.001 0.996
 outer loop
  vertex 0.929 -3.074 10.643
  vertex 0.919 -3.043 10.642
  vertex 0.685 -3.138 10.621
 endloop
endfacet
facet normal -0.087 0.001 0.996
 outer loop
  vertex 0.919 -3.043 10.642
  vertex 0.679 -3.117 10.621
  vertex 0.685 -3.138 10.621
 endloop
endfacet
facet normal -0.088 0.001 0.996
 outer loop
  vertex 0.685 -3.138 10.621
  vertex 0.679 -3.117 10.621
  vertex 0.539 -3.151 10.609
 endloop
endfacet
facet normal -0.087 -0.001 0.996
 outer loop
  vertex 0.685 -3.138 10.621
  vertex 0.539 -3.151 10.609
  vertex 0.541 -3.166 10.609
 endloop
endfacet
facet normal -0.087 -0.001 0.996
 outer loop
  vertex 0.541 -3.166 10.609
  vertex 0.539 -3.151 10.609
  vertex 0.295 -3.199 10.587
 endloop
endfacet
facet normal -0.09 0.017 0.996
 outer loop
  vertex 0.539 -3.151 10.609
  vertex 0.295 -3.195 10.587
  vertex 0.295 -3.199 10.587
 endloop
endfacet
facet normal -0.089 0.017 0.996
 outer loop
  vertex 0.295 -3.199 10.587
  vertex 0.295 -3.195 10.587
  vertex 0.222 -3.204 10.581
 endloop
endfacet
facet normal 0.236 -0.665 -0.708
 outer loop
  vertex -0.886 3.126 10.497
  vertex -1.026 3.09 10.485
  vertex -1.178 3.862 9.709
 endloop
endfacet
facet normal 0.277 -0.653 -0.705
 outer loop
  vertex -1.178 3.862 9.709
  vertex -1.026 3.09 10.485
  vertex -1.268 3.01 10.464
 endloop
endfacet
facet normal 0.292 -0.651 -0.701
 outer loop
  vertex -1.178 3.862 9.709
  vertex -1.268 3.01 10.464
  vertex -1.643 3.698 9.668
 endloop
endfacet
facet normal 0.317 -0.639 -0.701
 outer loop
  vertex -1.643 3.698 9.668
  vertex -1.268 3.01 10.464
  vertex -1.397 2.958 10.452
 endloop
endfacet
facet normal 0.369 -0.616 -0.696
 outer loop
  vertex -1.643 3.698 9.668
  vertex -1.397 2.958 10.452
  vertex -2.084 3.477 9.629
 endloop
endfacet
facet normal 0.369 -0.616 -0.696
 outer loop
  vertex -2.084 3.477 9.629
  vertex -1.397 2.958 10.452
  vertex -1.75 2.782 10.422
 endloop
endfacet
facet normal 0.442 -0.574 -0.69
 outer loop
  vertex -2.084 3.477 9.629
  vertex -1.75 2.782 10.422
  vertex -2.494 3.204 9.593
 endloop
endfacet
facet normal 0.442 -0.573 -0.69
 outer loop
  vertex -2.494 3.204 9.593
  vertex -1.75 2.782 10.422
  vertex -2.078 2.563 10.393
 endloop
endfacet
facet normal 0.509 -0.523 -0.684
 outer loop
  vertex -2.494 3.204 9.593
  vertex -2.078 2.563 10.393
  vertex -2.868 2.883 9.561
 endloop
endfacet
facet normal 0.509 -0.523 -0.684
 outer loop
  vertex -2.868 2.883 9.561
  vertex -2.078 2.563 10.393
  vertex -2.378 2.306 10.367
 endloop
endfacet
facet normal 0.57 -0.464 -0.679
 outer loop
  vertex -2.868 2.883 9.561
  vertex -2.378 2.306 10.367
  vertex -3.2 2.517 9.532
 endloop
endfacet
facet normal 0.57 -0.463 -0.679
 outer loop
  vertex -3.2 2.517 9.532
  vertex -2.378 2.306 10.367
  vertex -2.643 2.014 10.343
 endloop
endfacet
facet normal 0.623 -0.398 -0.674
 outer loop
  vertex -3.2 2.517 9.532
  vertex -2.643 2.014 10.343
  vertex -3.485 2.114 9.507
 endloop
endfacet
facet normal 0.623 -0.398 -0.674
 outer loop
  vertex -3.485 2.114 9.507
  vertex -2.643 2.014 10.343
  vertex -2.871 1.691 10.323
 endloop
endfacet
facet normal 0.667 -0.326 -0.67
 outer loop
  vertex -3.485 2.114 9.507
  vertex -2.871 1.691 10.323
  vertex -3.718 1.678 9.486
 endloop
endfacet
facet normal 0.667 -0.326 -0.67
 outer loop
  vertex -3.718 1.678 9.486
  vertex -2.871 1.691 10.323
  vertex -3.057 1.343 10.307
 endloop
endfacet
facet normal 0.702 -0.249 -0.667
 outer loop
  vertex -3.718 1.678 9.486
  vertex -3.057 1.343 10.307
  vertex -3.895 1.217 9.471
 endloop
endfacet
facet normal 0.702 -0.249 -0.667
 outer loop
  vertex -3.895 1.217 9.471
  vertex -3.057 1.343 10.307
  vertex -3.199 0.974 10.295
 endloop
endfacet
facet normal 0.728 -0.168 -0.665
 outer loop
  vertex -3.895 1.217 9.471
  vertex -3.199 0.974 10.295
  vertex -4.016 0.738 9.46
 endloop
endfacet
facet normal 0.728 -0.168 -0.665
 outer loop
  vertex -4.016 0.738 9.46
  vertex -3.199 0.974 10.295
  vertex -3.295 0.59 10.286
 endloop
endfacet
facet normal 0.744 -0.085 -0.663
 outer loop
  vertex -4.016 0.738 9.46
  vertex -3.295 0.59 10.286
  vertex -4.076 0.247 9.455
 endloop
endfacet
facet normal 0.743 -0.084 -0.663
 outer loop
  vertex -4.076 0.247 9.455
  vertex -3.295 0.59 10.286
  vertex -3.344 0.198 10.282
 endloop
endfacet
facet normal 0.748 -0.021 -0.663
 outer loop
  vertex -4.076 0.247 9.455
  vertex -3.344 0.198 10.282
  vertex -4.084 0 9.454
 endloop
endfacet
facet normal 0.746 0 -0.666
 outer loop
  vertex -4.084 0 9.454
  vertex -3.344 0.198 10.282
  vertex -3.344 -0.198 10.282
 endloop
endfacet
facet normal 0.748 0.021 -0.663
 outer loop
  vertex -4.084 0 9.454
  vertex -3.344 -0.198 10.282
  vertex -4.076 -0.247 9.455
 endloop
endfacet
facet normal 0.743 0.085 -0.663
 outer loop
  vertex -4.076 -0.247 9.455
  vertex -3.344 -0.198 10.282
  vertex -4.016 -0.738 9.46
 endloop
endfacet
facet normal 0.21 -0.675 -0.708
 outer loop
  vertex -1.178 3.862 9.709
  vertex -0.697 3.968 9.751
  vertex -0.886 3.126 10.497
 endloop
endfacet
facet normal 0.195 -0.675 -0.712
 outer loop
  vertex -0.886 3.126 10.497
  vertex -0.697 3.968 9.751
  vertex -0.641 3.174 10.519
 endloop
endfacet
facet normal 0.153 -0.682 -0.716
 outer loop
  vertex -0.641 3.174 10.519
  vertex -0.697 3.968 9.751
  vertex -0.495 3.194 10.531
 endloop
endfacet
facet normal 0.127 -0.688 -0.715
 outer loop
  vertex -0.495 3.194 10.531
  vertex -0.697 3.968 9.751
  vertex -0.207 4.013 9.794
 endloop
endfacet
facet normal 0.124 -0.687 -0.716
 outer loop
  vertex -0.495 3.194 10.531
  vertex -0.207 4.013 9.794
  vertex -0.372 3.204 10.542
 endloop
endfacet
facet normal 0.098 -0.687 -0.72
 outer loop
  vertex -0.372 3.204 10.542
  vertex -0.207 4.013 9.794
  vertex -0.248 3.214 10.55
 endloop
endfacet
facet normal 0.069 -0.687 -0.723
 outer loop
  vertex -0.248 3.214 10.55
  vertex -0.207 4.013 9.794
  vertex -0.099 3.218 10.56
 endloop
endfacet
facet normal 0.042 -0.69 -0.722
 outer loop
  vertex -0.099 3.218 10.56
  vertex -0.207 4.013 9.794
  vertex 0.285 3.998 9.837
 endloop
endfacet
facet normal 0.026 -0.687 -0.727
 outer loop
  vertex -0.099 3.218 10.56
  vertex 0.285 3.998 9.837
  vertex 0.147 3.211 10.576
 endloop
endfacet
facet normal -0.008 -0.684 -0.73
 outer loop
  vertex 0.147 3.211 10.576
  vertex 0.285 3.998 9.837
  vertex 0.222 3.204 10.581
 endloop
endfacet
facet normal -0.024 -0.683 -0.73
 outer loop
  vertex 0.222 3.204 10.581
  vertex 0.285 3.998 9.837
  vertex 0.295 3.195 10.587
 endloop
endfacet
facet normal -0.043 -0.682 -0.73
 outer loop
  vertex 0.295 3.195 10.587
  vertex 0.285 3.998 9.837
  vertex 0.772 3.922 9.879
 endloop
endfacet
facet normal -0.057 -0.677 -0.734
 outer loop
  vertex 0.295 3.195 10.587
  vertex 0.772 3.922 9.879
  vertex 0.539 3.151 10.609
 endloop
endfacet
facet normal -0.098 -0.668 -0.738
 outer loop
  vertex 0.539 3.151 10.609
  vertex 0.772 3.922 9.879
  vertex 0.679 3.117 10.621
 endloop
endfacet
facet normal -0.125 -0.664 -0.737
 outer loop
  vertex 0.772 3.922 9.879
  vertex 1.246 3.787 9.921
  vertex 0.679 3.117 10.621
 endloop
endfacet
facet normal -0.139 -0.657 -0.741
 outer loop
  vertex 0.679 3.117 10.621
  vertex 1.246 3.787 9.921
  vertex 0.919 3.043 10.642
 endloop
endfacet
facet normal -0.178 -0.643 -0.745
 outer loop
  vertex 0.919 3.043 10.642
  vertex 1.246 3.787 9.921
  vertex 1.049 2.994 10.653
 endloop
endfacet
facet normal -0.205 -0.636 -0.744
 outer loop
  vertex 1.049 2.994 10.653
  vertex 1.246 3.787 9.921
  vertex 1.699 3.594 9.96
 endloop
endfacet
facet normal -0.217 -0.627 -0.748
 outer loop
  vertex 1.049 2.994 10.653
  vertex 1.699 3.594 9.96
  vertex 1.284 2.888 10.674
 endloop
endfacet
facet normal -0.255 -0.609 -0.751
 outer loop
  vertex 1.284 2.888 10.674
  vertex 1.699 3.594 9.96
  vertex 1.4 2.827 10.684
 endloop
endfacet
facet normal -0.281 -0.598 -0.751
 outer loop
  vertex 1.699 3.594 9.96
  vertex 2.126 3.347 9.998
  vertex 1.4 2.827 10.684
 endloop
endfacet
facet normal -0.291 -0.588 -0.754
 outer loop
  vertex 1.4 2.827 10.684
  vertex 2.126 3.347 9.998
  vertex 1.626 2.689 10.704
 endloop
endfacet
facet normal -0.35 -0.549 -0.759
 outer loop
  vertex 1.626 2.689 10.704
  vertex 2.126 3.347 9.998
  vertex 1.942 2.45 10.731
 endloop
endfacet
facet normal -0.35 -0.549 -0.759
 outer loop
  vertex 1.942 2.45 10.731
  vertex 2.126 3.347 9.998
  vertex 2.519 3.049 10.032
 endloop
endfacet
facet normal -0.414 -0.494 -0.765
 outer loop
  vertex 1.942 2.45 10.731
  vertex 2.519 3.049 10.032
  vertex 2.226 2.173 10.756
 endloop
endfacet
facet normal -0.414 -0.494 -0.765
 outer loop
  vertex 2.226 2.173 10.756
  vertex 2.519 3.049 10.032
  vertex 2.872 2.705 10.063
 endloop
endfacet
facet normal -0.471 -0.431 -0.77
 outer loop
  vertex 2.226 2.173 10.756
  vertex 2.872 2.705 10.063
  vertex 2.474 1.864 10.778
 endloop
endfacet
facet normal -0.471 -0.431 -0.77
 outer loop
  vertex 2.474 1.864 10.778
  vertex 2.872 2.705 10.063
  vertex 3.181 2.32 10.09
 endloop
endfacet
facet normal -0.519 -0.362 -0.774
 outer loop
  vertex 2.474 1.864 10.778
  vertex 3.181 2.32 10.09
  vertex 2.683 1.526 10.796
 endloop
endfacet
facet normal -0.52 -0.362 -0.774
 outer loop
  vertex 2.683 1.526 10.796
  vertex 3.181 2.32 10.09
  vertex 3.44 1.9 10.113
 endloop
endfacet
facet normal -0.56 -0.287 -0.777
 outer loop
  vertex 2.683 1.526 10.796
  vertex 3.44 1.9 10.113
  vertex 2.848 1.165 10.811
 endloop
endfacet
facet normal -0.559 -0.288 -0.777
 outer loop
  vertex 2.848 1.165 10.811
  vertex 3.44 1.9 10.113
  vertex 3.646 1.45 10.131
 endloop
endfacet
facet normal -0.59 -0.209 -0.78
 outer loop
  vertex 2.848 1.165 10.811
  vertex 3.646 1.45 10.131
  vertex 2.968 0.787 10.821
 endloop
endfacet
facet normal -0.59 -0.208 -0.78
 outer loop
  vertex 2.968 0.787 10.821
  vertex 3.646 1.45 10.131
  vertex 3.796 0.979 10.144
 endloop
endfacet
facet normal -0.611 -0.127 -0.782
 outer loop
  vertex 2.968 0.787 10.821
  vertex 3.796 0.979 10.144
  vertex 3.041 0.396 10.828
 endloop
endfacet
facet normal -0.61 -0.127 -0.782
 outer loop
  vertex 3.041 0.396 10.828
  vertex 3.796 0.979 10.144
  vertex 3.886 0.493 10.152
 endloop
endfacet
facet normal -0.621 -0.042 -0.783
 outer loop
  vertex 3.041 0.396 10.828
  vertex 3.886 0.493 10.152
  vertex 3.065 0 10.83
 endloop
endfacet
facet normal -0.621 -0.042 -0.783
 outer loop
  vertex 3.065 0 10.83
  vertex 3.886 0.493 10.152
  vertex 3.916 -0 10.154
 endloop
endfacet
facet normal -0.621 0.042 -0.783
 outer loop
  vertex 3.065 0 10.83
  vertex 3.916 -0 10.154
  vertex 3.041 -0.396 10.828
 endloop
endfacet
facet normal -0.621 0.042 -0.783
 outer loop
  vertex 3.041 -0.396 10.828
  vertex 3.916 -0 10.154
  vertex 3.886 -0.493 10.152
 endloop
endfacet
facet normal -0.61 0.127 -0.782
 outer loop
  vertex 3.041 -0.396 10.828
  vertex 3.886 -0.493 10.152
  vertex 2.968 -0.787 10.821
 endloop
endfacet
facet normal -0.611 0.127 -0.782
 outer loop
  vertex 2.968 -0.787 10.821
  vertex 3.886 -0.493 10.152
  vertex 3.796 -0.979 10.144
 endloop
endfacet
facet normal -0.59 0.209 -0.78
 outer loop
  vertex 2.968 -0.787 10.821
  vertex 3.796 -0.979 10.144
  vertex 2.848 -1.165 10.811
 endloop
endfacet
facet normal -0.59 0.208 -0.78
 outer loop
  vertex 2.848 -1.165 10.811
  vertex 3.796 -0.979 10.144
  vertex 3.646 -1.45 10.131
 endloop
endfacet
facet normal -0.559 0.287 -0.777
 outer loop
  vertex 2.848 -1.165 10.811
  vertex 3.646 -1.45 10.131
  vertex 2.683 -1.526 10.796
 endloop
endfacet
facet normal -0.559 0.288 -0.777
 outer loop
  vertex 2.683 -1.526 10.796
  vertex 3.646 -1.45 10.131
  vertex 3.44 -1.9 10.113
 endloop
endfacet
facet normal -0.519 0.362 -0.774
 outer loop
  vertex 2.683 -1.526 10.796
  vertex 3.44 -1.9 10.113
  vertex 2.474 -1.864 10.778
 endloop
endfacet
facet normal -0.519 0.362 -0.774
 outer loop
  vertex 2.474 -1.864 10.778
  vertex 3.44 -1.9 10.113
  vertex 3.181 -2.32 10.09
 endloop
endfacet
facet normal -0.471 0.431 -0.77
 outer loop
  vertex 2.474 -1.864 10.778
  vertex 3.181 -2.32 10.09
  vertex 2.226 -2.173 10.756
 endloop
endfacet
facet normal -0.471 0.431 -0.77
 outer loop
  vertex 2.226 -2.173 10.756
  vertex 3.181 -2.32 10.09
  vertex 2.872 -2.705 10.063
 endloop
endfacet
facet normal -0.414 0.494 -0.765
 outer loop
  vertex 2.226 -2.173 10.756
  vertex 2.872 -2.705 10.063
  vertex 1.942 -2.45 10.731
 endloop
endfacet
facet normal -0.414 0.494 -0.765
 outer loop
  vertex 1.942 -2.45 10.731
  vertex 2.872 -2.705 10.063
  vertex 2.519 -3.049 10.032
 endloop
endfacet
facet normal -0.35 0.549 -0.759
 outer loop
  vertex 1.942 -2.45 10.731
  vertex 2.519 -3.049 10.032
  vertex 1.626 -2.689 10.704
 endloop
endfacet
facet normal -0.35 0.549 -0.759
 outer loop
  vertex 1.626 -2.689 10.704
  vertex 2.519 -3.049 10.032
  vertex 2.126 -3.347 9.998
 endloop
endfacet
facet normal -0.291 0.588 -0.754
 outer loop
  vertex 1.626 -2.689 10.704
  vertex 2.126 -3.347 9.998
  vertex 1.4 -2.827 10.684
 endloop
endfacet
facet normal -0.281 0.598 -0.751
 outer loop
  vertex 1.4 -2.827 10.684
  vertex 2.126 -3.347 9.998
  vertex 1.699 -3.594 9.96
 endloop
endfacet
facet normal -0.255 0.609 -0.751
 outer loop
  vertex 1.4 -2.827 10.684
  vertex 1.699 -3.594 9.96
  vertex 1.284 -2.888 10.674
 endloop
endfacet
facet normal -0.217 0.627 -0.748
 outer loop
  vertex 1.284 -2.888 10.674
  vertex 1.699 -3.594 9.96
  vertex 1.049 -2.994 10.653
 endloop
endfacet
facet normal -0.205 0.636 -0.744
 outer loop
  vertex 1.699 -3.594 9.96
  vertex 1.246 -3.787 9.921
  vertex 1.049 -2.994 10.653
 endloop
endfacet
facet normal -0.178 0.643 -0.745
 outer loop
  vertex 1.049 -2.994 10.653
  vertex 1.246 -3.787 9.921
  vertex 0.919 -3.043 10.642
 endloop
endfacet
facet normal -0.139 0.657 -0.741
 outer loop
  vertex 0.919 -3.043 10.642
  vertex 1.246 -3.787 9.921
  vertex 0.679 -3.117 10.621
 endloop
endfacet
facet normal -0.125 0.664 -0.737
 outer loop
  vertex 0.679 -3.117 10.621
  vertex 1.246 -3.787 9.921
  vertex 0.772 -3.922 9.879
 endloop
endfacet
facet normal -0.098 0.668 -0.738
 outer loop
  vertex 0.679 -3.117 10.621
  vertex 0.772 -3.922 9.879
  vertex 0.539 -3.151 10.609
 endloop
endfacet
facet normal -0.057 0.677 -0.734
 outer loop
  vertex 0.539 -3.151 10.609
  vertex 0.772 -3.922 9.879
  vertex 0.295 -3.195 10.587
 endloop
endfacet
facet normal -0.043 0.682 -0.73
 outer loop
  vertex 0.772 -3.922 9.879
  vertex 0.285 -3.998 9.837
  vertex 0.295 -3.195 10.587
 endloop
endfacet
facet normal -0.024 0.683 -0.73
 outer loop
  vertex 0.295 -3.195 10.587
  vertex 0.285 -3.998 9.837
  vertex 0.222 -3.204 10.581
 endloop
endfacet
facet normal 0.098 0.687 -0.72
 outer loop
  vertex -0.372 -3.204 10.542
  vertex -0.248 -3.214 10.55
  vertex -0.207 -4.013 9.794
 endloop
endfacet
facet normal 0.069 0.687 -0.723
 outer loop
  vertex -0.207 -4.013 9.794
  vertex -0.248 -3.214 10.55
  vertex -0.099 -3.218 10.56
 endloop
endfacet
facet normal 0.042 0.69 -0.722
 outer loop
  vertex -0.207 -4.013 9.794
  vertex -0.099 -3.218 10.56
  vertex 0.285 -3.998 9.837
 endloop
endfacet
facet normal 0.026 0.687 -0.727
 outer loop
  vertex 0.285 -3.998 9.837
  vertex -0.099 -3.218 10.56
  vertex 0.147 -3.211 10.576
 endloop
endfacet
facet normal -0.008 0.684 -0.73
 outer loop
  vertex 0.285 -3.998 9.837
  vertex 0.147 -3.211 10.576
  vertex 0.222 -3.204 10.581
 endloop
endfacet
facet normal 0.124 0.687 -0.716
 outer loop
  vertex -0.372 -3.204 10.542
  vertex -0.207 -4.013 9.794
  vertex -0.495 -3.194 10.531
 endloop
endfacet
facet normal 0.127 0.688 -0.715
 outer loop
  vertex -0.495 -3.194 10.531
  vertex -0.207 -4.013 9.794
  vertex -0.697 -3.968 9.751
 endloop
endfacet
facet normal 0.153 0.682 -0.716
 outer loop
  vertex -0.495 -3.194 10.531
  vertex -0.697 -3.968 9.751
  vertex -0.641 -3.174 10.519
 endloop
endfacet
facet normal 0.195 0.675 -0.712
 outer loop
  vertex -0.641 -3.174 10.519
  vertex -0.697 -3.968 9.751
  vertex -0.886 -3.126 10.497
 endloop
endfacet
facet normal 0.21 0.675 -0.708
 outer loop
  vertex -0.697 -3.968 9.751
  vertex -1.178 -3.862 9.709
  vertex -0.886 -3.126 10.497
 endloop
endfacet
facet normal 0.236 0.665 -0.708
 outer loop
  vertex -0.886 -3.126 10.497
  vertex -1.178 -3.862 9.709
  vertex -1.026 -3.09 10.485
 endloop
endfacet
facet normal 0.277 0.653 -0.705
 outer loop
  vertex -1.026 -3.09 10.485
  vertex -1.178 -3.862 9.709
  vertex -1.268 -3.01 10.464
 endloop
endfacet
facet normal 0.292 0.651 -0.701
 outer loop
  vertex -1.268 -3.01 10.464
  vertex -1.178 -3.862 9.709
  vertex -1.643 -3.698 9.668
 endloop
endfacet
facet normal 0.317 0.639 -0.701
 outer loop
  vertex -1.268 -3.01 10.464
  vertex -1.643 -3.698 9.668
  vertex -1.397 -2.958 10.452
 endloop
endfacet
facet normal 0.369 0.616 -0.696
 outer loop
  vertex -1.397 -2.958 10.452
  vertex -1.643 -3.698 9.668
  vertex -1.75 -2.782 10.422
 endloop
endfacet
facet normal 0.369 0.616 -0.696
 outer loop
  vertex -1.643 -3.698 9.668
  vertex -2.084 -3.477 9.629
  vertex -1.75 -2.782 10.422
 endloop
endfacet
facet normal 0.442 0.574 -0.69
 outer loop
  vertex -1.75 -2.782 10.422
  vertex -2.084 -3.477 9.629
  vertex -2.078 -2.563 10.393
 endloop
endfacet
facet normal 0.442 0.574 -0.69
 outer loop
  vertex -2.084 -3.477 9.629
  vertex -2.494 -3.204 9.593
  vertex -2.078 -2.563 10.393
 endloop
endfacet
facet normal 0.509 0.523 -0.684
 outer loop
  vertex -2.078 -2.563 10.393
  vertex -2.494 -3.204 9.593
  vertex -2.378 -2.306 10.367
 endloop
endfacet
facet normal 0.509 0.523 -0.684
 outer loop
  vertex -2.494 -3.204 9.593
  vertex -2.868 -2.883 9.561
  vertex -2.378 -2.306 10.367
 endloop
endfacet
facet normal 0.57 0.463 -0.679
 outer loop
  vertex -2.378 -2.306 10.367
  vertex -2.868 -2.883 9.561
  vertex -2.643 -2.014 10.343
 endloop
endfacet
facet normal 0.57 0.464 -0.679
 outer loop
  vertex -2.868 -2.883 9.561
  vertex -3.2 -2.517 9.532
  vertex -2.643 -2.014 10.343
 endloop
endfacet
facet normal 0.623 0.398 -0.674
 outer loop
  vertex -2.643 -2.014 10.343
  vertex -3.2 -2.517 9.532
  vertex -2.871 -1.691 10.323
 endloop
endfacet
facet normal 0.623 0.398 -0.674
 outer loop
  vertex -3.2 -2.517 9.532
  vertex -3.485 -2.114 9.507
  vertex -2.871 -1.691 10.323
 endloop
endfacet
facet normal 0.667 0.326 -0.67
 outer loop
  vertex -2.871 -1.691 10.323
  vertex -3.485 -2.114 9.507
  vertex -3.057 -1.343 10.307
 endloop
endfacet
facet normal 0.667 0.326 -0.67
 outer loop
  vertex -3.485 -2.114 9.507
  vertex -3.718 -1.678 9.486
  vertex -3.057 -1.343 10.307
 endloop
endfacet
facet normal 0.702 0.249 -0.667
 outer loop
  vertex -3.057 -1.343 10.307
  vertex -3.718 -1.678 9.486
  vertex -3.199 -0.974 10.295
 endloop
endfacet
facet normal 0.702 0.249 -0.667
 outer loop
  vertex -3.718 -1.678 9.486
  vertex -3.895 -1.217 9.471
  vertex -3.199 -0.974 10.295
 endloop
endfacet
facet normal 0.728 0.168 -0.665
 outer loop
  vertex -3.199 -0.974 10.295
  vertex -3.895 -1.217 9.471
  vertex -3.295 -0.59 10.286
 endloop
endfacet
facet normal 0.728 0.168 -0.665
 outer loop
  vertex -3.895 -1.217 9.471
  vertex -4.016 -0.738 9.46
  vertex -3.295 -0.59 10.286
 endloop
endfacet
facet normal 0.744 0.084 -0.663
 outer loop
  vertex -3.295 -0.59 10.286
  vertex -4.016 -0.738 9.46
  vertex -3.344 -0.198 10.282
 endloop
endfacet
facet normal 0.029 -0.681 0.732
 outer loop
  vertex -0.494 3.188 8.818
  vertex -0.372 3.204 8.829
  vertex -0.68 3.968 9.551
 endloop
endfacet
facet normal 0.003 -0.687 0.727
 outer loop
  vertex -0.68 3.968 9.551
  vertex -0.372 3.204 8.829
  vertex -0.248 3.214 8.837
 endloop
endfacet
facet normal 0 -0.688 0.726
 outer loop
  vertex -0.68 3.968 9.551
  vertex -0.248 3.214 8.837
  vertex -0.189 4.013 9.594
 endloop
endfacet
facet normal -0.026 -0.686 0.727
 outer loop
  vertex -0.189 4.013 9.594
  vertex -0.248 3.214 8.837
  vertex -0.099 3.218 8.846
 endloop
endfacet
facet normal -0.069 -0.688 0.723
 outer loop
  vertex -0.189 4.013 9.594
  vertex -0.099 3.218 8.846
  vertex 0.147 3.211 8.863
 endloop
endfacet
facet normal -0.084 -0.69 0.719
 outer loop
  vertex -0.189 4.013 9.594
  vertex 0.147 3.211 8.863
  vertex 0.303 3.998 9.637
 endloop
endfacet
facet normal -0.103 -0.687 0.719
 outer loop
  vertex 0.303 3.998 9.637
  vertex 0.147 3.211 8.863
  vertex 0.222 3.204 8.867
 endloop
endfacet
facet normal -0.119 -0.685 0.719
 outer loop
  vertex 0.303 3.998 9.637
  vertex 0.222 3.204 8.867
  vertex 0.295 3.199 8.874
 endloop
endfacet
facet normal -0.153 -0.682 0.715
 outer loop
  vertex 0.295 3.199 8.874
  vertex 0.541 3.166 8.895
  vertex 0.303 3.998 9.637
 endloop
endfacet
facet normal -0.169 -0.682 0.711
 outer loop
  vertex 0.303 3.998 9.637
  vertex 0.541 3.166 8.895
  vertex 0.789 3.922 9.68
 endloop
endfacet
facet normal -0.194 -0.675 0.712
 outer loop
  vertex 0.541 3.166 8.895
  vertex 0.685 3.138 8.908
  vertex 0.789 3.922 9.68
 endloop
endfacet
facet normal -0.236 -0.665 0.708
 outer loop
  vertex 0.789 3.922 9.68
  vertex 0.685 3.138 8.908
  vertex 0.929 3.074 8.929
 endloop
endfacet
facet normal -0.251 -0.664 0.704
 outer loop
  vertex 0.789 3.922 9.68
  vertex 0.929 3.074 8.929
  vertex 1.263 3.787 9.721
 endloop
endfacet
facet normal -0.277 -0.653 0.705
 outer loop
  vertex 1.263 3.787 9.721
  vertex 0.929 3.074 8.929
  vertex 1.064 3.03 8.941
 endloop
endfacet
facet normal -0.317 -0.639 0.701
 outer loop
  vertex 1.263 3.787 9.721
  vertex 1.064 3.03 8.941
  vertex 1.304 2.933 8.962
 endloop
endfacet
facet normal -0.331 -0.636 0.697
 outer loop
  vertex 1.263 3.787 9.721
  vertex 1.304 2.933 8.962
  vertex 1.717 3.594 9.761
 endloop
endfacet
facet normal -0.356 -0.622 0.698
 outer loop
  vertex 1.717 3.594 9.761
  vertex 1.304 2.933 8.962
  vertex 1.426 2.875 8.973
 endloop
endfacet
facet normal -0.406 -0.596 0.693
 outer loop
  vertex 1.717 3.594 9.761
  vertex 1.426 2.875 8.973
  vertex 2.143 3.347 9.798
 endloop
endfacet
facet normal -0.406 -0.596 0.693
 outer loop
  vertex 2.143 3.347 9.798
  vertex 1.426 2.875 8.973
  vertex 1.768 2.678 9.003
 endloop
endfacet
facet normal -0.476 -0.549 0.687
 outer loop
  vertex 2.143 3.347 9.798
  vertex 1.768 2.678 9.003
  vertex 2.536 3.049 9.833
 endloop
endfacet
facet normal -0.476 -0.549 0.687
 outer loop
  vertex 2.536 3.049 9.833
  vertex 1.768 2.678 9.003
  vertex 2.082 2.439 9.03
 endloop
endfacet
facet normal -0.54 -0.494 0.681
 outer loop
  vertex 2.536 3.049 9.833
  vertex 2.082 2.439 9.03
  vertex 2.89 2.705 9.864
 endloop
endfacet
facet normal -0.54 -0.494 0.681
 outer loop
  vertex 2.89 2.705 9.864
  vertex 2.082 2.439 9.03
  vertex 2.365 2.164 9.055
 endloop
endfacet
facet normal -0.597 -0.431 0.676
 outer loop
  vertex 2.89 2.705 9.864
  vertex 2.365 2.164 9.055
  vertex 3.199 2.32 9.891
 endloop
endfacet
facet normal -0.597 -0.431 0.676
 outer loop
  vertex 3.199 2.32 9.891
  vertex 2.365 2.164 9.055
  vertex 2.612 1.856 9.077
 endloop
endfacet
facet normal -0.646 -0.362 0.672
 outer loop
  vertex 3.199 2.32 9.891
  vertex 2.612 1.856 9.077
  vertex 3.458 1.9 9.913
 endloop
endfacet
facet normal -0.646 -0.362 0.672
 outer loop
  vertex 3.458 1.9 9.913
  vertex 2.612 1.856 9.077
  vertex 2.819 1.52 9.095
 endloop
endfacet
facet normal -0.686 -0.288 0.668
 outer loop
  vertex 3.458 1.9 9.913
  vertex 2.819 1.52 9.095
  vertex 3.664 1.45 9.931
 endloop
endfacet
facet normal -0.686 -0.288 0.668
 outer loop
  vertex 3.664 1.45 9.931
  vertex 2.819 1.52 9.095
  vertex 2.984 1.16 9.109
 endloop
endfacet
facet normal -0.716 -0.209 0.666
 outer loop
  vertex 3.664 1.45 9.931
  vertex 2.984 1.16 9.109
  vertex 3.813 0.979 9.944
 endloop
endfacet
facet normal -0.716 -0.209 0.666
 outer loop
  vertex 3.813 0.979 9.944
  vertex 2.984 1.16 9.109
  vertex 3.103 0.784 9.12
 endloop
endfacet
facet normal -0.737 -0.126 0.664
 outer loop
  vertex 3.813 0.979 9.944
  vertex 3.103 0.784 9.12
  vertex 3.903 0.493 9.952
 endloop
endfacet
facet normal -0.737 -0.126 0.664
 outer loop
  vertex 3.903 0.493 9.952
  vertex 3.103 0.784 9.12
  vertex 3.176 0.395 9.126
 endloop
endfacet
facet normal -0.747 -0.042 0.663
 outer loop
  vertex 3.903 0.493 9.952
  vertex 3.176 0.395 9.126
  vertex 3.934 -0 9.955
 endloop
endfacet
facet normal -0.747 -0.042 0.663
 outer loop
  vertex 3.934 -0 9.955
  vertex 3.176 0.395 9.126
  vertex 3.2 -0 9.128
 endloop
endfacet
facet normal -0.747 0.042 0.663
 outer loop
  vertex 3.934 -0 9.955
  vertex 3.2 -0 9.128
  vertex 3.903 -0.493 9.952
 endloop
endfacet
facet normal -0.747 0.042 0.663
 outer loop
  vertex 3.903 -0.493 9.952
  vertex 3.2 -0 9.128
  vertex 3.176 -0.395 9.126
 endloop
endfacet
facet normal -0.737 0.126 0.664
 outer loop
  vertex 3.903 -0.493 9.952
  vertex 3.176 -0.395 9.126
  vertex 3.813 -0.979 9.944
 endloop
endfacet
facet normal -0.737 0.126 0.664
 outer loop
  vertex 3.813 -0.979 9.944
  vertex 3.176 -0.395 9.126
  vertex 3.103 -0.784 9.12
 endloop
endfacet
facet normal -0.716 0.209 0.666
 outer loop
  vertex 3.813 -0.979 9.944
  vertex 3.103 -0.784 9.12
  vertex 3.664 -1.45 9.931
 endloop
endfacet
facet normal -0.716 0.209 0.666
 outer loop
  vertex 3.664 -1.45 9.931
  vertex 3.103 -0.784 9.12
  vertex 2.984 -1.16 9.109
 endloop
endfacet
facet normal -0.686 0.288 0.668
 outer loop
  vertex 3.664 -1.45 9.931
  vertex 2.984 -1.16 9.109
  vertex 3.458 -1.9 9.913
 endloop
endfacet
facet normal -0.686 0.288 0.668
 outer loop
  vertex 3.458 -1.9 9.913
  vertex 2.984 -1.16 9.109
  vertex 2.819 -1.52 9.095
 endloop
endfacet
facet normal -0.646 0.362 0.672
 outer loop
  vertex 3.458 -1.9 9.913
  vertex 2.819 -1.52 9.095
  vertex 3.199 -2.32 9.891
 endloop
endfacet
facet normal -0.646 0.362 0.672
 outer loop
  vertex 3.199 -2.32 9.891
  vertex 2.819 -1.52 9.095
  vertex 2.612 -1.856 9.077
 endloop
endfacet
facet normal -0.597 0.431 0.676
 outer loop
  vertex 3.199 -2.32 9.891
  vertex 2.612 -1.856 9.077
  vertex 2.89 -2.705 9.864
 endloop
endfacet
facet normal -0.597 0.431 0.676
 outer loop
  vertex 2.89 -2.705 9.864
  vertex 2.612 -1.856 9.077
  vertex 2.365 -2.164 9.055
 endloop
endfacet
facet normal -0.54 0.494 0.681
 outer loop
  vertex 2.89 -2.705 9.864
  vertex 2.365 -2.164 9.055
  vertex 2.536 -3.049 9.833
 endloop
endfacet
facet normal -0.54 0.494 0.681
 outer loop
  vertex 2.536 -3.049 9.833
  vertex 2.365 -2.164 9.055
  vertex 2.082 -2.439 9.03
 endloop
endfacet
facet normal -0.476 0.549 0.687
 outer loop
  vertex 2.536 -3.049 9.833
  vertex 2.082 -2.439 9.03
  vertex 2.143 -3.347 9.798
 endloop
endfacet
facet normal -0.476 0.549 0.687
 outer loop
  vertex 2.143 -3.347 9.798
  vertex 2.082 -2.439 9.03
  vertex 1.768 -2.678 9.003
 endloop
endfacet
facet normal -0.406 0.596 0.693
 outer loop
  vertex 2.143 -3.347 9.798
  vertex 1.768 -2.678 9.003
  vertex 1.717 -3.594 9.761
 endloop
endfacet
facet normal -0.406 0.596 0.693
 outer loop
  vertex 1.717 -3.594 9.761
  vertex 1.768 -2.678 9.003
  vertex 1.426 -2.875 8.973
 endloop
endfacet
facet normal -0.356 0.622 0.698
 outer loop
  vertex 1.717 -3.594 9.761
  vertex 1.426 -2.875 8.973
  vertex 1.304 -2.933 8.962
 endloop
endfacet
facet normal -0.331 0.636 0.697
 outer loop
  vertex 1.717 -3.594 9.761
  vertex 1.304 -2.933 8.962
  vertex 1.263 -3.787 9.721
 endloop
endfacet
facet normal -0.317 0.639 0.701
 outer loop
  vertex 1.263 -3.787 9.721
  vertex 1.304 -2.933 8.962
  vertex 1.064 -3.03 8.941
 endloop
endfacet
facet normal -0.277 0.653 0.705
 outer loop
  vertex 1.263 -3.787 9.721
  vertex 1.064 -3.03 8.941
  vertex 0.929 -3.074 8.929
 endloop
endfacet
facet normal -0.251 0.664 0.704
 outer loop
  vertex 1.263 -3.787 9.721
  vertex 0.929 -3.074 8.929
  vertex 0.789 -3.922 9.68
 endloop
endfacet
facet normal -0.236 0.665 0.708
 outer loop
  vertex 0.789 -3.922 9.68
  vertex 0.929 -3.074 8.929
  vertex 0.685 -3.138 8.908
 endloop
endfacet
facet normal -0.194 0.675 0.712
 outer loop
  vertex 0.789 -3.922 9.68
  vertex 0.685 -3.138 8.908
  vertex 0.541 -3.166 8.895
 endloop
endfacet
facet normal -0.169 0.682 0.711
 outer loop
  vertex 0.789 -3.922 9.68
  vertex 0.541 -3.166 8.895
  vertex 0.303 -3.998 9.637
 endloop
endfacet
facet normal -0.153 0.682 0.715
 outer loop
  vertex 0.303 -3.998 9.637
  vertex 0.541 -3.166 8.895
  vertex 0.295 -3.199 8.874
 endloop
endfacet
facet normal -0.119 0.685 0.719
 outer loop
  vertex 0.303 -3.998 9.637
  vertex 0.295 -3.199 8.874
  vertex 0.222 -3.204 8.867
 endloop
endfacet
facet normal -0.103 0.687 0.719
 outer loop
  vertex 0.222 -3.204 8.867
  vertex 0.147 -3.211 8.863
  vertex 0.303 -3.998 9.637
 endloop
endfacet
facet normal -0.084 0.69 0.719
 outer loop
  vertex 0.303 -3.998 9.637
  vertex 0.147 -3.211 8.863
  vertex -0.189 -4.013 9.594
 endloop
endfacet
facet normal -0.069 0.688 0.723
 outer loop
  vertex 0.147 -3.211 8.863
  vertex -0.099 -3.218 8.846
  vertex -0.189 -4.013 9.594
 endloop
endfacet
facet normal -0.026 0.686 0.727
 outer loop
  vertex -0.189 -4.013 9.594
  vertex -0.099 -3.218 8.846
  vertex -0.248 -3.214 8.837
 endloop
endfacet
facet normal 0 0.688 0.726
 outer loop
  vertex -0.189 -4.013 9.594
  vertex -0.248 -3.214 8.837
  vertex -0.68 -3.968 9.551
 endloop
endfacet
facet normal 0.003 0.687 0.727
 outer loop
  vertex -0.68 -3.968 9.551
  vertex -0.248 -3.214 8.837
  vertex -0.372 -3.204 8.829
 endloop
endfacet
facet normal 0.029 0.681 0.732
 outer loop
  vertex -0.68 -3.968 9.551
  vertex -0.372 -3.204 8.829
  vertex -0.494 -3.188 8.818
 endloop
endfacet
facet normal 0.057 0.677 0.734
 outer loop
  vertex -0.494 -3.188 8.818
  vertex -0.638 -3.162 8.805
  vertex -0.68 -3.968 9.551
 endloop
endfacet
facet normal 0.084 0.675 0.733
 outer loop
  vertex -0.68 -3.968 9.551
  vertex -0.638 -3.162 8.805
  vertex -1.161 -3.862 9.509
 endloop
endfacet
facet normal 0.098 0.668 0.737
 outer loop
  vertex -0.638 -3.162 8.805
  vertex -0.881 -3.103 8.784
  vertex -1.161 -3.862 9.509
 endloop
endfacet
facet normal 0.139 0.657 0.741
 outer loop
  vertex -1.161 -3.862 9.509
  vertex -0.881 -3.103 8.784
  vertex -1.016 -3.061 8.772
 endloop
endfacet
facet normal 0.166 0.651 0.74
 outer loop
  vertex -1.161 -3.862 9.509
  vertex -1.016 -3.061 8.772
  vertex -1.625 -3.698 9.469
 endloop
endfacet
facet normal 0.179 0.643 0.744
 outer loop
  vertex -1.625 -3.698 9.469
  vertex -1.016 -3.061 8.772
  vertex -1.254 -2.971 8.751
 endloop
endfacet
facet normal 0.217 0.627 0.748
 outer loop
  vertex -1.625 -3.698 9.469
  vertex -1.254 -2.971 8.751
  vertex -1.377 -2.915 8.741
 endloop
endfacet
facet normal 0.244 0.618 0.747
 outer loop
  vertex -1.625 -3.698 9.469
  vertex -1.377 -2.915 8.741
  vertex -2.066 -3.477 9.43
 endloop
endfacet
facet normal 0.255 0.609 0.751
 outer loop
  vertex -2.066 -3.477 9.43
  vertex -1.377 -2.915 8.741
  vertex -1.608 -2.794 8.72
 endloop
endfacet
facet normal 0.315 0.574 0.756
 outer loop
  vertex -2.066 -3.477 9.43
  vertex -1.608 -2.794 8.72
  vertex -2.477 -3.204 9.394
 endloop
endfacet
facet normal 0.315 0.574 0.756
 outer loop
  vertex -2.477 -3.204 9.394
  vertex -1.608 -2.794 8.72
  vertex -1.938 -2.574 8.692
 endloop
endfacet
facet normal 0.383 0.523 0.762
 outer loop
  vertex -2.477 -3.204 9.394
  vertex -1.938 -2.574 8.692
  vertex -2.851 -2.883 9.361
 endloop
endfacet
facet normal 0.383 0.523 0.762
 outer loop
  vertex -2.851 -2.883 9.361
  vertex -1.938 -2.574 8.692
  vertex -2.238 -2.316 8.665
 endloop
endfacet
facet normal 0.443 0.464 0.767
 outer loop
  vertex -2.851 -2.883 9.361
  vertex -2.238 -2.316 8.665
  vertex -3.183 -2.517 9.332
 endloop
endfacet
facet normal 0.443 0.464 0.767
 outer loop
  vertex -3.183 -2.517 9.332
  vertex -2.238 -2.316 8.665
  vertex -2.505 -2.022 8.642
 endloop
endfacet
facet normal 0.496 0.398 0.772
 outer loop
  vertex -3.183 -2.517 9.332
  vertex -2.505 -2.022 8.642
  vertex -3.467 -2.114 9.308
 endloop
endfacet
facet normal 0.496 0.398 0.772
 outer loop
  vertex -3.467 -2.114 9.308
  vertex -2.505 -2.022 8.642
  vertex -2.734 -1.698 8.622
 endloop
endfacet
facet normal 0.541 0.326 0.776
 outer loop
  vertex -3.467 -2.114 9.308
  vertex -2.734 -1.698 8.622
  vertex -3.7 -1.678 9.287
 endloop
endfacet
facet normal 0.541 0.326 0.776
 outer loop
  vertex -3.7 -1.678 9.287
  vertex -2.734 -1.698 8.622
  vertex -2.921 -1.348 8.606
 endloop
endfacet
facet normal 0.576 0.249 0.779
 outer loop
  vertex -3.7 -1.678 9.287
  vertex -2.921 -1.348 8.606
  vertex -3.878 -1.217 9.272
 endloop
endfacet
facet normal 0.576 0.249 0.779
 outer loop
  vertex -3.878 -1.217 9.272
  vertex -2.921 -1.348 8.606
  vertex -3.064 -0.978 8.593
 endloop
endfacet
facet normal 0.601 0.168 0.781
 outer loop
  vertex -3.878 -1.217 9.272
  vertex -3.064 -0.978 8.593
  vertex -3.998 -0.738 9.261
 endloop
endfacet
facet normal 0.601 0.168 0.781
 outer loop
  vertex -3.998 -0.738 9.261
  vertex -3.064 -0.978 8.593
  vertex -3.16 -0.593 8.585
 endloop
endfacet
facet normal 0.617 0.085 0.782
 outer loop
  vertex -3.998 -0.738 9.261
  vertex -3.16 -0.593 8.585
  vertex -4.059 -0.247 9.256
 endloop
endfacet
facet normal 0.617 0.085 0.782
 outer loop
  vertex -4.059 -0.247 9.256
  vertex -3.16 -0.593 8.585
  vertex -3.209 -0.199 8.58
 endloop
endfacet
facet normal 0.621 0.021 0.783
 outer loop
  vertex -4.059 -0.247 9.256
  vertex -3.209 -0.199 8.58
  vertex -4.066 0 9.255
 endloop
endfacet
facet normal 0.618 0 0.786
 outer loop
  vertex -4.066 0 9.255
  vertex -3.209 -0.199 8.58
  vertex -3.209 0.199 8.58
 endloop
endfacet
facet normal 0.621 -0.021 0.783
 outer loop
  vertex -4.066 0 9.255
  vertex -3.209 0.199 8.58
  vertex -4.059 0.247 9.256
 endloop
endfacet
facet normal 0.617 -0.085 0.782
 outer loop
  vertex -4.059 0.247 9.256
  vertex -3.209 0.199 8.58
  vertex -3.998 0.738 9.261
 endloop
endfacet
facet normal 0.617 -0.085 0.782
 outer loop
  vertex -3.209 0.199 8.58
  vertex -3.16 0.593 8.585
  vertex -3.998 0.738 9.261
 endloop
endfacet
facet normal 0.601 -0.168 0.781
 outer loop
  vertex -3.998 0.738 9.261
  vertex -3.16 0.593 8.585
  vertex -3.878 1.217 9.272
 endloop
endfacet
facet normal 0.601 -0.168 0.781
 outer loop
  vertex -3.16 0.593 8.585
  vertex -3.064 0.978 8.593
  vertex -3.878 1.217 9.272
 endloop
endfacet
facet normal 0.576 -0.249 0.779
 outer loop
  vertex -3.878 1.217 9.272
  vertex -3.064 0.978 8.593
  vertex -3.7 1.678 9.287
 endloop
endfacet
facet normal 0.576 -0.249 0.779
 outer loop
  vertex -3.064 0.978 8.593
  vertex -2.921 1.348 8.606
  vertex -3.7 1.678 9.287
 endloop
endfacet
facet normal 0.541 -0.326 0.776
 outer loop
  vertex -3.7 1.678 9.287
  vertex -2.921 1.348 8.606
  vertex -3.467 2.114 9.308
 endloop
endfacet
facet normal 0.541 -0.326 0.776
 outer loop
  vertex -2.921 1.348 8.606
  vertex -2.734 1.698 8.622
  vertex -3.467 2.114 9.308
 endloop
endfacet
facet normal 0.496 -0.398 0.772
 outer loop
  vertex -3.467 2.114 9.308
  vertex -2.734 1.698 8.622
  vertex -3.183 2.517 9.332
 endloop
endfacet
facet normal 0.496 -0.398 0.772
 outer loop
  vertex -2.734 1.698 8.622
  vertex -2.505 2.022 8.642
  vertex -3.183 2.517 9.332
 endloop
endfacet
facet normal 0.443 -0.464 0.767
 outer loop
  vertex -3.183 2.517 9.332
  vertex -2.505 2.022 8.642
  vertex -2.851 2.883 9.361
 endloop
endfacet
facet normal 0.443 -0.464 0.767
 outer loop
  vertex -2.505 2.022 8.642
  vertex -2.238 2.316 8.665
  vertex -2.851 2.883 9.361
 endloop
endfacet
facet normal 0.383 -0.523 0.762
 outer loop
  vertex -2.851 2.883 9.361
  vertex -2.238 2.316 8.665
  vertex -2.477 3.204 9.394
 endloop
endfacet
facet normal 0.383 -0.523 0.762
 outer loop
  vertex -2.238 2.316 8.665
  vertex -1.938 2.574 8.692
  vertex -2.477 3.204 9.394
 endloop
endfacet
facet normal 0.315 -0.574 0.756
 outer loop
  vertex -2.477 3.204 9.394
  vertex -1.938 2.574 8.692
  vertex -2.066 3.477 9.43
 endloop
endfacet
facet normal 0.315 -0.574 0.756
 outer loop
  vertex -1.938 2.574 8.692
  vertex -1.608 2.794 8.72
  vertex -2.066 3.477 9.43
 endloop
endfacet
facet normal 0.255 -0.609 0.751
 outer loop
  vertex -2.066 3.477 9.43
  vertex -1.608 2.794 8.72
  vertex -1.377 2.915 8.741
 endloop
endfacet
facet normal 0.244 -0.618 0.747
 outer loop
  vertex -2.066 3.477 9.43
  vertex -1.377 2.915 8.741
  vertex -1.625 3.698 9.469
 endloop
endfacet
facet normal 0.217 -0.627 0.748
 outer loop
  vertex -1.625 3.698 9.469
  vertex -1.377 2.915 8.741
  vertex -1.254 2.971 8.751
 endloop
endfacet
facet normal 0.179 -0.643 0.744
 outer loop
  vertex -1.625 3.698 9.469
  vertex -1.254 2.971 8.751
  vertex -1.016 3.061 8.772
 endloop
endfacet
facet normal 0.166 -0.651 0.74
 outer loop
  vertex -1.625 3.698 9.469
  vertex -1.016 3.061 8.772
  vertex -1.161 3.862 9.509
 endloop
endfacet
facet normal 0.139 -0.657 0.741
 outer loop
  vertex -1.161 3.862 9.509
  vertex -1.016 3.061 8.772
  vertex -0.881 3.103 8.784
 endloop
endfacet
facet normal 0.098 -0.668 0.737
 outer loop
  vertex -1.161 3.862 9.509
  vertex -0.881 3.103 8.784
  vertex -0.638 3.162 8.805
 endloop
endfacet
facet normal 0.084 -0.675 0.733
 outer loop
  vertex -1.161 3.862 9.509
  vertex -0.638 3.162 8.805
  vertex -0.68 3.968 9.551
 endloop
endfacet
facet normal 0.057 -0.677 0.734
 outer loop
  vertex -0.68 3.968 9.551
  vertex -0.638 3.162 8.805
  vertex -0.494 3.188 8.818
 endloop
endfacet
facet normal 0.996 0.031 0.087
 outer loop
  vertex -4.076 -0.247 9.455
  vertex -4.059 -0.247 9.256
  vertex -4.084 0 9.454
 endloop
endfacet
facet normal 0.996 0.031 0.087
 outer loop
  vertex -4.084 0 9.454
  vertex -4.059 -0.247 9.256
  vertex -4.066 0 9.255
 endloop
endfacet
facet normal 0.996 -0.031 0.087
 outer loop
  vertex -4.084 0 9.454
  vertex -4.066 0 9.255
  vertex -4.076 0.247 9.455
 endloop
endfacet
facet normal 0.996 -0.031 0.087
 outer loop
  vertex -4.076 0.247 9.455
  vertex -4.066 0 9.255
  vertex -4.059 0.247 9.256
 endloop
endfacet
facet normal 0.989 -0.123 0.086
 outer loop
  vertex -4.076 0.247 9.455
  vertex -4.059 0.247 9.256
  vertex -4.016 0.738 9.46
 endloop
endfacet
facet normal 0.989 -0.123 0.086
 outer loop
  vertex -4.016 0.738 9.46
  vertex -4.059 0.247 9.256
  vertex -3.998 0.738 9.261
 endloop
endfacet
facet normal 0.966 -0.244 0.085
 outer loop
  vertex -4.016 0.738 9.46
  vertex -3.998 0.738 9.261
  vertex -3.895 1.217 9.471
 endloop
endfacet
facet normal 0.966 -0.244 0.085
 outer loop
  vertex -3.895 1.217 9.471
  vertex -3.998 0.738 9.261
  vertex -3.878 1.217 9.272
 endloop
endfacet
facet normal 0.929 -0.361 0.081
 outer loop
  vertex -3.895 1.217 9.471
  vertex -3.878 1.217 9.272
  vertex -3.718 1.678 9.486
 endloop
endfacet
facet normal 0.929 -0.361 0.081
 outer loop
  vertex -3.718 1.678 9.486
  vertex -3.878 1.217 9.272
  vertex -3.7 1.678 9.287
 endloop
endfacet
facet normal 0.878 -0.473 0.077
 outer loop
  vertex -3.718 1.678 9.486
  vertex -3.7 1.678 9.287
  vertex -3.485 2.114 9.507
 endloop
endfacet
facet normal 0.878 -0.473 0.077
 outer loop
  vertex -3.485 2.114 9.507
  vertex -3.7 1.678 9.287
  vertex -3.467 2.114 9.308
 endloop
endfacet
facet normal 0.813 -0.578 0.071
 outer loop
  vertex -3.485 2.114 9.507
  vertex -3.467 2.114 9.308
  vertex -3.2 2.517 9.532
 endloop
endfacet
facet normal 0.813 -0.578 0.071
 outer loop
  vertex -3.2 2.517 9.532
  vertex -3.467 2.114 9.308
  vertex -3.183 2.517 9.332
 endloop
endfacet
facet normal 0.736 -0.674 0.064
 outer loop
  vertex -3.2 2.517 9.532
  vertex -3.183 2.517 9.332
  vertex -2.868 2.883 9.561
 endloop
endfacet
facet normal 0.736 -0.674 0.064
 outer loop
  vertex -2.868 2.883 9.561
  vertex -3.183 2.517 9.332
  vertex -2.851 2.883 9.361
 endloop
endfacet
facet normal 0.648 -0.759 0.057
 outer loop
  vertex -2.868 2.883 9.561
  vertex -2.851 2.883 9.361
  vertex -2.494 3.204 9.593
 endloop
endfacet
facet normal 0.648 -0.759 0.057
 outer loop
  vertex -2.494 3.204 9.593
  vertex -2.851 2.883 9.361
  vertex -2.477 3.204 9.394
 endloop
endfacet
facet normal 0.55 -0.834 0.048
 outer loop
  vertex -2.494 3.204 9.593
  vertex -2.477 3.204 9.394
  vertex -2.084 3.477 9.629
 endloop
endfacet
facet normal 0.55 -0.834 0.048
 outer loop
  vertex -2.084 3.477 9.629
  vertex -2.477 3.204 9.394
  vertex -2.066 3.477 9.43
 endloop
endfacet
facet normal 0.444 -0.895 0.039
 outer loop
  vertex -2.084 3.477 9.629
  vertex -2.066 3.477 9.43
  vertex -1.643 3.698 9.668
 endloop
endfacet
facet normal 0.444 -0.895 0.039
 outer loop
  vertex -1.643 3.698 9.668
  vertex -2.066 3.477 9.43
  vertex -1.625 3.698 9.469
 endloop
endfacet
facet normal 0.331 -0.943 0.029
 outer loop
  vertex -1.643 3.698 9.668
  vertex -1.625 3.698 9.469
  vertex -1.178 3.862 9.709
 endloop
endfacet
facet normal 0.331 -0.943 0.029
 outer loop
  vertex -1.178 3.862 9.709
  vertex -1.625 3.698 9.469
  vertex -1.161 3.862 9.509
 endloop
endfacet
facet normal 0.213 -0.977 0.019
 outer loop
  vertex -1.178 3.862 9.709
  vertex -1.161 3.862 9.509
  vertex -0.697 3.968 9.751
 endloop
endfacet
facet normal 0.213 -0.977 0.019
 outer loop
  vertex -0.697 3.968 9.751
  vertex -1.161 3.862 9.509
  vertex -0.68 3.968 9.551
 endloop
endfacet
facet normal 0.092 -0.996 0.008
 outer loop
  vertex -0.697 3.968 9.751
  vertex -0.68 3.968 9.551
  vertex -0.207 4.013 9.794
 endloop
endfacet
facet normal 0.092 -0.996 0.008
 outer loop
  vertex -0.207 4.013 9.794
  vertex -0.68 3.968 9.551
  vertex -0.189 4.013 9.594
 endloop
endfacet
facet normal -0.031 -1 -0.003
 outer loop
  vertex -0.207 4.013 9.794
  vertex -0.189 4.013 9.594
  vertex 0.285 3.998 9.837
 endloop
endfacet
facet normal -0.031 -1 -0.003
 outer loop
  vertex 0.285 3.998 9.837
  vertex -0.189 4.013 9.594
  vertex 0.303 3.998 9.637
 endloop
endfacet
facet normal -0.153 -0.988 -0.013
 outer loop
  vertex 0.285 3.998 9.837
  vertex 0.303 3.998 9.637
  vertex 0.772 3.922 9.879
 endloop
endfacet
facet normal -0.153 -0.988 -0.013
 outer loop
  vertex 0.772 3.922 9.879
  vertex 0.303 3.998 9.637
  vertex 0.789 3.922 9.68
 endloop
endfacet
facet normal -0.273 -0.962 -0.024
 outer loop
  vertex 0.772 3.922 9.879
  vertex 0.789 3.922 9.68
  vertex 1.246 3.787 9.921
 endloop
endfacet
facet normal -0.273 -0.962 -0.024
 outer loop
  vertex 1.246 3.787 9.921
  vertex 0.789 3.922 9.68
  vertex 1.263 3.787 9.721
 endloop
endfacet
facet normal -0.388 -0.921 -0.034
 outer loop
  vertex 1.246 3.787 9.921
  vertex 1.263 3.787 9.721
  vertex 1.699 3.594 9.96
 endloop
endfacet
facet normal -0.388 -0.921 -0.034
 outer loop
  vertex 1.699 3.594 9.96
  vertex 1.263 3.787 9.721
  vertex 1.717 3.594 9.761
 endloop
endfacet
facet normal -0.498 -0.866 -0.044
 outer loop
  vertex 1.699 3.594 9.96
  vertex 1.717 3.594 9.761
  vertex 2.126 3.347 9.998
 endloop
endfacet
facet normal -0.498 -0.866 -0.044
 outer loop
  vertex 2.126 3.347 9.998
  vertex 1.717 3.594 9.761
  vertex 2.143 3.347 9.798
 endloop
endfacet
facet normal -0.6 -0.798 -0.053
 outer loop
  vertex 2.126 3.347 9.998
  vertex 2.143 3.347 9.798
  vertex 2.519 3.049 10.032
 endloop
endfacet
facet normal -0.6 -0.798 -0.053
 outer loop
  vertex 2.519 3.049 10.032
  vertex 2.143 3.347 9.798
  vertex 2.536 3.049 9.833
 endloop
endfacet
facet normal -0.693 -0.718 -0.061
 outer loop
  vertex 2.519 3.049 10.032
  vertex 2.536 3.049 9.833
  vertex 2.872 2.705 10.063
 endloop
endfacet
facet normal -0.693 -0.718 -0.061
 outer loop
  vertex 2.872 2.705 10.063
  vertex 2.536 3.049 9.833
  vertex 2.89 2.705 9.864
 endloop
endfacet
facet normal -0.776 -0.627 -0.068
 outer loop
  vertex 2.872 2.705 10.063
  vertex 2.89 2.705 9.864
  vertex 3.181 2.32 10.09
 endloop
endfacet
facet normal -0.776 -0.627 -0.068
 outer loop
  vertex 3.181 2.32 10.09
  vertex 2.89 2.705 9.864
  vertex 3.199 2.32 9.891
 endloop
endfacet
facet normal -0.847 -0.526 -0.074
 outer loop
  vertex 3.181 2.32 10.09
  vertex 3.199 2.32 9.891
  vertex 3.44 1.9 10.113
 endloop
endfacet
facet normal -0.847 -0.526 -0.074
 outer loop
  vertex 3.44 1.9 10.113
  vertex 3.199 2.32 9.891
  vertex 3.458 1.9 9.913
 endloop
endfacet
facet normal -0.905 -0.418 -0.079
 outer loop
  vertex 3.44 1.9 10.113
  vertex 3.458 1.9 9.913
  vertex 3.646 1.45 10.131
 endloop
endfacet
facet normal -0.905 -0.418 -0.079
 outer loop
  vertex 3.646 1.45 10.131
  vertex 3.458 1.9 9.913
  vertex 3.664 1.45 9.931
 endloop
endfacet
facet normal -0.949 -0.303 -0.083
 outer loop
  vertex 3.646 1.45 10.131
  vertex 3.664 1.45 9.931
  vertex 3.796 0.979 10.144
 endloop
endfacet
facet normal -0.949 -0.303 -0.083
 outer loop
  vertex 3.796 0.979 10.144
  vertex 3.664 1.45 9.931
  vertex 3.813 0.979 9.944
 endloop
endfacet
facet normal -0.979 -0.184 -0.086
 outer loop
  vertex 3.796 0.979 10.144
  vertex 3.813 0.979 9.944
  vertex 3.886 0.493 10.152
 endloop
endfacet
facet normal -0.979 -0.184 -0.086
 outer loop
  vertex 3.886 0.493 10.152
  vertex 3.813 0.979 9.944
  vertex 3.903 0.493 9.952
 endloop
endfacet
facet normal -0.994 -0.062 -0.087
 outer loop
  vertex 3.886 0.493 10.152
  vertex 3.903 0.493 9.952
  vertex 3.916 -0 10.154
 endloop
endfacet
facet normal -0.994 -0.062 -0.087
 outer loop
  vertex 3.916 -0 10.154
  vertex 3.903 0.493 9.952
  vertex 3.934 -0 9.955
 endloop
endfacet
facet normal -0.994 0.062 -0.087
 outer loop
  vertex 3.916 -0 10.154
  vertex 3.934 -0 9.955
  vertex 3.886 -0.493 10.152
 endloop
endfacet
facet normal -0.994 0.062 -0.087
 outer loop
  vertex 3.886 -0.493 10.152
  vertex 3.934 -0 9.955
  vertex 3.903 -0.493 9.952
 endloop
endfacet
facet normal -0.979 0.184 -0.086
 outer loop
  vertex 3.886 -0.493 10.152
  vertex 3.903 -0.493 9.952
  vertex 3.796 -0.979 10.144
 endloop
endfacet
facet normal -0.979 0.184 -0.086
 outer loop
  vertex 3.796 -0.979 10.144
  vertex 3.903 -0.493 9.952
  vertex 3.813 -0.979 9.944
 endloop
endfacet
facet normal -0.949 0.303 -0.083
 outer loop
  vertex 3.796 -0.979 10.144
  vertex 3.813 -0.979 9.944
  vertex 3.646 -1.45 10.131
 endloop
endfacet
facet normal -0.949 0.303 -0.083
 outer loop
  vertex 3.646 -1.45 10.131
  vertex 3.813 -0.979 9.944
  vertex 3.664 -1.45 9.931
 endloop
endfacet
facet normal -0.905 0.418 -0.079
 outer loop
  vertex 3.646 -1.45 10.131
  vertex 3.664 -1.45 9.931
  vertex 3.44 -1.9 10.113
 endloop
endfacet
facet normal -0.905 0.418 -0.079
 outer loop
  vertex 3.44 -1.9 10.113
  vertex 3.664 -1.45 9.931
  vertex 3.458 -1.9 9.913
 endloop
endfacet
facet normal -0.847 0.526 -0.074
 outer loop
  vertex 3.44 -1.9 10.113
  vertex 3.458 -1.9 9.913
  vertex 3.181 -2.32 10.09
 endloop
endfacet
facet normal -0.847 0.526 -0.074
 outer loop
  vertex 3.181 -2.32 10.09
  vertex 3.458 -1.9 9.913
  vertex 3.199 -2.32 9.891
 endloop
endfacet
facet normal -0.776 0.627 -0.068
 outer loop
  vertex 3.181 -2.32 10.09
  vertex 3.199 -2.32 9.891
  vertex 2.872 -2.705 10.063
 endloop
endfacet
facet normal -0.776 0.627 -0.068
 outer loop
  vertex 2.872 -2.705 10.063
  vertex 3.199 -2.32 9.891
  vertex 2.89 -2.705 9.864
 endloop
endfacet
facet normal -0.693 0.718 -0.061
 outer loop
  vertex 2.872 -2.705 10.063
  vertex 2.89 -2.705 9.864
  vertex 2.519 -3.049 10.032
 endloop
endfacet
facet normal -0.693 0.718 -0.061
 outer loop
  vertex 2.519 -3.049 10.032
  vertex 2.89 -2.705 9.864
  vertex 2.536 -3.049 9.833
 endloop
endfacet
facet normal -0.6 0.798 -0.053
 outer loop
  vertex 2.519 -3.049 10.032
  vertex 2.536 -3.049 9.833
  vertex 2.126 -3.347 9.998
 endloop
endfacet
facet normal -0.6 0.798 -0.053
 outer loop
  vertex 2.126 -3.347 9.998
  vertex 2.536 -3.049 9.833
  vertex 2.143 -3.347 9.798
 endloop
endfacet
facet normal -0.498 0.866 -0.044
 outer loop
  vertex 2.126 -3.347 9.998
  vertex 2.143 -3.347 9.798
  vertex 1.699 -3.594 9.96
 endloop
endfacet
facet normal -0.498 0.866 -0.044
 outer loop
  vertex 1.699 -3.594 9.96
  vertex 2.143 -3.347 9.798
  vertex 1.717 -3.594 9.761
 endloop
endfacet
facet normal -0.388 0.921 -0.034
 outer loop
  vertex 1.699 -3.594 9.96
  vertex 1.717 -3.594 9.761
  vertex 1.246 -3.787 9.921
 endloop
endfacet
facet normal -0.388 0.921 -0.034
 outer loop
  vertex 1.246 -3.787 9.921
  vertex 1.717 -3.594 9.761
  vertex 1.263 -3.787 9.721
 endloop
endfacet
facet normal -0.273 0.962 -0.024
 outer loop
  vertex 1.246 -3.787 9.921
  vertex 1.263 -3.787 9.721
  vertex 0.772 -3.922 9.879
 endloop
endfacet
facet normal -0.273 0.962 -0.024
 outer loop
  vertex 0.772 -3.922 9.879
  vertex 1.263 -3.787 9.721
  vertex 0.789 -3.922 9.68
 endloop
endfacet
facet normal -0.153 0.988 -0.013
 outer loop
  vertex 0.772 -3.922 9.879
  vertex 0.789 -3.922 9.68
  vertex 0.285 -3.998 9.837
 endloop
endfacet
facet normal -0.153 0.988 -0.013
 outer loop
  vertex 0.285 -3.998 9.837
  vertex 0.789 -3.922 9.68
  vertex 0.303 -3.998 9.637
 endloop
endfacet
facet normal -0.031 1 -0.003
 outer loop
  vertex 0.285 -3.998 9.837
  vertex 0.303 -3.998 9.637
  vertex -0.207 -4.013 9.794
 endloop
endfacet
facet normal -0.031 1 -0.003
 outer loop
  vertex -0.207 -4.013 9.794
  vertex 0.303 -3.998 9.637
  vertex -0.189 -4.013 9.594
 endloop
endfacet
facet normal 0.092 0.996 0.008
 outer loop
  vertex -0.207 -4.013 9.794
  vertex -0.189 -4.013 9.594
  vertex -0.697 -3.968 9.751
 endloop
endfacet
facet normal 0.092 0.996 0.008
 outer loop
  vertex -0.697 -3.968 9.751
  vertex -0.189 -4.013 9.594
  vertex -0.68 -3.968 9.551
 endloop
endfacet
facet normal 0.213 0.977 0.019
 outer loop
  vertex -0.697 -3.968 9.751
  vertex -0.68 -3.968 9.551
  vertex -1.178 -3.862 9.709
 endloop
endfacet
facet normal 0.213 0.977 0.019
 outer loop
  vertex -1.178 -3.862 9.709
  vertex -0.68 -3.968 9.551
  vertex -1.161 -3.862 9.509
 endloop
endfacet
facet normal 0.331 0.943 0.029
 outer loop
  vertex -1.178 -3.862 9.709
  vertex -1.161 -3.862 9.509
  vertex -1.643 -3.698 9.668
 endloop
endfacet
facet normal 0.331 0.943 0.029
 outer loop
  vertex -1.643 -3.698 9.668
  vertex -1.161 -3.862 9.509
  vertex -1.625 -3.698 9.469
 endloop
endfacet
facet normal 0.444 0.895 0.039
 outer loop
  vertex -1.643 -3.698 9.668
  vertex -1.625 -3.698 9.469
  vertex -2.084 -3.477 9.629
 endloop
endfacet
facet normal 0.444 0.895 0.039
 outer loop
  vertex -2.084 -3.477 9.629
  vertex -1.625 -3.698 9.469
  vertex -2.066 -3.477 9.43
 endloop
endfacet
facet normal 0.55 0.834 0.048
 outer loop
  vertex -2.084 -3.477 9.629
  vertex -2.066 -3.477 9.43
  vertex -2.494 -3.204 9.593
 endloop
endfacet
facet normal 0.55 0.834 0.048
 outer loop
  vertex -2.494 -3.204 9.593
  vertex -2.066 -3.477 9.43
  vertex -2.477 -3.204 9.394
 endloop
endfacet
facet normal 0.648 0.759 0.057
 outer loop
  vertex -2.494 -3.204 9.593
  vertex -2.477 -3.204 9.394
  vertex -2.868 -2.883 9.561
 endloop
endfacet
facet normal 0.648 0.759 0.057
 outer loop
  vertex -2.868 -2.883 9.561
  vertex -2.477 -3.204 9.394
  vertex -2.851 -2.883 9.361
 endloop
endfacet
facet normal 0.736 0.674 0.064
 outer loop
  vertex -2.868 -2.883 9.561
  vertex -2.851 -2.883 9.361
  vertex -3.2 -2.517 9.532
 endloop
endfacet
facet normal 0.736 0.674 0.064
 outer loop
  vertex -3.2 -2.517 9.532
  vertex -2.851 -2.883 9.361
  vertex -3.183 -2.517 9.332
 endloop
endfacet
facet normal 0.813 0.578 0.071
 outer loop
  vertex -3.2 -2.517 9.532
  vertex -3.183 -2.517 9.332
  vertex -3.485 -2.114 9.507
 endloop
endfacet
facet normal 0.813 0.578 0.071
 outer loop
  vertex -3.485 -2.114 9.507
  vertex -3.183 -2.517 9.332
  vertex -3.467 -2.114 9.308
 endloop
endfacet
facet normal 0.878 0.473 0.077
 outer loop
  vertex -3.485 -2.114 9.507
  vertex -3.467 -2.114 9.308
  vertex -3.718 -1.678 9.486
 endloop
endfacet
facet normal 0.878 0.473 0.077
 outer loop
  vertex -3.718 -1.678 9.486
  vertex -3.467 -2.114 9.308
  vertex -3.7 -1.678 9.287
 endloop
endfacet
facet normal 0.929 0.361 0.081
 outer loop
  vertex -3.718 -1.678 9.486
  vertex -3.7 -1.678 9.287
  vertex -3.895 -1.217 9.471
 endloop
endfacet
facet normal 0.929 0.361 0.081
 outer loop
  vertex -3.895 -1.217 9.471
  vertex -3.7 -1.678 9.287
  vertex -3.878 -1.217 9.272
 endloop
endfacet
facet normal 0.966 0.244 0.085
 outer loop
  vertex -3.895 -1.217 9.471
  vertex -3.878 -1.217 9.272
  vertex -4.016 -0.738 9.46
 endloop
endfacet
facet normal 0.966 0.244 0.085
 outer loop
  vertex -4.016 -0.738 9.46
  vertex -3.878 -1.217 9.272
  vertex -3.998 -0.738 9.261
 endloop
endfacet
facet normal 0.989 0.123 0.086
 outer loop
  vertex -4.016 -0.738 9.46
  vertex -3.998 -0.738 9.261
  vertex -4.076 -0.247 9.455
 endloop
endfacet
facet normal 0.989 0.123 0.086
 outer loop
  vertex -4.076 -0.247 9.455
  vertex -3.998 -0.738 9.261
  vertex -4.059 -0.247 9.256
 endloop
endfacet
facet normal 0.086 0.009 -0.996
 outer loop
  vertex -0.372 3.204 10.542
  vertex -0.494 3.188 10.531
  vertex -0.495 3.194 10.531
 endloop
endfacet
facet normal 0.086 0.009 -0.996
 outer loop
  vertex -0.495 3.194 10.531
  vertex -0.494 3.188 10.531
  vertex -0.641 3.174 10.519
 endloop
endfacet
facet normal 0.087 0.001 -0.996
 outer loop
  vertex -0.494 3.188 10.531
  vertex -0.638 3.162 10.519
  vertex -0.641 3.174 10.519
 endloop
endfacet
facet normal 0.087 0.001 -0.996
 outer loop
  vertex -0.641 3.174 10.519
  vertex -0.638 3.162 10.519
  vertex -0.881 3.103 10.498
 endloop
endfacet
facet normal 0.086 0.003 -0.996
 outer loop
  vertex -0.641 3.174 10.519
  vertex -0.881 3.103 10.498
  vertex -0.886 3.126 10.497
 endloop
endfacet
facet normal 0.087 0.003 -0.996
 outer loop
  vertex -0.886 3.126 10.497
  vertex -0.881 3.103 10.498
  vertex -1.026 3.09 10.485
 endloop
endfacet
facet normal 0.087 -0.002 -0.996
 outer loop
  vertex -0.881 3.103 10.498
  vertex -1.016 3.061 10.486
  vertex -1.026 3.09 10.485
 endloop
endfacet
facet normal 0.088 -0.002 -0.996
 outer loop
  vertex -1.026 3.09 10.485
  vertex -1.016 3.061 10.486
  vertex -1.254 2.971 10.465
 endloop
endfacet
facet normal 0.087 -0.001 -0.996
 outer loop
  vertex -1.026 3.09 10.485
  vertex -1.254 2.971 10.465
  vertex -1.268 3.01 10.464
 endloop
endfacet
facet normal 0.088 -0.001 -0.996
 outer loop
  vertex -1.268 3.01 10.464
  vertex -1.254 2.971 10.465
  vertex -1.397 2.958 10.452
 endloop
endfacet
facet normal 0.088 -0.001 -0.996
 outer loop
  vertex -1.254 2.971 10.465
  vertex -1.377 2.915 10.454
  vertex -1.397 2.958 10.452
 endloop
endfacet
facet normal 0.087 -0.001 -0.996
 outer loop
  vertex -1.397 2.958 10.452
  vertex -1.377 2.915 10.454
  vertex -1.608 2.794 10.434
 endloop
endfacet
facet normal 0.087 -0 -0.996
 outer loop
  vertex -1.397 2.958 10.452
  vertex -1.608 2.794 10.434
  vertex -1.75 2.782 10.422
 endloop
endfacet
facet normal 0.087 0 -0.996
 outer loop
  vertex -1.75 2.782 10.422
  vertex -1.608 2.794 10.434
  vertex -1.938 2.574 10.405
 endloop
endfacet
facet normal 0.087 0 -0.996
 outer loop
  vertex -1.75 2.782 10.422
  vertex -1.938 2.574 10.405
  vertex -2.078 2.563 10.393
 endloop
endfacet
facet normal 0.087 -0 -0.996
 outer loop
  vertex -2.078 2.563 10.393
  vertex -1.938 2.574 10.405
  vertex -2.238 2.316 10.379
 endloop
endfacet
facet normal 0.087 0 -0.996
 outer loop
  vertex -2.078 2.563 10.393
  vertex -2.238 2.316 10.379
  vertex -2.378 2.306 10.367
 endloop
endfacet
facet normal 0.087 0 -0.996
 outer loop
  vertex -2.378 2.306 10.367
  vertex -2.238 2.316 10.379
  vertex -2.505 2.022 10.355
 endloop
endfacet
facet normal 0.087 0 -0.996
 outer loop
  vertex -2.378 2.306 10.367
  vertex -2.505 2.022 10.355
  vertex -2.643 2.014 10.343
 endloop
endfacet
facet normal 0.087 -0 -0.996
 outer loop
  vertex -2.643 2.014 10.343
  vertex -2.505 2.022 10.355
  vertex -2.734 1.698 10.335
 endloop
endfacet
facet normal 0.087 -0 -0.996
 outer loop
  vertex -2.643 2.014 10.343
  vertex -2.734 1.698 10.335
  vertex -2.871 1.691 10.323
 endloop
endfacet
facet normal 0.087 0 -0.996
 outer loop
  vertex -2.871 1.691 10.323
  vertex -2.734 1.698 10.335
  vertex -2.921 1.348 10.319
 endloop
endfacet
facet normal 0.087 0 -0.996
 outer loop
  vertex -2.871 1.691 10.323
  vertex -2.921 1.348 10.319
  vertex -3.057 1.343 10.307
 endloop
endfacet
facet normal 0.087 0 -0.996
 outer loop
  vertex -3.057 1.343 10.307
  vertex -2.921 1.348 10.319
  vertex -3.064 0.978 10.307
 endloop
endfacet
facet normal 0.087 0 -0.996
 outer loop
  vertex -3.057 1.343 10.307
  vertex -3.064 0.978 10.307
  vertex -3.199 0.974 10.295
 endloop
endfacet
facet normal 0.087 0 -0.996
 outer loop
  vertex -3.199 0.974 10.295
  vertex -3.064 0.978 10.307
  vertex -3.16 0.593 10.298
 endloop
endfacet
facet normal 0.087 0 -0.996
 outer loop
  vertex -3.199 0.974 10.295
  vertex -3.16 0.593 10.298
  vertex -3.295 0.59 10.286
 endloop
endfacet
facet normal 0.087 0 -0.996
 outer loop
  vertex -3.295 0.59 10.286
  vertex -3.16 0.593 10.298
  vertex -3.209 0.199 10.294
 endloop
endfacet
facet normal 0.087 0 -0.996
 outer loop
  vertex -3.295 0.59 10.286
  vertex -3.209 0.199 10.294
  vertex -3.344 0.198 10.282
 endloop
endfacet
facet normal 0.087 0 -0.996
 outer loop
  vertex -3.344 0.198 10.282
  vertex -3.209 0.199 10.294
  vertex -3.344 -0.198 10.282
 endloop
endfacet
facet normal 0.087 0 -0.996
 outer loop
  vertex -3.209 0.199 10.294
  vertex -3.209 -0.199 10.294
  vertex -3.344 -0.198 10.282
 endloop
endfacet
facet normal 0.087 -0 -0.996
 outer loop
  vertex -3.344 -0.198 10.282
  vertex -3.209 -0.199 10.294
  vertex -3.295 -0.59 10.286
 endloop
endfacet
facet normal 0.087 -0 -0.996
 outer loop
  vertex -3.209 -0.199 10.294
  vertex -3.16 -0.593 10.298
  vertex -3.295 -0.59 10.286
 endloop
endfacet
facet normal 0.087 -0 -0.996
 outer loop
  vertex -3.295 -0.59 10.286
  vertex -3.16 -0.593 10.298
  vertex -3.199 -0.974 10.295
 endloop
endfacet
facet normal 0.087 -0 -0.996
 outer loop
  vertex -3.16 -0.593 10.298
  vertex -3.064 -0.978 10.307
  vertex -3.199 -0.974 10.295
 endloop
endfacet
facet normal 0.087 -0 -0.996
 outer loop
  vertex -3.199 -0.974 10.295
  vertex -3.064 -0.978 10.307
  vertex -3.057 -1.343 10.307
 endloop
endfacet
facet normal 0.087 -0 -0.996
 outer loop
  vertex -3.064 -0.978 10.307
  vertex -2.921 -1.348 10.319
  vertex -3.057 -1.343 10.307
 endloop
endfacet
facet normal 0.087 -0 -0.996
 outer loop
  vertex -3.057 -1.343 10.307
  vertex -2.921 -1.348 10.319
  vertex -2.871 -1.691 10.323
 endloop
endfacet
facet normal 0.087 -0 -0.996
 outer loop
  vertex -2.921 -1.348 10.319
  vertex -2.734 -1.698 10.335
  vertex -2.871 -1.691 10.323
 endloop
endfacet
facet normal 0.087 0 -0.996
 outer loop
  vertex -2.871 -1.691 10.323
  vertex -2.734 -1.698 10.335
  vertex -2.643 -2.014 10.343
 endloop
endfacet
facet normal 0.087 0 -0.996
 outer loop
  vertex -2.734 -1.698 10.335
  vertex -2.505 -2.022 10.355
  vertex -2.643 -2.014 10.343
 endloop
endfacet
facet normal 0.087 -0 -0.996
 outer loop
  vertex -2.643 -2.014 10.343
  vertex -2.505 -2.022 10.355
  vertex -2.378 -2.306 10.367
 endloop
endfacet
facet normal 0.087 -0 -0.996
 outer loop
  vertex -2.505 -2.022 10.355
  vertex -2.238 -2.316 10.379
  vertex -2.378 -2.306 10.367
 endloop
endfacet
facet normal 0.087 -0 -0.996
 outer loop
  vertex -2.378 -2.306 10.367
  vertex -2.238 -2.316 10.379
  vertex -2.078 -2.563 10.393
 endloop
endfacet
facet normal 0.087 0 -0.996
 outer loop
  vertex -2.238 -2.316 10.379
  vertex -1.938 -2.574 10.405
  vertex -2.078 -2.563 10.393
 endloop
endfacet
facet normal 0.087 -0 -0.996
 outer loop
  vertex -2.078 -2.563 10.393
  vertex -1.938 -2.574 10.405
  vertex -1.75 -2.782 10.422
 endloop
endfacet
facet normal 0.087 -0 -0.996
 outer loop
  vertex -1.938 -2.574 10.405
  vertex -1.608 -2.794 10.434
  vertex -1.75 -2.782 10.422
 endloop
endfacet
facet normal 0.087 0 -0.996
 outer loop
  vertex -1.75 -2.782 10.422
  vertex -1.608 -2.794 10.434
  vertex -1.397 -2.958 10.452
 endloop
endfacet
facet normal 0.087 0.001 -0.996
 outer loop
  vertex -1.608 -2.794 10.434
  vertex -1.377 -2.915 10.454
  vertex -1.397 -2.958 10.452
 endloop
endfacet
facet normal 0.088 0.001 -0.996
 outer loop
  vertex -1.397 -2.958 10.452
  vertex -1.377 -2.915 10.454
  vertex -1.254 -2.971 10.465
 endloop
endfacet
facet normal 0.088 0.001 -0.996
 outer loop
  vertex -1.397 -2.958 10.452
  vertex -1.254 -2.971 10.465
  vertex -1.268 -3.01 10.464
 endloop
endfacet
facet normal 0.087 0.001 -0.996
 outer loop
  vertex -1.268 -3.01 10.464
  vertex -1.254 -2.971 10.465
  vertex -1.026 -3.09 10.485
 endloop
endfacet
facet normal 0.088 0.002 -0.996
 outer loop
  vertex -1.254 -2.971 10.465
  vertex -1.016 -3.061 10.486
  vertex -1.026 -3.09 10.485
 endloop
endfacet
facet normal 0.087 0.002 -0.996
 outer loop
  vertex -1.026 -3.09 10.485
  vertex -1.016 -3.061 10.486
  vertex -0.881 -3.103 10.498
 endloop
endfacet
facet normal 0.087 -0.003 -0.996
 outer loop
  vertex -1.026 -3.09 10.485
  vertex -0.881 -3.103 10.498
  vertex -0.886 -3.126 10.497
 endloop
endfacet
facet normal 0.086 -0.003 -0.996
 outer loop
  vertex -0.886 -3.126 10.497
  vertex -0.881 -3.103 10.498
  vertex -0.641 -3.174 10.519
 endloop
endfacet
facet normal 0.087 -0.001 -0.996
 outer loop
  vertex -0.881 -3.103 10.498
  vertex -0.638 -3.162 10.519
  vertex -0.641 -3.174 10.519
 endloop
endfacet
facet normal 0.087 -0.001 -0.996
 outer loop
  vertex -0.641 -3.174 10.519
  vertex -0.638 -3.162 10.519
  vertex -0.494 -3.188 10.531
 endloop
endfacet
facet normal 0.086 -0.009 -0.996
 outer loop
  vertex -0.641 -3.174 10.519
  vertex -0.494 -3.188 10.531
  vertex -0.495 -3.194 10.531
 endloop
endfacet
facet normal 0.086 -0.009 -0.996
 outer loop
  vertex -0.495 -3.194 10.531
  vertex -0.494 -3.188 10.531
  vertex -0.372 -3.204 10.542
 endloop
endfacet
facet normal -0.087 -0.003 0.996
 outer loop
  vertex 0.222 3.204 8.867
  vertex 0.295 3.195 8.874
  vertex 0.295 3.199 8.874
 endloop
endfacet
facet normal -0.088 -0.003 0.996
 outer loop
  vertex 0.295 3.199 8.874
  vertex 0.295 3.195 8.874
  vertex 0.539 3.151 8.895
 endloop
endfacet
facet normal -0.087 -0 0.996
 outer loop
  vertex 0.295 3.199 8.874
  vertex 0.539 3.151 8.895
  vertex 0.541 3.166 8.895
 endloop
endfacet
facet normal -0.087 -0 0.996
 outer loop
  vertex 0.541 3.166 8.895
  vertex 0.539 3.151 8.895
  vertex 0.685 3.138 8.908
 endloop
endfacet
facet normal -0.087 0 0.996
 outer loop
  vertex 0.539 3.151 8.895
  vertex 0.679 3.117 8.907
  vertex 0.685 3.138 8.908
 endloop
endfacet
facet normal -0.087 0 0.996
 outer loop
  vertex 0.685 3.138 8.908
  vertex 0.679 3.117 8.907
  vertex 0.919 3.043 8.928
 endloop
endfacet
facet normal -0.087 0 0.996
 outer loop
  vertex 0.685 3.138 8.908
  vertex 0.919 3.043 8.928
  vertex 0.929 3.074 8.929
 endloop
endfacet
facet normal -0.087 0 0.996
 outer loop
  vertex 0.929 3.074 8.929
  vertex 0.919 3.043 8.928
  vertex 1.064 3.03 8.941
 endloop
endfacet
facet normal -0.087 0 0.996
 outer loop
  vertex 0.919 3.043 8.928
  vertex 1.049 2.994 8.94
  vertex 1.064 3.03 8.941
 endloop
endfacet
facet normal -0.087 0 0.996
 outer loop
  vertex 1.064 3.03 8.941
  vertex 1.049 2.994 8.94
  vertex 1.284 2.888 8.96
 endloop
endfacet
facet normal -0.087 -0 0.996
 outer loop
  vertex 1.064 3.03 8.941
  vertex 1.284 2.888 8.96
  vertex 1.304 2.933 8.962
 endloop
endfacet
facet normal -0.087 -0 0.996
 outer loop
  vertex 1.304 2.933 8.962
  vertex 1.284 2.888 8.96
  vertex 1.426 2.875 8.973
 endloop
endfacet
facet normal -0.087 -0 0.996
 outer loop
  vertex 1.284 2.888 8.96
  vertex 1.4 2.827 8.97
  vertex 1.426 2.875 8.973
 endloop
endfacet
facet normal -0.087 -0 0.996
 outer loop
  vertex 1.426 2.875 8.973
  vertex 1.4 2.827 8.97
  vertex 1.626 2.689 8.99
 endloop
endfacet
facet normal -0.087 -0 0.996
 outer loop
  vertex 1.426 2.875 8.973
  vertex 1.626 2.689 8.99
  vertex 1.768 2.678 9.003
 endloop
endfacet
facet normal -0.087 -0 0.996
 outer loop
  vertex 1.768 2.678 9.003
  vertex 1.626 2.689 8.99
  vertex 1.942 2.45 9.018
 endloop
endfacet
facet normal -0.087 -0 0.996
 outer loop
  vertex 1.768 2.678 9.003
  vertex 1.942 2.45 9.018
  vertex 2.082 2.439 9.03
 endloop
endfacet
facet normal -0.087 0 0.996
 outer loop
  vertex 2.082 2.439 9.03
  vertex 1.942 2.45 9.018
  vertex 2.226 2.173 9.043
 endloop
endfacet
facet normal -0.087 -0 0.996
 outer loop
  vertex 2.082 2.439 9.03
  vertex 2.226 2.173 9.043
  vertex 2.365 2.164 9.055
 endloop
endfacet
facet normal -0.087 0 0.996
 outer loop
  vertex 2.365 2.164 9.055
  vertex 2.226 2.173 9.043
  vertex 2.474 1.864 9.064
 endloop
endfacet
facet normal -0.087 0 0.996
 outer loop
  vertex 2.365 2.164 9.055
  vertex 2.474 1.864 9.064
  vertex 2.612 1.856 9.077
 endloop
endfacet
facet normal -0.087 0 0.996
 outer loop
  vertex 2.612 1.856 9.077
  vertex 2.474 1.864 9.064
  vertex 2.683 1.526 9.083
 endloop
endfacet
facet normal -0.087 -0 0.996
 outer loop
  vertex 2.612 1.856 9.077
  vertex 2.683 1.526 9.083
  vertex 2.819 1.52 9.095
 endloop
endfacet
facet normal -0.087 -0 0.996
 outer loop
  vertex 2.819 1.52 9.095
  vertex 2.683 1.526 9.083
  vertex 2.848 1.165 9.097
 endloop
endfacet
facet normal -0.087 -0 0.996
 outer loop
  vertex 2.819 1.52 9.095
  vertex 2.848 1.165 9.097
  vertex 2.984 1.16 9.109
 endloop
endfacet
facet normal -0.087 -0 0.996
 outer loop
  vertex 2.984 1.16 9.109
  vertex 2.848 1.165 9.097
  vertex 2.968 0.787 9.108
 endloop
endfacet
facet normal -0.087 -0 0.996
 outer loop
  vertex 2.984 1.16 9.109
  vertex 2.968 0.787 9.108
  vertex 3.103 0.784 9.12
 endloop
endfacet
facet normal -0.087 -0 0.996
 outer loop
  vertex 3.103 0.784 9.12
  vertex 2.968 0.787 9.108
  vertex 3.041 0.396 9.114
 endloop
endfacet
facet normal -0.087 0 0.996
 outer loop
  vertex 3.103 0.784 9.12
  vertex 3.041 0.396 9.114
  vertex 3.176 0.395 9.126
 endloop
endfacet
facet normal -0.087 0 0.996
 outer loop
  vertex 3.176 0.395 9.126
  vertex 3.041 0.396 9.114
  vertex 3.065 0 9.116
 endloop
endfacet
facet normal -0.087 -0 0.996
 outer loop
  vertex 3.176 0.395 9.126
  vertex 3.065 0 9.116
  vertex 3.2 -0 9.128
 endloop
endfacet
facet normal -0.087 0 0.996
 outer loop
  vertex 3.2 -0 9.128
  vertex 3.065 0 9.116
  vertex 3.176 -0.395 9.126
 endloop
endfacet
facet normal -0.087 -0 0.996
 outer loop
  vertex 3.065 0 9.116
  vertex 3.041 -0.396 9.114
  vertex 3.176 -0.395 9.126
 endloop
endfacet
facet normal -0.087 -0 0.996
 outer loop
  vertex 3.176 -0.395 9.126
  vertex 3.041 -0.396 9.114
  vertex 3.103 -0.784 9.12
 endloop
endfacet
facet normal -0.087 0 0.996
 outer loop
  vertex 3.041 -0.396 9.114
  vertex 2.968 -0.787 9.108
  vertex 3.103 -0.784 9.12
 endloop
endfacet
facet normal -0.087 0 0.996
 outer loop
  vertex 3.103 -0.784 9.12
  vertex 2.968 -0.787 9.108
  vertex 2.984 -1.16 9.109
 endloop
endfacet
facet normal -0.087 0 0.996
 outer loop
  vertex 2.968 -0.787 9.108
  vertex 2.848 -1.165 9.097
  vertex 2.984 -1.16 9.109
 endloop
endfacet
facet normal -0.087 0 0.996
 outer loop
  vertex 2.984 -1.16 9.109
  vertex 2.848 -1.165 9.097
  vertex 2.819 -1.52 9.095
 endloop
endfacet
facet normal -0.087 0 0.996
 outer loop
  vertex 2.848 -1.165 9.097
  vertex 2.683 -1.526 9.083
  vertex 2.819 -1.52 9.095
 endloop
endfacet
facet normal -0.087 0 0.996
 outer loop
  vertex 2.819 -1.52 9.095
  vertex 2.683 -1.526 9.083
  vertex 2.612 -1.856 9.077
 endloop
endfacet
facet normal -0.087 -0 0.996
 outer loop
  vertex 2.683 -1.526 9.083
  vertex 2.474 -1.864 9.064
  vertex 2.612 -1.856 9.077
 endloop
endfacet
facet normal -0.087 -0 0.996
 outer loop
  vertex 2.612 -1.856 9.077
  vertex 2.474 -1.864 9.064
  vertex 2.365 -2.164 9.055
 endloop
endfacet
facet normal -0.087 -0 0.996
 outer loop
  vertex 2.474 -1.864 9.064
  vertex 2.226 -2.173 9.043
  vertex 2.365 -2.164 9.055
 endloop
endfacet
facet normal -0.087 0 0.996
 outer loop
  vertex 2.365 -2.164 9.055
  vertex 2.226 -2.173 9.043
  vertex 2.082 -2.439 9.03
 endloop
endfacet
facet normal -0.087 -0 0.996
 outer loop
  vertex 2.226 -2.173 9.043
  vertex 1.942 -2.45 9.018
  vertex 2.082 -2.439 9.03
 endloop
endfacet
facet normal -0.087 0 0.996
 outer loop
  vertex 2.082 -2.439 9.03
  vertex 1.942 -2.45 9.018
  vertex 1.768 -2.678 9.003
 endloop
endfacet
facet normal -0.087 0 0.996
 outer loop
  vertex 1.942 -2.45 9.018
  vertex 1.626 -2.689 8.99
  vertex 1.768 -2.678 9.003
 endloop
endfacet
facet normal -0.087 0 0.996
 outer loop
  vertex 1.768 -2.678 9.003
  vertex 1.626 -2.689 8.99
  vertex 1.426 -2.875 8.973
 endloop
endfacet
facet normal -0.087 0 0.996
 outer loop
  vertex 1.626 -2.689 8.99
  vertex 1.4 -2.827 8.97
  vertex 1.426 -2.875 8.973
 endloop
endfacet
facet normal -0.087 0 0.996
 outer loop
  vertex 1.426 -2.875 8.973
  vertex 1.4 -2.827 8.97
  vertex 1.284 -2.888 8.96
 endloop
endfacet
facet normal -0.087 0 0.996
 outer loop
  vertex 1.426 -2.875 8.973
  vertex 1.284 -2.888 8.96
  vertex 1.304 -2.933 8.962
 endloop
endfacet
facet normal -0.087 0 0.996
 outer loop
  vertex 1.304 -2.933 8.962
  vertex 1.284 -2.888 8.96
  vertex 1.064 -3.03 8.941
 endloop
endfacet
facet normal -0.087 -0 0.996
 outer loop
  vertex 1.284 -2.888 8.96
  vertex 1.049 -2.994 8.94
  vertex 1.064 -3.03 8.941
 endloop
endfacet
facet normal -0.087 -0 0.996
 outer loop
  vertex 1.064 -3.03 8.941
  vertex 1.049 -2.994 8.94
  vertex 0.919 -3.043 8.928
 endloop
endfacet
facet normal -0.087 -0 0.996
 outer loop
  vertex 1.064 -3.03 8.941
  vertex 0.919 -3.043 8.928
  vertex 0.929 -3.074 8.929
 endloop
endfacet
facet normal -0.087 -0 0.996
 outer loop
  vertex 0.929 -3.074 8.929
  vertex 0.919 -3.043 8.928
  vertex 0.685 -3.138 8.908
 endloop
endfacet
facet normal -0.087 -0 0.996
 outer loop
  vertex 0.919 -3.043 8.928
  vertex 0.679 -3.117 8.907
  vertex 0.685 -3.138 8.908
 endloop
endfacet
facet normal -0.087 -0 0.996
 outer loop
  vertex 0.685 -3.138 8.908
  vertex 0.679 -3.117 8.907
  vertex 0.539 -3.151 8.895
 endloop
endfacet
facet normal -0.087 0 0.996
 outer loop
  vertex 0.685 -3.138 8.908
  vertex 0.539 -3.151 8.895
  vertex 0.541 -3.166 8.895
 endloop
endfacet
facet normal -0.087 0 0.996
 outer loop
  vertex 0.541 -3.166 8.895
  vertex 0.539 -3.151 8.895
  vertex 0.295 -3.199 8.874
 endloop
endfacet
facet normal -0.088 0.003 0.996
 outer loop
  vertex 0.539 -3.151 8.895
  vertex 0.295 -3.195 8.874
  vertex 0.295 -3.199 8.874
 endloop
endfacet
facet normal -0.087 0.003 0.996
 outer loop
  vertex 0.295 -3.199 8.874
  vertex 0.295 -3.195 8.874
  vertex 0.222 -3.204 8.867
 endloop
endfacet
facet normal 0.236 -0.665 -0.708
 outer loop
  vertex -0.886 3.126 8.784
  vertex -1.026 3.09 8.771
  vertex -1.178 3.862 7.995
 endloop
endfacet
facet normal 0.277 -0.653 -0.705
 outer loop
  vertex -1.178 3.862 7.995
  vertex -1.026 3.09 8.771
  vertex -1.268 3.01 8.75
 endloop
endfacet
facet normal 0.292 -0.651 -0.701
 outer loop
  vertex -1.178 3.862 7.995
  vertex -1.268 3.01 8.75
  vertex -1.643 3.698 7.954
 endloop
endfacet
facet normal 0.316 -0.639 -0.701
 outer loop
  vertex -1.643 3.698 7.954
  vertex -1.268 3.01 8.75
  vertex -1.397 2.958 8.739
 endloop
endfacet
facet normal 0.369 -0.616 -0.696
 outer loop
  vertex -1.643 3.698 7.954
  vertex -1.397 2.958 8.739
  vertex -2.084 3.477 7.916
 endloop
endfacet
facet normal 0.369 -0.616 -0.696
 outer loop
  vertex -2.084 3.477 7.916
  vertex -1.397 2.958 8.739
  vertex -1.75 2.782 8.708
 endloop
endfacet
facet normal 0.442 -0.574 -0.69
 outer loop
  vertex -2.084 3.477 7.916
  vertex -1.75 2.782 8.708
  vertex -2.494 3.204 7.88
 endloop
endfacet
facet normal 0.442 -0.574 -0.69
 outer loop
  vertex -2.494 3.204 7.88
  vertex -1.75 2.782 8.708
  vertex -2.078 2.563 8.679
 endloop
endfacet
facet normal 0.509 -0.523 -0.684
 outer loop
  vertex -2.494 3.204 7.88
  vertex -2.078 2.563 8.679
  vertex -2.868 2.883 7.847
 endloop
endfacet
facet normal 0.509 -0.523 -0.684
 outer loop
  vertex -2.868 2.883 7.847
  vertex -2.078 2.563 8.679
  vertex -2.378 2.306 8.653
 endloop
endfacet
facet normal 0.57 -0.464 -0.679
 outer loop
  vertex -2.868 2.883 7.847
  vertex -2.378 2.306 8.653
  vertex -3.2 2.517 7.818
 endloop
endfacet
facet normal 0.57 -0.464 -0.679
 outer loop
  vertex -3.2 2.517 7.818
  vertex -2.378 2.306 8.653
  vertex -2.643 2.014 8.63
 endloop
endfacet
facet normal 0.623 -0.398 -0.674
 outer loop
  vertex -3.2 2.517 7.818
  vertex -2.643 2.014 8.63
  vertex -3.485 2.114 7.793
 endloop
endfacet
facet normal 0.623 -0.398 -0.674
 outer loop
  vertex -3.485 2.114 7.793
  vertex -2.643 2.014 8.63
  vertex -2.871 1.691 8.61
 endloop
endfacet
facet normal 0.667 -0.326 -0.67
 outer loop
  vertex -3.485 2.114 7.793
  vertex -2.871 1.691 8.61
  vertex -3.718 1.678 7.773
 endloop
endfacet
facet normal 0.667 -0.326 -0.67
 outer loop
  vertex -3.718 1.678 7.773
  vertex -2.871 1.691 8.61
  vertex -3.057 1.343 8.594
 endloop
endfacet
facet normal 0.702 -0.249 -0.667
 outer loop
  vertex -3.718 1.678 7.773
  vertex -3.057 1.343 8.594
  vertex -3.895 1.217 7.757
 endloop
endfacet
facet normal 0.702 -0.249 -0.667
 outer loop
  vertex -3.895 1.217 7.757
  vertex -3.057 1.343 8.594
  vertex -3.199 0.974 8.581
 endloop
endfacet
facet normal 0.728 -0.168 -0.665
 outer loop
  vertex -3.895 1.217 7.757
  vertex -3.199 0.974 8.581
  vertex -4.016 0.738 7.747
 endloop
endfacet
facet normal 0.728 -0.168 -0.665
 outer loop
  vertex -4.016 0.738 7.747
  vertex -3.199 0.974 8.581
  vertex -3.295 0.59 8.573
 endloop
endfacet
facet normal 0.743 -0.085 -0.663
 outer loop
  vertex -4.016 0.738 7.747
  vertex -3.295 0.59 8.573
  vertex -4.076 0.247 7.742
 endloop
endfacet
facet normal 0.743 -0.085 -0.663
 outer loop
  vertex -4.076 0.247 7.742
  vertex -3.295 0.59 8.573
  vertex -3.344 0.198 8.569
 endloop
endfacet
facet normal 0.748 -0.021 -0.663
 outer loop
  vertex -4.076 0.247 7.742
  vertex -3.344 0.198 8.569
  vertex -4.084 0 7.741
 endloop
endfacet
facet normal 0.746 0 -0.666
 outer loop
  vertex -4.084 0 7.741
  vertex -3.344 0.198 8.569
  vertex -3.344 -0.198 8.569
 endloop
endfacet
facet normal 0.748 0.021 -0.663
 outer loop
  vertex -4.084 0 7.741
  vertex -3.344 -0.198 8.569
  vertex -4.076 -0.247 7.742
 endloop
endfacet
facet normal 0.743 0.085 -0.663
 outer loop
  vertex -4.076 -0.247 7.742
  vertex -3.344 -0.198 8.569
  vertex -4.016 -0.738 7.747
 endloop
endfacet
facet normal 0.21 -0.675 -0.708
 outer loop
  vertex -1.178 3.862 7.995
  vertex -0.697 3.968 8.037
  vertex -0.886 3.126 8.784
 endloop
endfacet
facet normal 0.195 -0.675 -0.712
 outer loop
  vertex -0.886 3.126 8.784
  vertex -0.697 3.968 8.037
  vertex -0.641 3.174 8.805
 endloop
endfacet
facet normal 0.153 -0.682 -0.716
 outer loop
  vertex -0.641 3.174 8.805
  vertex -0.697 3.968 8.037
  vertex -0.495 3.194 8.818
 endloop
endfacet
facet normal 0.127 -0.688 -0.715
 outer loop
  vertex -0.495 3.194 8.818
  vertex -0.697 3.968 8.037
  vertex -0.207 4.013 8.08
 endloop
endfacet
facet normal 0.124 -0.687 -0.716
 outer loop
  vertex -0.495 3.194 8.818
  vertex -0.207 4.013 8.08
  vertex -0.372 3.204 8.829
 endloop
endfacet
facet normal 0.098 -0.687 -0.72
 outer loop
  vertex -0.372 3.204 8.829
  vertex -0.207 4.013 8.08
  vertex -0.248 3.214 8.837
 endloop
endfacet
facet normal 0.069 -0.687 -0.723
 outer loop
  vertex -0.248 3.214 8.837
  vertex -0.207 4.013 8.08
  vertex -0.099 3.218 8.846
 endloop
endfacet
facet normal 0.042 -0.69 -0.722
 outer loop
  vertex -0.099 3.218 8.846
  vertex -0.207 4.013 8.08
  vertex 0.285 3.998 8.123
 endloop
endfacet
facet normal 0.026 -0.687 -0.727
 outer loop
  vertex -0.099 3.218 8.846
  vertex 0.285 3.998 8.123
  vertex 0.147 3.211 8.863
 endloop
endfacet
facet normal -0.008 -0.684 -0.73
 outer loop
  vertex 0.147 3.211 8.863
  vertex 0.285 3.998 8.123
  vertex 0.222 3.204 8.867
 endloop
endfacet
facet normal -0.024 -0.683 -0.73
 outer loop
  vertex 0.222 3.204 8.867
  vertex 0.285 3.998 8.123
  vertex 0.295 3.195 8.874
 endloop
endfacet
facet normal -0.043 -0.683 -0.73
 outer loop
  vertex 0.295 3.195 8.874
  vertex 0.285 3.998 8.123
  vertex 0.772 3.922 8.166
 endloop
endfacet
facet normal -0.057 -0.677 -0.734
 outer loop
  vertex 0.295 3.195 8.874
  vertex 0.772 3.922 8.166
  vertex 0.539 3.151 8.895
 endloop
endfacet
facet normal -0.098 -0.668 -0.738
 outer loop
  vertex 0.539 3.151 8.895
  vertex 0.772 3.922 8.166
  vertex 0.679 3.117 8.907
 endloop
endfacet
facet normal -0.125 -0.664 -0.737
 outer loop
  vertex 0.772 3.922 8.166
  vertex 1.246 3.787 8.207
  vertex 0.679 3.117 8.907
 endloop
endfacet
facet normal -0.139 -0.657 -0.741
 outer loop
  vertex 0.679 3.117 8.907
  vertex 1.246 3.787 8.207
  vertex 0.919 3.043 8.928
 endloop
endfacet
facet normal -0.178 -0.643 -0.745
 outer loop
  vertex 0.919 3.043 8.928
  vertex 1.246 3.787 8.207
  vertex 1.049 2.994 8.94
 endloop
endfacet
facet normal -0.205 -0.636 -0.744
 outer loop
  vertex 1.049 2.994 8.94
  vertex 1.246 3.787 8.207
  vertex 1.699 3.594 8.247
 endloop
endfacet
facet normal -0.217 -0.627 -0.748
 outer loop
  vertex 1.049 2.994 8.94
  vertex 1.699 3.594 8.247
  vertex 1.284 2.888 8.96
 endloop
endfacet
facet normal -0.254 -0.609 -0.751
 outer loop
  vertex 1.284 2.888 8.96
  vertex 1.699 3.594 8.247
  vertex 1.4 2.827 8.97
 endloop
endfacet
facet normal -0.281 -0.598 -0.751
 outer loop
  vertex 1.699 3.594 8.247
  vertex 2.126 3.347 8.284
  vertex 1.4 2.827 8.97
 endloop
endfacet
facet normal -0.291 -0.588 -0.754
 outer loop
  vertex 1.4 2.827 8.97
  vertex 2.126 3.347 8.284
  vertex 1.626 2.689 8.99
 endloop
endfacet
facet normal -0.35 -0.549 -0.759
 outer loop
  vertex 1.626 2.689 8.99
  vertex 2.126 3.347 8.284
  vertex 1.942 2.45 9.018
 endloop
endfacet
facet normal -0.35 -0.549 -0.759
 outer loop
  vertex 1.942 2.45 9.018
  vertex 2.126 3.347 8.284
  vertex 2.519 3.049 8.319
 endloop
endfacet
facet normal -0.414 -0.494 -0.765
 outer loop
  vertex 1.942 2.45 9.018
  vertex 2.519 3.049 8.319
  vertex 2.226 2.173 9.043
 endloop
endfacet
facet normal -0.414 -0.494 -0.765
 outer loop
  vertex 2.226 2.173 9.043
  vertex 2.519 3.049 8.319
  vertex 2.872 2.705 8.35
 endloop
endfacet
facet normal -0.471 -0.431 -0.77
 outer loop
  vertex 2.226 2.173 9.043
  vertex 2.872 2.705 8.35
  vertex 2.474 1.864 9.064
 endloop
endfacet
facet normal -0.471 -0.431 -0.77
 outer loop
  vertex 2.474 1.864 9.064
  vertex 2.872 2.705 8.35
  vertex 3.181 2.32 8.377
 endloop
endfacet
facet normal -0.52 -0.362 -0.774
 outer loop
  vertex 2.474 1.864 9.064
  vertex 3.181 2.32 8.377
  vertex 2.683 1.526 9.083
 endloop
endfacet
facet normal -0.52 -0.362 -0.774
 outer loop
  vertex 2.683 1.526 9.083
  vertex 3.181 2.32 8.377
  vertex 3.44 1.9 8.399
 endloop
endfacet
facet normal -0.559 -0.288 -0.777
 outer loop
  vertex 2.683 1.526 9.083
  vertex 3.44 1.9 8.399
  vertex 2.848 1.165 9.097
 endloop
endfacet
facet normal -0.559 -0.288 -0.777
 outer loop
  vertex 2.848 1.165 9.097
  vertex 3.44 1.9 8.399
  vertex 3.646 1.45 8.417
 endloop
endfacet
facet normal -0.59 -0.209 -0.78
 outer loop
  vertex 2.848 1.165 9.097
  vertex 3.646 1.45 8.417
  vertex 2.968 0.787 9.108
 endloop
endfacet
facet normal -0.59 -0.209 -0.78
 outer loop
  vertex 2.968 0.787 9.108
  vertex 3.646 1.45 8.417
  vertex 3.796 0.979 8.43
 endloop
endfacet
facet normal -0.611 -0.126 -0.782
 outer loop
  vertex 2.968 0.787 9.108
  vertex 3.796 0.979 8.43
  vertex 3.041 0.396 9.114
 endloop
endfacet
facet normal -0.611 -0.126 -0.782
 outer loop
  vertex 3.041 0.396 9.114
  vertex 3.796 0.979 8.43
  vertex 3.886 0.493 8.438
 endloop
endfacet
facet normal -0.621 -0.042 -0.783
 outer loop
  vertex 3.041 0.396 9.114
  vertex 3.886 0.493 8.438
  vertex 3.065 0 9.116
 endloop
endfacet
facet normal -0.621 -0.042 -0.783
 outer loop
  vertex 3.065 0 9.116
  vertex 3.886 0.493 8.438
  vertex 3.916 -0 8.441
 endloop
endfacet
facet normal -0.621 0.042 -0.783
 outer loop
  vertex 3.065 0 9.116
  vertex 3.916 -0 8.441
  vertex 3.041 -0.396 9.114
 endloop
endfacet
facet normal -0.621 0.042 -0.783
 outer loop
  vertex 3.041 -0.396 9.114
  vertex 3.916 -0 8.441
  vertex 3.886 -0.493 8.438
 endloop
endfacet
facet normal -0.611 0.126 -0.782
 outer loop
  vertex 3.041 -0.396 9.114
  vertex 3.886 -0.493 8.438
  vertex 2.968 -0.787 9.108
 endloop
endfacet
facet normal -0.611 0.126 -0.782
 outer loop
  vertex 2.968 -0.787 9.108
  vertex 3.886 -0.493 8.438
  vertex 3.796 -0.979 8.43
 endloop
endfacet
facet normal -0.59 0.209 -0.78
 outer loop
  vertex 2.968 -0.787 9.108
  vertex 3.796 -0.979 8.43
  vertex 2.848 -1.165 9.097
 endloop
endfacet
facet normal -0.59 0.209 -0.78
 outer loop
  vertex 2.848 -1.165 9.097
  vertex 3.796 -0.979 8.43
  vertex 3.646 -1.45 8.417
 endloop
endfacet
facet normal -0.559 0.288 -0.777
 outer loop
  vertex 2.848 -1.165 9.097
  vertex 3.646 -1.45 8.417
  vertex 2.683 -1.526 9.083
 endloop
endfacet
facet normal -0.559 0.288 -0.777
 outer loop
  vertex 2.683 -1.526 9.083
  vertex 3.646 -1.45 8.417
  vertex 3.44 -1.9 8.399
 endloop
endfacet
facet normal -0.52 0.362 -0.774
 outer loop
  vertex 2.683 -1.526 9.083
  vertex 3.44 -1.9 8.399
  vertex 2.474 -1.864 9.064
 endloop
endfacet
facet normal -0.52 0.362 -0.774
 outer loop
  vertex 2.474 -1.864 9.064
  vertex 3.44 -1.9 8.399
  vertex 3.181 -2.32 8.377
 endloop
endfacet
facet normal -0.471 0.431 -0.77
 outer loop
  vertex 2.474 -1.864 9.064
  vertex 3.181 -2.32 8.377
  vertex 2.226 -2.173 9.043
 endloop
endfacet
facet normal -0.471 0.431 -0.77
 outer loop
  vertex 2.226 -2.173 9.043
  vertex 3.181 -2.32 8.377
  vertex 2.872 -2.705 8.35
 endloop
endfacet
facet normal -0.414 0.494 -0.765
 outer loop
  vertex 2.226 -2.173 9.043
  vertex 2.872 -2.705 8.35
  vertex 1.942 -2.45 9.018
 endloop
endfacet
facet normal -0.414 0.494 -0.765
 outer loop
  vertex 1.942 -2.45 9.018
  vertex 2.872 -2.705 8.35
  vertex 2.519 -3.049 8.319
 endloop
endfacet
facet normal -0.35 0.549 -0.759
 outer loop
  vertex 1.942 -2.45 9.018
  vertex 2.519 -3.049 8.319
  vertex 1.626 -2.689 8.99
 endloop
endfacet
facet normal -0.35 0.549 -0.759
 outer loop
  vertex 1.626 -2.689 8.99
  vertex 2.519 -3.049 8.319
  vertex 2.126 -3.347 8.284
 endloop
endfacet
facet normal -0.291 0.588 -0.754
 outer loop
  vertex 1.626 -2.689 8.99
  vertex 2.126 -3.347 8.284
  vertex 1.4 -2.827 8.97
 endloop
endfacet
facet normal -0.281 0.598 -0.751
 outer loop
  vertex 1.4 -2.827 8.97
  vertex 2.126 -3.347 8.284
  vertex 1.699 -3.594 8.247
 endloop
endfacet
facet normal -0.254 0.609 -0.751
 outer loop
  vertex 1.4 -2.827 8.97
  vertex 1.699 -3.594 8.247
  vertex 1.284 -2.888 8.96
 endloop
endfacet
facet normal -0.217 0.627 -0.748
 outer loop
  vertex 1.284 -2.888 8.96
  vertex 1.699 -3.594 8.247
  vertex 1.049 -2.994 8.94
 endloop
endfacet
facet normal -0.205 0.636 -0.744
 outer loop
  vertex 1.699 -3.594 8.247
  vertex 1.246 -3.787 8.207
  vertex 1.049 -2.994 8.94
 endloop
endfacet
facet normal -0.178 0.643 -0.745
 outer loop
  vertex 1.049 -2.994 8.94
  vertex 1.246 -3.787 8.207
  vertex 0.919 -3.043 8.928
 endloop
endfacet
facet normal -0.139 0.657 -0.741
 outer loop
  vertex 0.919 -3.043 8.928
  vertex 1.246 -3.787 8.207
  vertex 0.679 -3.117 8.907
 endloop
endfacet
facet normal -0.125 0.664 -0.737
 outer loop
  vertex 0.679 -3.117 8.907
  vertex 1.246 -3.787 8.207
  vertex 0.772 -3.922 8.166
 endloop
endfacet
facet normal -0.098 0.668 -0.738
 outer loop
  vertex 0.679 -3.117 8.907
  vertex 0.772 -3.922 8.166
  vertex 0.539 -3.151 8.895
 endloop
endfacet
facet normal -0.057 0.677 -0.734
 outer loop
  vertex 0.539 -3.151 8.895
  vertex 0.772 -3.922 8.166
  vertex 0.295 -3.195 8.874
 endloop
endfacet
facet normal -0.043 0.683 -0.73
 outer loop
  vertex 0.772 -3.922 8.166
  vertex 0.285 -3.998 8.123
  vertex 0.295 -3.195 8.874
 endloop
endfacet
facet normal -0.024 0.683 -0.73
 outer loop
  vertex 0.295 -3.195 8.874
  vertex 0.285 -3.998 8.123
  vertex 0.222 -3.204 8.867
 endloop
endfacet
facet normal 0.098 0.687 -0.72
 outer loop
  vertex -0.372 -3.204 8.829
  vertex -0.248 -3.214 8.837
  vertex -0.207 -4.013 8.08
 endloop
endfacet
facet normal 0.069 0.687 -0.723
 outer loop
  vertex -0.207 -4.013 8.08
  vertex -0.248 -3.214 8.837
  vertex -0.099 -3.218 8.846
 endloop
endfacet
facet normal 0.042 0.69 -0.722
 outer loop
  vertex -0.207 -4.013 8.08
  vertex -0.099 -3.218 8.846
  vertex 0.285 -3.998 8.123
 endloop
endfacet
facet normal 0.026 0.687 -0.727
 outer loop
  vertex 0.285 -3.998 8.123
  vertex -0.099 -3.218 8.846
  vertex 0.147 -3.211 8.863
 endloop
endfacet
facet normal -0.008 0.684 -0.73
 outer loop
  vertex 0.285 -3.998 8.123
  vertex 0.147 -3.211 8.863
  vertex 0.222 -3.204 8.867
 endloop
endfacet
facet normal 0.124 0.687 -0.716
 outer loop
  vertex -0.372 -3.204 8.829
  vertex -0.207 -4.013 8.08
  vertex -0.495 -3.194 8.818
 endloop
endfacet
facet normal 0.127 0.688 -0.715
 outer loop
  vertex -0.495 -3.194 8.818
  vertex -0.207 -4.013 8.08
  vertex -0.697 -3.968 8.037
 endloop
endfacet
facet normal 0.153 0.682 -0.716
 outer loop
  vertex -0.495 -3.194 8.818
  vertex -0.697 -3.968 8.037
  vertex -0.641 -3.174 8.805
 endloop
endfacet
facet normal 0.195 0.675 -0.712
 outer loop
  vertex -0.641 -3.174 8.805
  vertex -0.697 -3.968 8.037
  vertex -0.886 -3.126 8.784
 endloop
endfacet
facet normal 0.21 0.675 -0.708
 outer loop
  vertex -0.697 -3.968 8.037
  vertex -1.178 -3.862 7.995
  vertex -0.886 -3.126 8.784
 endloop
endfacet
facet normal 0.236 0.665 -0.708
 outer loop
  vertex -0.886 -3.126 8.784
  vertex -1.178 -3.862 7.995
  vertex -1.026 -3.09 8.771
 endloop
endfacet
facet normal 0.277 0.653 -0.705
 outer loop
  vertex -1.026 -3.09 8.771
  vertex -1.178 -3.862 7.995
  vertex -1.268 -3.01 8.75
 endloop
endfacet
facet normal 0.292 0.651 -0.701
 outer loop
  vertex -1.268 -3.01 8.75
  vertex -1.178 -3.862 7.995
  vertex -1.643 -3.698 7.954
 endloop
endfacet
facet normal 0.316 0.639 -0.701
 outer loop
  vertex -1.268 -3.01 8.75
  vertex -1.643 -3.698 7.954
  vertex -1.397 -2.958 8.739
 endloop
endfacet
facet normal 0.369 0.616 -0.696
 outer loop
  vertex -1.397 -2.958 8.739
  vertex -1.643 -3.698 7.954
  vertex -1.75 -2.782 8.708
 endloop
endfacet
facet normal 0.369 0.616 -0.696
 outer loop
  vertex -1.643 -3.698 7.954
  vertex -2.084 -3.477 7.916
  vertex -1.75 -2.782 8.708
 endloop
endfacet
facet normal 0.442 0.574 -0.69
 outer loop
  vertex -1.75 -2.782 8.708
  vertex -2.084 -3.477 7.916
  vertex -2.078 -2.563 8.679
 endloop
endfacet
facet normal 0.442 0.574 -0.69
 outer loop
  vertex -2.084 -3.477 7.916
  vertex -2.494 -3.204 7.88
  vertex -2.078 -2.563 8.679
 endloop
endfacet
facet normal 0.509 0.523 -0.684
 outer loop
  vertex -2.078 -2.563 8.679
  vertex -2.494 -3.204 7.88
  vertex -2.378 -2.306 8.653
 endloop
endfacet
facet normal 0.509 0.523 -0.684
 outer loop
  vertex -2.494 -3.204 7.88
  vertex -2.868 -2.883 7.847
  vertex -2.378 -2.306 8.653
 endloop
endfacet
facet normal 0.57 0.464 -0.679
 outer loop
  vertex -2.378 -2.306 8.653
  vertex -2.868 -2.883 7.847
  vertex -2.643 -2.014 8.63
 endloop
endfacet
facet normal 0.57 0.464 -0.679
 outer loop
  vertex -2.868 -2.883 7.847
  vertex -3.2 -2.517 7.818
  vertex -2.643 -2.014 8.63
 endloop
endfacet
facet normal 0.623 0.398 -0.674
 outer loop
  vertex -2.643 -2.014 8.63
  vertex -3.2 -2.517 7.818
  vertex -2.871 -1.691 8.61
 endloop
endfacet
facet normal 0.623 0.398 -0.674
 outer loop
  vertex -3.2 -2.517 7.818
  vertex -3.485 -2.114 7.793
  vertex -2.871 -1.691 8.61
 endloop
endfacet
facet normal 0.667 0.326 -0.67
 outer loop
  vertex -2.871 -1.691 8.61
  vertex -3.485 -2.114 7.793
  vertex -3.057 -1.343 8.594
 endloop
endfacet
facet normal 0.667 0.326 -0.67
 outer loop
  vertex -3.485 -2.114 7.793
  vertex -3.718 -1.678 7.773
  vertex -3.057 -1.343 8.594
 endloop
endfacet
facet normal 0.702 0.249 -0.667
 outer loop
  vertex -3.057 -1.343 8.594
  vertex -3.718 -1.678 7.773
  vertex -3.199 -0.974 8.581
 endloop
endfacet
facet normal 0.702 0.249 -0.667
 outer loop
  vertex -3.718 -1.678 7.773
  vertex -3.895 -1.217 7.757
  vertex -3.199 -0.974 8.581
 endloop
endfacet
facet normal 0.728 0.168 -0.665
 outer loop
  vertex -3.199 -0.974 8.581
  vertex -3.895 -1.217 7.757
  vertex -3.295 -0.59 8.573
 endloop
endfacet
facet normal 0.728 0.168 -0.665
 outer loop
  vertex -3.895 -1.217 7.757
  vertex -4.016 -0.738 7.747
  vertex -3.295 -0.59 8.573
 endloop
endfacet
facet normal 0.743 0.085 -0.663
 outer loop
  vertex -3.295 -0.59 8.573
  vertex -4.016 -0.738 7.747
  vertex -3.344 -0.198 8.569
 endloop
endfacet
facet normal 0.029 -0.681 0.732
 outer loop
  vertex -0.494 3.188 7.104
  vertex -0.372 3.204 7.115
  vertex -0.68 3.968 7.838
 endloop
endfacet
facet normal 0.003 -0.687 0.727
 outer loop
  vertex -0.68 3.968 7.838
  vertex -0.372 3.204 7.115
  vertex -0.248 3.214 7.123
 endloop
endfacet
facet normal 0 -0.688 0.726
 outer loop
  vertex -0.68 3.968 7.838
  vertex -0.248 3.214 7.123
  vertex -0.189 4.013 7.881
 endloop
endfacet
facet normal -0.026 -0.686 0.727
 outer loop
  vertex -0.189 4.013 7.881
  vertex -0.248 3.214 7.123
  vertex -0.099 3.218 7.133
 endloop
endfacet
facet normal -0.069 -0.688 0.723
 outer loop
  vertex -0.189 4.013 7.881
  vertex -0.099 3.218 7.133
  vertex 0.147 3.211 7.149
 endloop
endfacet
facet normal -0.084 -0.69 0.719
 outer loop
  vertex -0.189 4.013 7.881
  vertex 0.147 3.211 7.149
  vertex 0.303 3.998 7.924
 endloop
endfacet
facet normal -0.103 -0.687 0.719
 outer loop
  vertex 0.303 3.998 7.924
  vertex 0.147 3.211 7.149
  vertex 0.222 3.204 7.154
 endloop
endfacet
facet normal -0.119 -0.685 0.719
 outer loop
  vertex 0.303 3.998 7.924
  vertex 0.222 3.204 7.154
  vertex 0.295 3.199 7.16
 endloop
endfacet
facet normal -0.153 -0.682 0.715
 outer loop
  vertex 0.295 3.199 7.16
  vertex 0.541 3.166 7.182
  vertex 0.303 3.998 7.924
 endloop
endfacet
facet normal -0.169 -0.682 0.711
 outer loop
  vertex 0.303 3.998 7.924
  vertex 0.541 3.166 7.182
  vertex 0.789 3.922 7.967
 endloop
endfacet
facet normal -0.194 -0.675 0.712
 outer loop
  vertex 0.541 3.166 7.182
  vertex 0.685 3.138 7.194
  vertex 0.789 3.922 7.967
 endloop
endfacet
facet normal -0.236 -0.665 0.708
 outer loop
  vertex 0.789 3.922 7.967
  vertex 0.685 3.138 7.194
  vertex 0.929 3.074 7.216
 endloop
endfacet
facet normal -0.251 -0.664 0.704
 outer loop
  vertex 0.789 3.922 7.967
  vertex 0.929 3.074 7.216
  vertex 1.263 3.787 8.008
 endloop
endfacet
facet normal -0.277 -0.653 0.705
 outer loop
  vertex 1.263 3.787 8.008
  vertex 0.929 3.074 7.216
  vertex 1.064 3.03 7.228
 endloop
endfacet
facet normal -0.317 -0.639 0.701
 outer loop
  vertex 1.263 3.787 8.008
  vertex 1.064 3.03 7.228
  vertex 1.304 2.933 7.249
 endloop
endfacet
facet normal -0.331 -0.636 0.697
 outer loop
  vertex 1.263 3.787 8.008
  vertex 1.304 2.933 7.249
  vertex 1.717 3.594 8.048
 endloop
endfacet
facet normal -0.356 -0.622 0.698
 outer loop
  vertex 1.717 3.594 8.048
  vertex 1.304 2.933 7.249
  vertex 1.426 2.875 7.259
 endloop
endfacet
facet normal -0.406 -0.596 0.693
 outer loop
  vertex 1.717 3.594 8.048
  vertex 1.426 2.875 7.259
  vertex 2.143 3.347 8.085
 endloop
endfacet
facet normal -0.406 -0.596 0.693
 outer loop
  vertex 2.143 3.347 8.085
  vertex 1.426 2.875 7.259
  vertex 1.768 2.678 7.289
 endloop
endfacet
facet normal -0.476 -0.549 0.687
 outer loop
  vertex 2.143 3.347 8.085
  vertex 1.768 2.678 7.289
  vertex 2.536 3.049 8.119
 endloop
endfacet
facet normal -0.476 -0.549 0.687
 outer loop
  vertex 2.536 3.049 8.119
  vertex 1.768 2.678 7.289
  vertex 2.082 2.439 7.317
 endloop
endfacet
facet normal -0.54 -0.494 0.681
 outer loop
  vertex 2.536 3.049 8.119
  vertex 2.082 2.439 7.317
  vertex 2.89 2.705 8.15
 endloop
endfacet
facet normal -0.54 -0.494 0.681
 outer loop
  vertex 2.89 2.705 8.15
  vertex 2.082 2.439 7.317
  vertex 2.365 2.164 7.341
 endloop
endfacet
facet normal -0.597 -0.431 0.676
 outer loop
  vertex 2.89 2.705 8.15
  vertex 2.365 2.164 7.341
  vertex 3.199 2.32 8.177
 endloop
endfacet
facet normal -0.597 -0.431 0.676
 outer loop
  vertex 3.199 2.32 8.177
  vertex 2.365 2.164 7.341
  vertex 2.612 1.856 7.363
 endloop
endfacet
facet normal -0.646 -0.362 0.672
 outer loop
  vertex 3.199 2.32 8.177
  vertex 2.612 1.856 7.363
  vertex 3.458 1.9 8.2
 endloop
endfacet
facet normal -0.646 -0.362 0.672
 outer loop
  vertex 3.458 1.9 8.2
  vertex 2.612 1.856 7.363
  vertex 2.819 1.52 7.381
 endloop
endfacet
facet normal -0.686 -0.288 0.668
 outer loop
  vertex 3.458 1.9 8.2
  vertex 2.819 1.52 7.381
  vertex 3.664 1.45 8.218
 endloop
endfacet
facet normal -0.686 -0.288 0.668
 outer loop
  vertex 3.664 1.45 8.218
  vertex 2.819 1.52 7.381
  vertex 2.984 1.16 7.396
 endloop
endfacet
facet normal -0.716 -0.209 0.666
 outer loop
  vertex 3.664 1.45 8.218
  vertex 2.984 1.16 7.396
  vertex 3.813 0.979 8.231
 endloop
endfacet
facet normal -0.716 -0.209 0.666
 outer loop
  vertex 3.813 0.979 8.231
  vertex 2.984 1.16 7.396
  vertex 3.103 0.784 7.406
 endloop
endfacet
facet normal -0.737 -0.126 0.664
 outer loop
  vertex 3.813 0.979 8.231
  vertex 3.103 0.784 7.406
  vertex 3.903 0.493 8.239
 endloop
endfacet
facet normal -0.737 -0.126 0.664
 outer loop
  vertex 3.903 0.493 8.239
  vertex 3.103 0.784 7.406
  vertex 3.176 0.395 7.412
 endloop
endfacet
facet normal -0.747 -0.042 0.663
 outer loop
  vertex 3.903 0.493 8.239
  vertex 3.176 0.395 7.412
  vertex 3.934 -0 8.242
 endloop
endfacet
facet normal -0.747 -0.042 0.663
 outer loop
  vertex 3.934 -0 8.242
  vertex 3.176 0.395 7.412
  vertex 3.2 -0 7.415
 endloop
endfacet
facet normal -0.747 0.042 0.663
 outer loop
  vertex 3.934 -0 8.242
  vertex 3.2 -0 7.415
  vertex 3.903 -0.493 8.239
 endloop
endfacet
facet normal -0.747 0.042 0.663
 outer loop
  vertex 3.903 -0.493 8.239
  vertex 3.2 -0 7.415
  vertex 3.176 -0.395 7.412
 endloop
endfacet
facet normal -0.737 0.126 0.664
 outer loop
  vertex 3.903 -0.493 8.239
  vertex 3.176 -0.395 7.412
  vertex 3.813 -0.979 8.231
 endloop
endfacet
facet normal -0.737 0.126 0.664
 outer loop
  vertex 3.813 -0.979 8.231
  vertex 3.176 -0.395 7.412
  vertex 3.103 -0.784 7.406
 endloop
endfacet
facet normal -0.716 0.209 0.666
 outer loop
  vertex 3.813 -0.979 8.231
  vertex 3.103 -0.784 7.406
  vertex 3.664 -1.45 8.218
 endloop
endfacet
facet normal -0.716 0.209 0.666
 outer loop
  vertex 3.664 -1.45 8.218
  vertex 3.103 -0.784 7.406
  vertex 2.984 -1.16 7.396
 endloop
endfacet
facet normal -0.686 0.288 0.668
 outer loop
  vertex 3.664 -1.45 8.218
  vertex 2.984 -1.16 7.396
  vertex 3.458 -1.9 8.2
 endloop
endfacet
facet normal -0.686 0.288 0.668
 outer loop
  vertex 3.458 -1.9 8.2
  vertex 2.984 -1.16 7.396
  vertex 2.819 -1.52 7.381
 endloop
endfacet
facet normal -0.646 0.362 0.672
 outer loop
  vertex 3.458 -1.9 8.2
  vertex 2.819 -1.52 7.381
  vertex 3.199 -2.32 8.177
 endloop
endfacet
facet normal -0.646 0.362 0.672
 outer loop
  vertex 3.199 -2.32 8.177
  vertex 2.819 -1.52 7.381
  vertex 2.612 -1.856 7.363
 endloop
endfacet
facet normal -0.597 0.431 0.676
 outer loop
  vertex 3.199 -2.32 8.177
  vertex 2.612 -1.856 7.363
  vertex 2.89 -2.705 8.15
 endloop
endfacet
facet normal -0.597 0.431 0.676
 outer loop
  vertex 2.89 -2.705 8.15
  vertex 2.612 -1.856 7.363
  vertex 2.365 -2.164 7.341
 endloop
endfacet
facet normal -0.54 0.494 0.681
 outer loop
  vertex 2.89 -2.705 8.15
  vertex 2.365 -2.164 7.341
  vertex 2.536 -3.049 8.119
 endloop
endfacet
facet normal -0.54 0.494 0.681
 outer loop
  vertex 2.536 -3.049 8.119
  vertex 2.365 -2.164 7.341
  vertex 2.082 -2.439 7.317
 endloop
endfacet
facet normal -0.476 0.549 0.687
 outer loop
  vertex 2.536 -3.049 8.119
  vertex 2.082 -2.439 7.317
  vertex 2.143 -3.347 8.085
 endloop
endfacet
facet normal -0.476 0.549 0.687
 outer loop
  vertex 2.143 -3.347 8.085
  vertex 2.082 -2.439 7.317
  vertex 1.768 -2.678 7.289
 endloop
endfacet
facet normal -0.406 0.596 0.693
 outer loop
  vertex 2.143 -3.347 8.085
  vertex 1.768 -2.678 7.289
  vertex 1.717 -3.594 8.048
 endloop
endfacet
facet normal -0.406 0.596 0.693
 outer loop
  vertex 1.717 -3.594 8.048
  vertex 1.768 -2.678 7.289
  vertex 1.426 -2.875 7.259
 endloop
endfacet
facet normal -0.356 0.622 0.698
 outer loop
  vertex 1.717 -3.594 8.048
  vertex 1.426 -2.875 7.259
  vertex 1.304 -2.933 7.249
 endloop
endfacet
facet normal -0.331 0.636 0.697
 outer loop
  vertex 1.717 -3.594 8.048
  vertex 1.304 -2.933 7.249
  vertex 1.263 -3.787 8.008
 endloop
endfacet
facet normal -0.317 0.639 0.701
 outer loop
  vertex 1.263 -3.787 8.008
  vertex 1.304 -2.933 7.249
  vertex 1.064 -3.03 7.228
 endloop
endfacet
facet normal -0.277 0.653 0.705
 outer loop
  vertex 1.263 -3.787 8.008
  vertex 1.064 -3.03 7.228
  vertex 0.929 -3.074 7.216
 endloop
endfacet
facet normal -0.251 0.664 0.704
 outer loop
  vertex 1.263 -3.787 8.008
  vertex 0.929 -3.074 7.216
  vertex 0.789 -3.922 7.967
 endloop
endfacet
facet normal -0.236 0.665 0.708
 outer loop
  vertex 0.789 -3.922 7.967
  vertex 0.929 -3.074 7.216
  vertex 0.685 -3.138 7.194
 endloop
endfacet
facet normal -0.194 0.675 0.712
 outer loop
  vertex 0.789 -3.922 7.967
  vertex 0.685 -3.138 7.194
  vertex 0.541 -3.166 7.182
 endloop
endfacet
facet normal -0.169 0.682 0.711
 outer loop
  vertex 0.789 -3.922 7.967
  vertex 0.541 -3.166 7.182
  vertex 0.303 -3.998 7.924
 endloop
endfacet
facet normal -0.153 0.682 0.715
 outer loop
  vertex 0.303 -3.998 7.924
  vertex 0.541 -3.166 7.182
  vertex 0.295 -3.199 7.16
 endloop
endfacet
facet normal -0.119 0.685 0.719
 outer loop
  vertex 0.303 -3.998 7.924
  vertex 0.295 -3.199 7.16
  vertex 0.222 -3.204 7.154
 endloop
endfacet
facet normal -0.103 0.687 0.719
 outer loop
  vertex 0.222 -3.204 7.154
  vertex 0.147 -3.211 7.149
  vertex 0.303 -3.998 7.924
 endloop
endfacet
facet normal -0.084 0.69 0.719
 outer loop
  vertex 0.303 -3.998 7.924
  vertex 0.147 -3.211 7.149
  vertex -0.189 -4.013 7.881
 endloop
endfacet
facet normal -0.069 0.688 0.723
 outer loop
  vertex 0.147 -3.211 7.149
  vertex -0.099 -3.218 7.133
  vertex -0.189 -4.013 7.881
 endloop
endfacet
facet normal -0.026 0.686 0.727
 outer loop
  vertex -0.189 -4.013 7.881
  vertex -0.099 -3.218 7.133
  vertex -0.248 -3.214 7.123
 endloop
endfacet
facet normal 0 0.688 0.726
 outer loop
  vertex -0.189 -4.013 7.881
  vertex -0.248 -3.214 7.123
  vertex -0.68 -3.968 7.838
 endloop
endfacet
facet normal 0.003 0.687 0.727
 outer loop
  vertex -0.68 -3.968 7.838
  vertex -0.248 -3.214 7.123
  vertex -0.372 -3.204 7.115
 endloop
endfacet
facet normal 0.029 0.681 0.732
 outer loop
  vertex -0.68 -3.968 7.838
  vertex -0.372 -3.204 7.115
  vertex -0.494 -3.188 7.104
 endloop
endfacet
facet normal 0.057 0.677 0.734
 outer loop
  vertex -0.494 -3.188 7.104
  vertex -0.638 -3.162 7.092
  vertex -0.68 -3.968 7.838
 endloop
endfacet
facet normal 0.084 0.675 0.733
 outer loop
  vertex -0.68 -3.968 7.838
  vertex -0.638 -3.162 7.092
  vertex -1.161 -3.862 7.796
 endloop
endfacet
facet normal 0.098 0.668 0.737
 outer loop
  vertex -0.638 -3.162 7.092
  vertex -0.881 -3.103 7.071
  vertex -1.161 -3.862 7.796
 endloop
endfacet
facet normal 0.139 0.657 0.741
 outer loop
  vertex -1.161 -3.862 7.796
  vertex -0.881 -3.103 7.071
  vertex -1.016 -3.061 7.059
 endloop
endfacet
facet normal 0.166 0.651 0.74
 outer loop
  vertex -1.161 -3.862 7.796
  vertex -1.016 -3.061 7.059
  vertex -1.625 -3.698 7.755
 endloop
endfacet
facet normal 0.179 0.643 0.744
 outer loop
  vertex -1.625 -3.698 7.755
  vertex -1.016 -3.061 7.059
  vertex -1.254 -2.971 7.038
 endloop
endfacet
facet normal 0.217 0.627 0.748
 outer loop
  vertex -1.625 -3.698 7.755
  vertex -1.254 -2.971 7.038
  vertex -1.377 -2.915 7.027
 endloop
endfacet
facet normal 0.244 0.618 0.747
 outer loop
  vertex -1.625 -3.698 7.755
  vertex -1.377 -2.915 7.027
  vertex -2.066 -3.477 7.717
 endloop
endfacet
facet normal 0.255 0.609 0.751
 outer loop
  vertex -2.066 -3.477 7.717
  vertex -1.377 -2.915 7.027
  vertex -1.608 -2.794 7.007
 endloop
endfacet
facet normal 0.315 0.574 0.756
 outer loop
  vertex -2.066 -3.477 7.717
  vertex -1.608 -2.794 7.007
  vertex -2.477 -3.204 7.681
 endloop
endfacet
facet normal 0.315 0.574 0.756
 outer loop
  vertex -2.477 -3.204 7.681
  vertex -1.608 -2.794 7.007
  vertex -1.938 -2.574 6.978
 endloop
endfacet
facet normal 0.383 0.523 0.762
 outer loop
  vertex -2.477 -3.204 7.681
  vertex -1.938 -2.574 6.978
  vertex -2.851 -2.883 7.648
 endloop
endfacet
facet normal 0.383 0.523 0.762
 outer loop
  vertex -2.851 -2.883 7.648
  vertex -1.938 -2.574 6.978
  vertex -2.238 -2.316 6.952
 endloop
endfacet
facet normal 0.443 0.464 0.767
 outer loop
  vertex -2.851 -2.883 7.648
  vertex -2.238 -2.316 6.952
  vertex -3.183 -2.517 7.619
 endloop
endfacet
facet normal 0.443 0.464 0.767
 outer loop
  vertex -3.183 -2.517 7.619
  vertex -2.238 -2.316 6.952
  vertex -2.505 -2.022 6.929
 endloop
endfacet
facet normal 0.496 0.398 0.772
 outer loop
  vertex -3.183 -2.517 7.619
  vertex -2.505 -2.022 6.929
  vertex -3.467 -2.114 7.594
 endloop
endfacet
facet normal 0.496 0.398 0.772
 outer loop
  vertex -3.467 -2.114 7.594
  vertex -2.505 -2.022 6.929
  vertex -2.734 -1.698 6.909
 endloop
endfacet
facet normal 0.541 0.326 0.776
 outer loop
  vertex -3.467 -2.114 7.594
  vertex -2.734 -1.698 6.909
  vertex -3.7 -1.678 7.574
 endloop
endfacet
facet normal 0.541 0.326 0.776
 outer loop
  vertex -3.7 -1.678 7.574
  vertex -2.734 -1.698 6.909
  vertex -2.921 -1.348 6.892
 endloop
endfacet
facet normal 0.576 0.249 0.779
 outer loop
  vertex -3.7 -1.678 7.574
  vertex -2.921 -1.348 6.892
  vertex -3.878 -1.217 7.558
 endloop
endfacet
facet normal 0.576 0.249 0.779
 outer loop
  vertex -3.878 -1.217 7.558
  vertex -2.921 -1.348 6.892
  vertex -3.064 -0.978 6.88
 endloop
endfacet
facet normal 0.601 0.168 0.781
 outer loop
  vertex -3.878 -1.217 7.558
  vertex -3.064 -0.978 6.88
  vertex -3.998 -0.738 7.548
 endloop
endfacet
facet normal 0.601 0.168 0.781
 outer loop
  vertex -3.998 -0.738 7.548
  vertex -3.064 -0.978 6.88
  vertex -3.16 -0.593 6.871
 endloop
endfacet
facet normal 0.617 0.085 0.782
 outer loop
  vertex -3.998 -0.738 7.548
  vertex -3.16 -0.593 6.871
  vertex -4.059 -0.247 7.542
 endloop
endfacet
facet normal 0.617 0.085 0.782
 outer loop
  vertex -4.059 -0.247 7.542
  vertex -3.16 -0.593 6.871
  vertex -3.209 -0.199 6.867
 endloop
endfacet
facet normal 0.621 0.021 0.783
 outer loop
  vertex -4.059 -0.247 7.542
  vertex -3.209 -0.199 6.867
  vertex -4.066 0 7.542
 endloop
endfacet
facet normal 0.618 0 0.786
 outer loop
  vertex -4.066 0 7.542
  vertex -3.209 -0.199 6.867
  vertex -3.209 0.199 6.867
 endloop
endfacet
facet normal 0.621 -0.021 0.783
 outer loop
  vertex -4.066 0 7.542
  vertex -3.209 0.199 6.867
  vertex -4.059 0.247 7.542
 endloop
endfacet
facet normal 0.617 -0.085 0.782
 outer loop
  vertex -4.059 0.247 7.542
  vertex -3.209 0.199 6.867
  vertex -3.998 0.738 7.548
 endloop
endfacet
facet normal 0.617 -0.085 0.782
 outer loop
  vertex -3.209 0.199 6.867
  vertex -3.16 0.593 6.871
  vertex -3.998 0.738 7.548
 endloop
endfacet
facet normal 0.601 -0.168 0.781
 outer loop
  vertex -3.998 0.738 7.548
  vertex -3.16 0.593 6.871
  vertex -3.878 1.217 7.558
 endloop
endfacet
facet normal 0.601 -0.168 0.781
 outer loop
  vertex -3.16 0.593 6.871
  vertex -3.064 0.978 6.88
  vertex -3.878 1.217 7.558
 endloop
endfacet
facet normal 0.576 -0.249 0.779
 outer loop
  vertex -3.878 1.217 7.558
  vertex -3.064 0.978 6.88
  vertex -3.7 1.678 7.574
 endloop
endfacet
facet normal 0.576 -0.249 0.779
 outer loop
  vertex -3.064 0.978 6.88
  vertex -2.921 1.348 6.892
  vertex -3.7 1.678 7.574
 endloop
endfacet
facet normal 0.541 -0.326 0.776
 outer loop
  vertex -3.7 1.678 7.574
  vertex -2.921 1.348 6.892
  vertex -3.467 2.114 7.594
 endloop
endfacet
facet normal 0.541 -0.326 0.776
 outer loop
  vertex -2.921 1.348 6.892
  vertex -2.734 1.698 6.909
  vertex -3.467 2.114 7.594
 endloop
endfacet
facet normal 0.496 -0.398 0.772
 outer loop
  vertex -3.467 2.114 7.594
  vertex -2.734 1.698 6.909
  vertex -3.183 2.517 7.619
 endloop
endfacet
facet normal 0.496 -0.398 0.772
 outer loop
  vertex -2.734 1.698 6.909
  vertex -2.505 2.022 6.929
  vertex -3.183 2.517 7.619
 endloop
endfacet
facet normal 0.443 -0.464 0.767
 outer loop
  vertex -3.183 2.517 7.619
  vertex -2.505 2.022 6.929
  vertex -2.851 2.883 7.648
 endloop
endfacet
facet normal 0.443 -0.464 0.767
 outer loop
  vertex -2.505 2.022 6.929
  vertex -2.238 2.316 6.952
  vertex -2.851 2.883 7.648
 endloop
endfacet
facet normal 0.383 -0.523 0.762
 outer loop
  vertex -2.851 2.883 7.648
  vertex -2.238 2.316 6.952
  vertex -2.477 3.204 7.681
 endloop
endfacet
facet normal 0.383 -0.523 0.762
 outer loop
  vertex -2.238 2.316 6.952
  vertex -1.938 2.574 6.978
  vertex -2.477 3.204 7.681
 endloop
endfacet
facet normal 0.315 -0.574 0.756
 outer loop
  vertex -2.477 3.204 7.681
  vertex -1.938 2.574 6.978
  vertex -2.066 3.477 7.717
 endloop
endfacet
facet normal 0.315 -0.574 0.756
 outer loop
  vertex -1.938 2.574 6.978
  vertex -1.608 2.794 7.007
  vertex -2.066 3.477 7.717
 endloop
endfacet
facet normal 0.255 -0.609 0.751
 outer loop
  vertex -2.066 3.477 7.717
  vertex -1.608 2.794 7.007
  vertex -1.377 2.915 7.027
 endloop
endfacet
facet normal 0.244 -0.618 0.747
 outer loop
  vertex -2.066 3.477 7.717
  vertex -1.377 2.915 7.027
  vertex -1.625 3.698 7.755
 endloop
endfacet
facet normal 0.217 -0.627 0.748
 outer loop
  vertex -1.625 3.698 7.755
  vertex -1.377 2.915 7.027
  vertex -1.254 2.971 7.038
 endloop
endfacet
facet normal 0.179 -0.643 0.744
 outer loop
  vertex -1.625 3.698 7.755
  vertex -1.254 2.971 7.038
  vertex -1.016 3.061 7.059
 endloop
endfacet
facet normal 0.166 -0.651 0.74
 outer loop
  vertex -1.625 3.698 7.755
  vertex -1.016 3.061 7.059
  vertex -1.161 3.862 7.796
 endloop
endfacet
facet normal 0.139 -0.657 0.741
 outer loop
  vertex -1.161 3.862 7.796
  vertex -1.016 3.061 7.059
  vertex -0.881 3.103 7.071
 endloop
endfacet
facet normal 0.098 -0.668 0.737
 outer loop
  vertex -1.161 3.862 7.796
  vertex -0.881 3.103 7.071
  vertex -0.638 3.162 7.092
 endloop
endfacet
facet normal 0.084 -0.675 0.733
 outer loop
  vertex -1.161 3.862 7.796
  vertex -0.638 3.162 7.092
  vertex -0.68 3.968 7.838
 endloop
endfacet
facet normal 0.057 -0.677 0.734
 outer loop
  vertex -0.68 3.968 7.838
  vertex -0.638 3.162 7.092
  vertex -0.494 3.188 7.104
 endloop
endfacet
facet normal 0.996 0.031 0.087
 outer loop
  vertex -4.076 -0.247 7.742
  vertex -4.059 -0.247 7.542
  vertex -4.084 0 7.741
 endloop
endfacet
facet normal 0.996 0.031 0.087
 outer loop
  vertex -4.084 0 7.741
  vertex -4.059 -0.247 7.542
  vertex -4.066 0 7.542
 endloop
endfacet
facet normal 0.996 -0.031 0.087
 outer loop
  vertex -4.084 0 7.741
  vertex -4.066 0 7.542
  vertex -4.076 0.247 7.742
 endloop
endfacet
facet normal 0.996 -0.031 0.087
 outer loop
  vertex -4.076 0.247 7.742
  vertex -4.066 0 7.542
  vertex -4.059 0.247 7.542
 endloop
endfacet
facet normal 0.989 -0.123 0.086
 outer loop
  vertex -4.076 0.247 7.742
  vertex -4.059 0.247 7.542
  vertex -4.016 0.738 7.747
 endloop
endfacet
facet normal 0.989 -0.123 0.086
 outer loop
  vertex -4.016 0.738 7.747
  vertex -4.059 0.247 7.542
  vertex -3.998 0.738 7.548
 endloop
endfacet
facet normal 0.966 -0.244 0.085
 outer loop
  vertex -4.016 0.738 7.747
  vertex -3.998 0.738 7.548
  vertex -3.895 1.217 7.757
 endloop
endfacet
facet normal 0.966 -0.244 0.085
 outer loop
  vertex -3.895 1.217 7.757
  vertex -3.998 0.738 7.548
  vertex -3.878 1.217 7.558
 endloop
endfacet
facet normal 0.929 -0.361 0.081
 outer loop
  vertex -3.895 1.217 7.757
  vertex -3.878 1.217 7.558
  vertex -3.718 1.678 7.773
 endloop
endfacet
facet normal 0.929 -0.361 0.081
 outer loop
  vertex -3.718 1.678 7.773
  vertex -3.878 1.217 7.558
  vertex -3.7 1.678 7.574
 endloop
endfacet
facet normal 0.878 -0.473 0.077
 outer loop
  vertex -3.718 1.678 7.773
  vertex -3.7 1.678 7.574
  vertex -3.485 2.114 7.793
 endloop
endfacet
facet normal 0.878 -0.473 0.077
 outer loop
  vertex -3.485 2.114 7.793
  vertex -3.7 1.678 7.574
  vertex -3.467 2.114 7.594
 endloop
endfacet
facet normal 0.813 -0.578 0.071
 outer loop
  vertex -3.485 2.114 7.793
  vertex -3.467 2.114 7.594
  vertex -3.2 2.517 7.818
 endloop
endfacet
facet normal 0.813 -0.578 0.071
 outer loop
  vertex -3.2 2.517 7.818
  vertex -3.467 2.114 7.594
  vertex -3.183 2.517 7.619
 endloop
endfacet
facet normal 0.736 -0.674 0.064
 outer loop
  vertex -3.2 2.517 7.818
  vertex -3.183 2.517 7.619
  vertex -2.868 2.883 7.847
 endloop
endfacet
facet normal 0.736 -0.674 0.064
 outer loop
  vertex -2.868 2.883 7.847
  vertex -3.183 2.517 7.619
  vertex -2.851 2.883 7.648
 endloop
endfacet
facet normal 0.648 -0.759 0.057
 outer loop
  vertex -2.868 2.883 7.847
  vertex -2.851 2.883 7.648
  vertex -2.494 3.204 7.88
 endloop
endfacet
facet normal 0.648 -0.759 0.057
 outer loop
  vertex -2.494 3.204 7.88
  vertex -2.851 2.883 7.648
  vertex -2.477 3.204 7.681
 endloop
endfacet
facet normal 0.55 -0.834 0.048
 outer loop
  vertex -2.494 3.204 7.88
  vertex -2.477 3.204 7.681
  vertex -2.084 3.477 7.916
 endloop
endfacet
facet normal 0.55 -0.834 0.048
 outer loop
  vertex -2.084 3.477 7.916
  vertex -2.477 3.204 7.681
  vertex -2.066 3.477 7.717
 endloop
endfacet
facet normal 0.444 -0.895 0.039
 outer loop
  vertex -2.084 3.477 7.916
  vertex -2.066 3.477 7.717
  vertex -1.643 3.698 7.954
 endloop
endfacet
facet normal 0.444 -0.895 0.039
 outer loop
  vertex -1.643 3.698 7.954
  vertex -2.066 3.477 7.717
  vertex -1.625 3.698 7.755
 endloop
endfacet
facet normal 0.331 -0.943 0.029
 outer loop
  vertex -1.643 3.698 7.954
  vertex -1.625 3.698 7.755
  vertex -1.178 3.862 7.995
 endloop
endfacet
facet normal 0.331 -0.943 0.029
 outer loop
  vertex -1.178 3.862 7.995
  vertex -1.625 3.698 7.755
  vertex -1.161 3.862 7.796
 endloop
endfacet
facet normal 0.213 -0.977 0.019
 outer loop
  vertex -1.178 3.862 7.995
  vertex -1.161 3.862 7.796
  vertex -0.697 3.968 8.037
 endloop
endfacet
facet normal 0.213 -0.977 0.019
 outer loop
  vertex -0.697 3.968 8.037
  vertex -1.161 3.862 7.796
  vertex -0.68 3.968 7.838
 endloop
endfacet
facet normal 0.092 -0.996 0.008
 outer loop
  vertex -0.697 3.968 8.037
  vertex -0.68 3.968 7.838
  vertex -0.207 4.013 8.08
 endloop
endfacet
facet normal 0.092 -0.996 0.008
 outer loop
  vertex -0.207 4.013 8.08
  vertex -0.68 3.968 7.838
  vertex -0.189 4.013 7.881
 endloop
endfacet
facet normal -0.031 -1 -0.003
 outer loop
  vertex -0.207 4.013 8.08
  vertex -0.189 4.013 7.881
  vertex 0.285 3.998 8.123
 endloop
endfacet
facet normal -0.031 -1 -0.003
 outer loop
  vertex 0.285 3.998 8.123
  vertex -0.189 4.013 7.881
  vertex 0.303 3.998 7.924
 endloop
endfacet
facet normal -0.153 -0.988 -0.013
 outer loop
  vertex 0.285 3.998 8.123
  vertex 0.303 3.998 7.924
  vertex 0.772 3.922 8.166
 endloop
endfacet
facet normal -0.153 -0.988 -0.013
 outer loop
  vertex 0.772 3.922 8.166
  vertex 0.303 3.998 7.924
  vertex 0.789 3.922 7.967
 endloop
endfacet
facet normal -0.273 -0.962 -0.024
 outer loop
  vertex 0.772 3.922 8.166
  vertex 0.789 3.922 7.967
  vertex 1.246 3.787 8.207
 endloop
endfacet
facet normal -0.273 -0.962 -0.024
 outer loop
  vertex 1.246 3.787 8.207
  vertex 0.789 3.922 7.967
  vertex 1.263 3.787 8.008
 endloop
endfacet
facet normal -0.388 -0.921 -0.034
 outer loop
  vertex 1.246 3.787 8.207
  vertex 1.263 3.787 8.008
  vertex 1.699 3.594 8.247
 endloop
endfacet
facet normal -0.388 -0.921 -0.034
 outer loop
  vertex 1.699 3.594 8.247
  vertex 1.263 3.787 8.008
  vertex 1.717 3.594 8.048
 endloop
endfacet
facet normal -0.498 -0.866 -0.044
 outer loop
  vertex 1.699 3.594 8.247
  vertex 1.717 3.594 8.048
  vertex 2.126 3.347 8.284
 endloop
endfacet
facet normal -0.498 -0.866 -0.044
 outer loop
  vertex 2.126 3.347 8.284
  vertex 1.717 3.594 8.048
  vertex 2.143 3.347 8.085
 endloop
endfacet
facet normal -0.6 -0.798 -0.053
 outer loop
  vertex 2.126 3.347 8.284
  vertex 2.143 3.347 8.085
  vertex 2.519 3.049 8.319
 endloop
endfacet
facet normal -0.6 -0.798 -0.053
 outer loop
  vertex 2.519 3.049 8.319
  vertex 2.143 3.347 8.085
  vertex 2.536 3.049 8.119
 endloop
endfacet
facet normal -0.693 -0.718 -0.061
 outer loop
  vertex 2.519 3.049 8.319
  vertex 2.536 3.049 8.119
  vertex 2.872 2.705 8.35
 endloop
endfacet
facet normal -0.693 -0.718 -0.061
 outer loop
  vertex 2.872 2.705 8.35
  vertex 2.536 3.049 8.119
  vertex 2.89 2.705 8.15
 endloop
endfacet
facet normal -0.776 -0.627 -0.068
 outer loop
  vertex 2.872 2.705 8.35
  vertex 2.89 2.705 8.15
  vertex 3.181 2.32 8.377
 endloop
endfacet
facet normal -0.776 -0.627 -0.068
 outer loop
  vertex 3.181 2.32 8.377
  vertex 2.89 2.705 8.15
  vertex 3.199 2.32 8.177
 endloop
endfacet
facet normal -0.847 -0.526 -0.074
 outer loop
  vertex 3.181 2.32 8.377
  vertex 3.199 2.32 8.177
  vertex 3.44 1.9 8.399
 endloop
endfacet
facet normal -0.847 -0.526 -0.074
 outer loop
  vertex 3.44 1.9 8.399
  vertex 3.199 2.32 8.177
  vertex 3.458 1.9 8.2
 endloop
endfacet
facet normal -0.905 -0.418 -0.079
 outer loop
  vertex 3.44 1.9 8.399
  vertex 3.458 1.9 8.2
  vertex 3.646 1.45 8.417
 endloop
endfacet
facet normal -0.905 -0.418 -0.079
 outer loop
  vertex 3.646 1.45 8.417
  vertex 3.458 1.9 8.2
  vertex 3.664 1.45 8.218
 endloop
endfacet
facet normal -0.949 -0.303 -0.083
 outer loop
  vertex 3.646 1.45 8.417
  vertex 3.664 1.45 8.218
  vertex 3.796 0.979 8.43
 endloop
endfacet
facet normal -0.949 -0.303 -0.083
 outer loop
  vertex 3.796 0.979 8.43
  vertex 3.664 1.45 8.218
  vertex 3.813 0.979 8.231
 endloop
endfacet
facet normal -0.979 -0.184 -0.086
 outer loop
  vertex 3.796 0.979 8.43
  vertex 3.813 0.979 8.231
  vertex 3.886 0.493 8.438
 endloop
endfacet
facet normal -0.979 -0.184 -0.086
 outer loop
  vertex 3.886 0.493 8.438
  vertex 3.813 0.979 8.231
  vertex 3.903 0.493 8.239
 endloop
endfacet
facet normal -0.994 -0.062 -0.087
 outer loop
  vertex 3.886 0.493 8.438
  vertex 3.903 0.493 8.239
  vertex 3.916 -0 8.441
 endloop
endfacet
facet normal -0.994 -0.062 -0.087
 outer loop
  vertex 3.916 -0 8.441
  vertex 3.903 0.493 8.239
  vertex 3.934 -0 8.242
 endloop
endfacet
facet normal -0.994 0.062 -0.087
 outer loop
  vertex 3.916 -0 8.441
  vertex 3.934 -0 8.242
  vertex 3.886 -0.493 8.438
 endloop
endfacet
facet normal -0.994 0.062 -0.087
 outer loop
  vertex 3.886 -0.493 8.438
  vertex 3.934 -0 8.242
  vertex 3.903 -0.493 8.239
 endloop
endfacet
facet normal -0.979 0.184 -0.086
 outer loop
  vertex 3.886 -0.493 8.438
  vertex 3.903 -0.493 8.239
  vertex 3.796 -0.979 8.43
 endloop
endfacet
facet normal -0.979 0.184 -0.086
 outer loop
  vertex 3.796 -0.979 8.43
  vertex 3.903 -0.493 8.239
  vertex 3.813 -0.979 8.231
 endloop
endfacet
facet normal -0.949 0.303 -0.083
 outer loop
  vertex 3.796 -0.979 8.43
  vertex 3.813 -0.979 8.231
  vertex 3.646 -1.45 8.417
 endloop
endfacet
facet normal -0.949 0.303 -0.083
 outer loop
  vertex 3.646 -1.45 8.417
  vertex 3.813 -0.979 8.231
  vertex 3.664 -1.45 8.218
 endloop
endfacet
facet normal -0.905 0.418 -0.079
 outer loop
  vertex 3.646 -1.45 8.417
  vertex 3.664 -1.45 8.218
  vertex 3.44 -1.9 8.399
 endloop
endfacet
facet normal -0.905 0.418 -0.079
 outer loop
  vertex 3.44 -1.9 8.399
  vertex 3.664 -1.45 8.218
  vertex 3.458 -1.9 8.2
 endloop
endfacet
facet normal -0.847 0.526 -0.074
 outer loop
  vertex 3.44 -1.9 8.399
  vertex 3.458 -1.9 8.2
  vertex 3.181 -2.32 8.377
 endloop
endfacet
facet normal -0.847 0.526 -0.074
 outer loop
  vertex 3.181 -2.32 8.377
  vertex 3.458 -1.9 8.2
  vertex 3.199 -2.32 8.177
 endloop
endfacet
facet normal -0.776 0.627 -0.068
 outer loop
  vertex 3.181 -2.32 8.377
  vertex 3.199 -2.32 8.177
  vertex 2.872 -2.705 8.35
 endloop
endfacet
facet normal -0.776 0.627 -0.068
 outer loop
  vertex 2.872 -2.705 8.35
  vertex 3.199 -2.32 8.177
  vertex 2.89 -2.705 8.15
 endloop
endfacet
facet normal -0.693 0.718 -0.061
 outer loop
  vertex 2.872 -2.705 8.35
  vertex 2.89 -2.705 8.15
  vertex 2.519 -3.049 8.319
 endloop
endfacet
facet normal -0.693 0.718 -0.061
 outer loop
  vertex 2.519 -3.049 8.319
  vertex 2.89 -2.705 8.15
  vertex 2.536 -3.049 8.119
 endloop
endfacet
facet normal -0.6 0.798 -0.053
 outer loop
  vertex 2.519 -3.049 8.319
  vertex 2.536 -3.049 8.119
  vertex 2.126 -3.347 8.284
 endloop
endfacet
facet normal -0.6 0.798 -0.053
 outer loop
  vertex 2.126 -3.347 8.284
  vertex 2.536 -3.049 8.119
  vertex 2.143 -3.347 8.085
 endloop
endfacet
facet normal -0.498 0.866 -0.044
 outer loop
  vertex 2.126 -3.347 8.284
  vertex 2.143 -3.347 8.085
  vertex 1.699 -3.594 8.247
 endloop
endfacet
facet normal -0.498 0.866 -0.044
 outer loop
  vertex 1.699 -3.594 8.247
  vertex 2.143 -3.347 8.085
  vertex 1.717 -3.594 8.048
 endloop
endfacet
facet normal -0.388 0.921 -0.034
 outer loop
  vertex 1.699 -3.594 8.247
  vertex 1.717 -3.594 8.048
  vertex 1.246 -3.787 8.207
 endloop
endfacet
facet normal -0.388 0.921 -0.034
 outer loop
  vertex 1.246 -3.787 8.207
  vertex 1.717 -3.594 8.048
  vertex 1.263 -3.787 8.008
 endloop
endfacet
facet normal -0.273 0.962 -0.024
 outer loop
  vertex 1.246 -3.787 8.207
  vertex 1.263 -3.787 8.008
  vertex 0.772 -3.922 8.166
 endloop
endfacet
facet normal -0.273 0.962 -0.024
 outer loop
  vertex 0.772 -3.922 8.166
  vertex 1.263 -3.787 8.008
  vertex 0.789 -3.922 7.967
 endloop
endfacet
facet normal -0.153 0.988 -0.013
 outer loop
  vertex 0.772 -3.922 8.166
  vertex 0.789 -3.922 7.967
  vertex 0.285 -3.998 8.123
 endloop
endfacet
facet normal -0.153 0.988 -0.013
 outer loop
  vertex 0.285 -3.998 8.123
  vertex 0.789 -3.922 7.967
  vertex 0.303 -3.998 7.924
 endloop
endfacet
facet normal -0.031 1 -0.003
 outer loop
  vertex 0.285 -3.998 8.123
  vertex 0.303 -3.998 7.924
  vertex -0.207 -4.013 8.08
 endloop
endfacet
facet normal -0.031 1 -0.003
 outer loop
  vertex -0.207 -4.013 8.08
  vertex 0.303 -3.998 7.924
  vertex -0.189 -4.013 7.881
 endloop
endfacet
facet normal 0.092 0.996 0.008
 outer loop
  vertex -0.207 -4.013 8.08
  vertex -0.189 -4.013 7.881
  vertex -0.697 -3.968 8.037
 endloop
endfacet
facet normal 0.092 0.996 0.008
 outer loop
  vertex -0.697 -3.968 8.037
  vertex -0.189 -4.013 7.881
  vertex -0.68 -3.968 7.838
 endloop
endfacet
facet normal 0.213 0.977 0.019
 outer loop
  vertex -0.697 -3.968 8.037
  vertex -0.68 -3.968 7.838
  vertex -1.178 -3.862 7.995
 endloop
endfacet
facet normal 0.213 0.977 0.019
 outer loop
  vertex -1.178 -3.862 7.995
  vertex -0.68 -3.968 7.838
  vertex -1.161 -3.862 7.796
 endloop
endfacet
facet normal 0.331 0.943 0.029
 outer loop
  vertex -1.178 -3.862 7.995
  vertex -1.161 -3.862 7.796
  vertex -1.643 -3.698 7.954
 endloop
endfacet
facet normal 0.331 0.943 0.029
 outer loop
  vertex -1.643 -3.698 7.954
  vertex -1.161 -3.862 7.796
  vertex -1.625 -3.698 7.755
 endloop
endfacet
facet normal 0.444 0.895 0.039
 outer loop
  vertex -1.643 -3.698 7.954
  vertex -1.625 -3.698 7.755
  vertex -2.084 -3.477 7.916
 endloop
endfacet
facet normal 0.444 0.895 0.039
 outer loop
  vertex -2.084 -3.477 7.916
  vertex -1.625 -3.698 7.755
  vertex -2.066 -3.477 7.717
 endloop
endfacet
facet normal 0.55 0.834 0.048
 outer loop
  vertex -2.084 -3.477 7.916
  vertex -2.066 -3.477 7.717
  vertex -2.494 -3.204 7.88
 endloop
endfacet
facet normal 0.55 0.834 0.048
 outer loop
  vertex -2.494 -3.204 7.88
  vertex -2.066 -3.477 7.717
  vertex -2.477 -3.204 7.681
 endloop
endfacet
facet normal 0.648 0.759 0.057
 outer loop
  vertex -2.494 -3.204 7.88
  vertex -2.477 -3.204 7.681
  vertex -2.868 -2.883 7.847
 endloop
endfacet
facet normal 0.648 0.759 0.057
 outer loop
  vertex -2.868 -2.883 7.847
  vertex -2.477 -3.204 7.681
  vertex -2.851 -2.883 7.648
 endloop
endfacet
facet normal 0.736 0.674 0.064
 outer loop
  vertex -2.868 -2.883 7.847
  vertex -2.851 -2.883 7.648
  vertex -3.2 -2.517 7.818
 endloop
endfacet
facet normal 0.736 0.674 0.064
 outer loop
  vertex -3.2 -2.517 7.818
  vertex -2.851 -2.883 7.648
  vertex -3.183 -2.517 7.619
 endloop
endfacet
facet normal 0.813 0.578 0.071
 outer loop
  vertex -3.2 -2.517 7.818
  vertex -3.183 -2.517 7.619
  vertex -3.485 -2.114 7.793
 endloop
endfacet
facet normal 0.813 0.578 0.071
 outer loop
  vertex -3.485 -2.114 7.793
  vertex -3.183 -2.517 7.619
  vertex -3.467 -2.114 7.594
 endloop
endfacet
facet normal 0.878 0.473 0.077
 outer loop
  vertex -3.485 -2.114 7.793
  vertex -3.467 -2.114 7.594
  vertex -3.718 -1.678 7.773
 endloop
endfacet
facet normal 0.878 0.473 0.077
 outer loop
  vertex -3.718 -1.678 7.773
  vertex -3.467 -2.114 7.594
  vertex -3.7 -1.678 7.574
 endloop
endfacet
facet normal 0.929 0.361 0.081
 outer loop
  vertex -3.718 -1.678 7.773
  vertex -3.7 -1.678 7.574
  vertex -3.895 -1.217 7.757
 endloop
endfacet
facet normal 0.929 0.361 0.081
 outer loop
  vertex -3.895 -1.217 7.757
  vertex -3.7 -1.678 7.574
  vertex -3.878 -1.217 7.558
 endloop
endfacet
facet normal 0.966 0.244 0.085
 outer loop
  vertex -3.895 -1.217 7.757
  vertex -3.878 -1.217 7.558
  vertex -4.016 -0.738 7.747
 endloop
endfacet
facet normal 0.966 0.244 0.085
 outer loop
  vertex -4.016 -0.738 7.747
  vertex -3.878 -1.217 7.558
  vertex -3.998 -0.738 7.548
 endloop
endfacet
facet normal 0.989 0.123 0.086
 outer loop
  vertex -4.016 -0.738 7.747
  vertex -3.998 -0.738 7.548
  vertex -4.076 -0.247 7.742
 endloop
endfacet
facet normal 0.989 0.123 0.086
 outer loop
  vertex -4.076 -0.247 7.742
  vertex -3.998 -0.738 7.548
  vertex -4.059 -0.247 7.542
 endloop
endfacet
facet normal 0.087 0.001 -0.996
 outer loop
  vertex -0.372 3.204 8.829
  vertex -0.494 3.188 8.818
  vertex -0.495 3.194 8.818
 endloop
endfacet
facet normal 0.087 0.001 -0.996
 outer loop
  vertex -0.495 3.194 8.818
  vertex -0.494 3.188 8.818
  vertex -0.641 3.174 8.805
 endloop
endfacet
facet normal 0.087 0 -0.996
 outer loop
  vertex -0.494 3.188 8.818
  vertex -0.638 3.162 8.805
  vertex -0.641 3.174 8.805
 endloop
endfacet
facet normal 0.087 0 -0.996
 outer loop
  vertex -0.641 3.174 8.805
  vertex -0.638 3.162 8.805
  vertex -0.881 3.103 8.784
 endloop
endfacet
facet normal 0.087 0 -0.996
 outer loop
  vertex -0.641 3.174 8.805
  vertex -0.881 3.103 8.784
  vertex -0.886 3.126 8.784
 endloop
endfacet
facet normal 0.087 0 -0.996
 outer loop
  vertex -0.886 3.126 8.784
  vertex -0.881 3.103 8.784
  vertex -1.026 3.09 8.771
 endloop
endfacet
facet normal 0.087 0 -0.996
 outer loop
  vertex -0.881 3.103 8.784
  vertex -1.016 3.061 8.772
  vertex -1.026 3.09 8.771
 endloop
endfacet
facet normal 0.087 0 -0.996
 outer loop
  vertex -1.026 3.09 8.771
  vertex -1.016 3.061 8.772
  vertex -1.254 2.971 8.751
 endloop
endfacet
facet normal 0.087 0 -0.996
 outer loop
  vertex -1.026 3.09 8.771
  vertex -1.254 2.971 8.751
  vertex -1.268 3.01 8.75
 endloop
endfacet
facet normal 0.087 0 -0.996
 outer loop
  vertex -1.268 3.01 8.75
  vertex -1.254 2.971 8.751
  vertex -1.397 2.958 8.739
 endloop
endfacet
facet normal 0.087 0 -0.996
 outer loop
  vertex -1.254 2.971 8.751
  vertex -1.377 2.915 8.741
  vertex -1.397 2.958 8.739
 endloop
endfacet
facet normal 0.087 0 -0.996
 outer loop
  vertex -1.397 2.958 8.739
  vertex -1.377 2.915 8.741
  vertex -1.608 2.794 8.72
 endloop
endfacet
facet normal 0.087 -0 -0.996
 outer loop
  vertex -1.397 2.958 8.739
  vertex -1.608 2.794 8.72
  vertex -1.75 2.782 8.708
 endloop
endfacet
facet normal 0.087 -0 -0.996
 outer loop
  vertex -1.75 2.782 8.708
  vertex -1.608 2.794 8.72
  vertex -1.938 2.574 8.692
 endloop
endfacet
facet normal 0.087 -0 -0.996
 outer loop
  vertex -1.75 2.782 8.708
  vertex -1.938 2.574 8.692
  vertex -2.078 2.563 8.679
 endloop
endfacet
facet normal 0.087 0 -0.996
 outer loop
  vertex -2.078 2.563 8.679
  vertex -1.938 2.574 8.692
  vertex -2.238 2.316 8.665
 endloop
endfacet
facet normal 0.087 -0 -0.996
 outer loop
  vertex -2.078 2.563 8.679
  vertex -2.238 2.316 8.665
  vertex -2.378 2.306 8.653
 endloop
endfacet
facet normal 0.087 -0 -0.996
 outer loop
  vertex -2.378 2.306 8.653
  vertex -2.238 2.316 8.665
  vertex -2.505 2.022 8.642
 endloop
endfacet
facet normal 0.087 -0 -0.996
 outer loop
  vertex -2.378 2.306 8.653
  vertex -2.505 2.022 8.642
  vertex -2.643 2.014 8.63
 endloop
endfacet
facet normal 0.087 -0 -0.996
 outer loop
  vertex -2.643 2.014 8.63
  vertex -2.505 2.022 8.642
  vertex -2.734 1.698 8.622
 endloop
endfacet
facet normal 0.087 -0 -0.996
 outer loop
  vertex -2.643 2.014 8.63
  vertex -2.734 1.698 8.622
  vertex -2.871 1.691 8.61
 endloop
endfacet
facet normal 0.087 -0 -0.996
 outer loop
  vertex -2.871 1.691 8.61
  vertex -2.734 1.698 8.622
  vertex -2.921 1.348 8.606
 endloop
endfacet
facet normal 0.087 -0 -0.996
 outer loop
  vertex -2.871 1.691 8.61
  vertex -2.921 1.348 8.606
  vertex -3.057 1.343 8.594
 endloop
endfacet
facet normal 0.087 0 -0.996
 outer loop
  vertex -3.057 1.343 8.594
  vertex -2.921 1.348 8.606
  vertex -3.064 0.978 8.593
 endloop
endfacet
facet normal 0.087 0 -0.996
 outer loop
  vertex -3.057 1.343 8.594
  vertex -3.064 0.978 8.593
  vertex -3.199 0.974 8.581
 endloop
endfacet
facet normal 0.087 -0 -0.996
 outer loop
  vertex -3.199 0.974 8.581
  vertex -3.064 0.978 8.593
  vertex -3.16 0.593 8.585
 endloop
endfacet
facet normal 0.087 -0 -0.996
 outer loop
  vertex -3.199 0.974 8.581
  vertex -3.16 0.593 8.585
  vertex -3.295 0.59 8.573
 endloop
endfacet
facet normal 0.087 -0 -0.996
 outer loop
  vertex -3.295 0.59 8.573
  vertex -3.16 0.593 8.585
  vertex -3.209 0.199 8.58
 endloop
endfacet
facet normal 0.087 0 -0.996
 outer loop
  vertex -3.295 0.59 8.573
  vertex -3.209 0.199 8.58
  vertex -3.344 0.198 8.569
 endloop
endfacet
facet normal 0.087 0 -0.996
 outer loop
  vertex -3.344 0.198 8.569
  vertex -3.209 0.199 8.58
  vertex -3.344 -0.198 8.569
 endloop
endfacet
facet normal 0.087 0 -0.996
 outer loop
  vertex -3.209 0.199 8.58
  vertex -3.209 -0.199 8.58
  vertex -3.344 -0.198 8.569
 endloop
endfacet
facet normal 0.087 -0 -0.996
 outer loop
  vertex -3.344 -0.198 8.569
  vertex -3.209 -0.199 8.58
  vertex -3.295 -0.59 8.573
 endloop
endfacet
facet normal 0.087 0 -0.996
 outer loop
  vertex -3.209 -0.199 8.58
  vertex -3.16 -0.593 8.585
  vertex -3.295 -0.59 8.573
 endloop
endfacet
facet normal 0.087 0 -0.996
 outer loop
  vertex -3.295 -0.59 8.573
  vertex -3.16 -0.593 8.585
  vertex -3.199 -0.974 8.581
 endloop
endfacet
facet normal 0.087 0 -0.996
 outer loop
  vertex -3.16 -0.593 8.585
  vertex -3.064 -0.978 8.593
  vertex -3.199 -0.974 8.581
 endloop
endfacet
facet normal 0.087 -0 -0.996
 outer loop
  vertex -3.199 -0.974 8.581
  vertex -3.064 -0.978 8.593
  vertex -3.057 -1.343 8.594
 endloop
endfacet
facet normal 0.087 -0 -0.996
 outer loop
  vertex -3.064 -0.978 8.593
  vertex -2.921 -1.348 8.606
  vertex -3.057 -1.343 8.594
 endloop
endfacet
facet normal 0.087 0 -0.996
 outer loop
  vertex -3.057 -1.343 8.594
  vertex -2.921 -1.348 8.606
  vertex -2.871 -1.691 8.61
 endloop
endfacet
facet normal 0.087 0 -0.996
 outer loop
  vertex -2.921 -1.348 8.606
  vertex -2.734 -1.698 8.622
  vertex -2.871 -1.691 8.61
 endloop
endfacet
facet normal 0.087 0 -0.996
 outer loop
  vertex -2.871 -1.691 8.61
  vertex -2.734 -1.698 8.622
  vertex -2.643 -2.014 8.63
 endloop
endfacet
facet normal 0.087 0 -0.996
 outer loop
  vertex -2.734 -1.698 8.622
  vertex -2.505 -2.022 8.642
  vertex -2.643 -2.014 8.63
 endloop
endfacet
facet normal 0.087 0 -0.996
 outer loop
  vertex -2.643 -2.014 8.63
  vertex -2.505 -2.022 8.642
  vertex -2.378 -2.306 8.653
 endloop
endfacet
facet normal 0.087 0 -0.996
 outer loop
  vertex -2.505 -2.022 8.642
  vertex -2.238 -2.316 8.665
  vertex -2.378 -2.306 8.653
 endloop
endfacet
facet normal 0.087 0 -0.996
 outer loop
  vertex -2.378 -2.306 8.653
  vertex -2.238 -2.316 8.665
  vertex -2.078 -2.563 8.679
 endloop
endfacet
facet normal 0.087 -0 -0.996
 outer loop
  vertex -2.238 -2.316 8.665
  vertex -1.938 -2.574 8.692
  vertex -2.078 -2.563 8.679
 endloop
endfacet
facet normal 0.087 0 -0.996
 outer loop
  vertex -2.078 -2.563 8.679
  vertex -1.938 -2.574 8.692
  vertex -1.75 -2.782 8.708
 endloop
endfacet
facet normal 0.087 0 -0.996
 outer loop
  vertex -1.938 -2.574 8.692
  vertex -1.608 -2.794 8.72
  vertex -1.75 -2.782 8.708
 endloop
endfacet
facet normal 0.087 0 -0.996
 outer loop
  vertex -1.75 -2.782 8.708
  vertex -1.608 -2.794 8.72
  vertex -1.397 -2.958 8.739
 endloop
endfacet
facet normal 0.087 -0 -0.996
 outer loop
  vertex -1.608 -2.794 8.72
  vertex -1.377 -2.915 8.741
  vertex -1.397 -2.958 8.739
 endloop
endfacet
facet normal 0.087 -0 -0.996
 outer loop
  vertex -1.397 -2.958 8.739
  vertex -1.377 -2.915 8.741
  vertex -1.254 -2.971 8.751
 endloop
endfacet
facet normal 0.087 -0 -0.996
 outer loop
  vertex -1.397 -2.958 8.739
  vertex -1.254 -2.971 8.751
  vertex -1.268 -3.01 8.75
 endloop
endfacet
facet normal 0.087 -0 -0.996
 outer loop
  vertex -1.268 -3.01 8.75
  vertex -1.254 -2.971 8.751
  vertex -1.026 -3.09 8.771
 endloop
endfacet
facet normal 0.087 -0 -0.996
 outer loop
  vertex -1.254 -2.971 8.751
  vertex -1.016 -3.061 8.772
  vertex -1.026 -3.09 8.771
 endloop
endfacet
facet normal 0.087 -0 -0.996
 outer loop
  vertex -1.026 -3.09 8.771
  vertex -1.016 -3.061 8.772
  vertex -0.881 -3.103 8.784
 endloop
endfacet
facet normal 0.087 -0 -0.996
 outer loop
  vertex -1.026 -3.09 8.771
  vertex -0.881 -3.103 8.784
  vertex -0.886 -3.126 8.784
 endloop
endfacet
facet normal 0.087 -0 -0.996
 outer loop
  vertex -0.886 -3.126 8.784
  vertex -0.881 -3.103 8.784
  vertex -0.641 -3.174 8.805
 endloop
endfacet
facet normal 0.087 -0 -0.996
 outer loop
  vertex -0.881 -3.103 8.784
  vertex -0.638 -3.162 8.805
  vertex -0.641 -3.174 8.805
 endloop
endfacet
facet normal 0.087 -0 -0.996
 outer loop
  vertex -0.641 -3.174 8.805
  vertex -0.638 -3.162 8.805
  vertex -0.494 -3.188 8.818
 endloop
endfacet
facet normal 0.087 -0.001 -0.996
 outer loop
  vertex -0.641 -3.174 8.805
  vertex -0.494 -3.188 8.818
  vertex -0.495 -3.194 8.818
 endloop
endfacet
facet normal 0.087 -0.001 -0.996
 outer loop
  vertex -0.495 -3.194 8.818
  vertex -0.494 -3.188 8.818
  vertex -0.372 -3.204 8.829
 endloop
endfacet
facet normal -0.087 0 0.996
 outer loop
  vertex 0.222 3.204 7.154
  vertex 0.295 3.195 7.16
  vertex 0.295 3.199 7.16
 endloop
endfacet
facet normal -0.087 0 0.996
 outer loop
  vertex 0.295 3.199 7.16
  vertex 0.295 3.195 7.16
  vertex 0.539 3.151 7.182
 endloop
endfacet
facet normal -0.087 -0 0.996
 outer loop
  vertex 0.295 3.199 7.16
  vertex 0.539 3.151 7.182
  vertex 0.541 3.166 7.182
 endloop
endfacet
facet normal -0.087 -0 0.996
 outer loop
  vertex 0.541 3.166 7.182
  vertex 0.539 3.151 7.182
  vertex 0.685 3.138 7.194
 endloop
endfacet
facet normal -0.087 0 0.996
 outer loop
  vertex 0.539 3.151 7.182
  vertex 0.679 3.117 7.194
  vertex 0.685 3.138 7.194
 endloop
endfacet
facet normal -0.087 0 0.996
 outer loop
  vertex 0.685 3.138 7.194
  vertex 0.679 3.117 7.194
  vertex 0.919 3.043 7.215
 endloop
endfacet
facet normal -0.087 -0 0.996
 outer loop
  vertex 0.685 3.138 7.194
  vertex 0.919 3.043 7.215
  vertex 0.929 3.074 7.216
 endloop
endfacet
facet normal -0.087 -0 0.996
 outer loop
  vertex 0.929 3.074 7.216
  vertex 0.919 3.043 7.215
  vertex 1.064 3.03 7.228
 endloop
endfacet
facet normal -0.087 -0 0.996
 outer loop
  vertex 0.919 3.043 7.215
  vertex 1.049 2.994 7.226
  vertex 1.064 3.03 7.228
 endloop
endfacet
facet normal -0.087 -0 0.996
 outer loop
  vertex 1.064 3.03 7.228
  vertex 1.049 2.994 7.226
  vertex 1.284 2.888 7.247
 endloop
endfacet
facet normal -0.087 0 0.996
 outer loop
  vertex 1.064 3.03 7.228
  vertex 1.284 2.888 7.247
  vertex 1.304 2.933 7.249
 endloop
endfacet
facet normal -0.087 0 0.996
 outer loop
  vertex 1.304 2.933 7.249
  vertex 1.284 2.888 7.247
  vertex 1.426 2.875 7.259
 endloop
endfacet
facet normal -0.087 -0 0.996
 outer loop
  vertex 1.284 2.888 7.247
  vertex 1.4 2.827 7.257
  vertex 1.426 2.875 7.259
 endloop
endfacet
facet normal -0.087 -0 0.996
 outer loop
  vertex 1.426 2.875 7.259
  vertex 1.4 2.827 7.257
  vertex 1.626 2.689 7.277
 endloop
endfacet
facet normal -0.087 -0 0.996
 outer loop
  vertex 1.426 2.875 7.259
  vertex 1.626 2.689 7.277
  vertex 1.768 2.678 7.289
 endloop
endfacet
facet normal -0.087 0 0.996
 outer loop
  vertex 1.768 2.678 7.289
  vertex 1.626 2.689 7.277
  vertex 1.942 2.45 7.304
 endloop
endfacet
facet normal -0.087 0 0.996
 outer loop
  vertex 1.768 2.678 7.289
  vertex 1.942 2.45 7.304
  vertex 2.082 2.439 7.317
 endloop
endfacet
facet normal -0.087 0 0.996
 outer loop
  vertex 2.082 2.439 7.317
  vertex 1.942 2.45 7.304
  vertex 2.226 2.173 7.329
 endloop
endfacet
facet normal -0.087 0 0.996
 outer loop
  vertex 2.082 2.439 7.317
  vertex 2.226 2.173 7.329
  vertex 2.365 2.164 7.341
 endloop
endfacet
facet normal -0.087 0 0.996
 outer loop
  vertex 2.365 2.164 7.341
  vertex 2.226 2.173 7.329
  vertex 2.474 1.864 7.351
 endloop
endfacet
facet normal -0.087 0 0.996
 outer loop
  vertex 2.365 2.164 7.341
  vertex 2.474 1.864 7.351
  vertex 2.612 1.856 7.363
 endloop
endfacet
facet normal -0.087 0 0.996
 outer loop
  vertex 2.612 1.856 7.363
  vertex 2.474 1.864 7.351
  vertex 2.683 1.526 7.369
 endloop
endfacet
facet normal -0.087 -0 0.996
 outer loop
  vertex 2.612 1.856 7.363
  vertex 2.683 1.526 7.369
  vertex 2.819 1.52 7.381
 endloop
endfacet
facet normal -0.087 -0 0.996
 outer loop
  vertex 2.819 1.52 7.381
  vertex 2.683 1.526 7.369
  vertex 2.848 1.165 7.384
 endloop
endfacet
facet normal -0.087 -0 0.996
 outer loop
  vertex 2.819 1.52 7.381
  vertex 2.848 1.165 7.384
  vertex 2.984 1.16 7.396
 endloop
endfacet
facet normal -0.087 -0 0.996
 outer loop
  vertex 2.984 1.16 7.396
  vertex 2.848 1.165 7.384
  vertex 2.968 0.787 7.394
 endloop
endfacet
facet normal -0.087 -0 0.996
 outer loop
  vertex 2.984 1.16 7.396
  vertex 2.968 0.787 7.394
  vertex 3.103 0.784 7.406
 endloop
endfacet
facet normal -0.087 -0 0.996
 outer loop
  vertex 3.103 0.784 7.406
  vertex 2.968 0.787 7.394
  vertex 3.041 0.396 7.401
 endloop
endfacet
facet normal -0.087 -0 0.996
 outer loop
  vertex 3.103 0.784 7.406
  vertex 3.041 0.396 7.401
  vertex 3.176 0.395 7.412
 endloop
endfacet
facet normal -0.087 -0 0.996
 outer loop
  vertex 3.176 0.395 7.412
  vertex 3.041 0.396 7.401
  vertex 3.065 0 7.403
 endloop
endfacet
facet normal -0.087 -0 0.996
 outer loop
  vertex 3.176 0.395 7.412
  vertex 3.065 0 7.403
  vertex 3.2 -0 7.415
 endloop
endfacet
facet normal -0.087 0 0.996
 outer loop
  vertex 3.2 -0 7.415
  vertex 3.065 0 7.403
  vertex 3.176 -0.395 7.412
 endloop
endfacet
facet normal -0.087 0 0.996
 outer loop
  vertex 3.065 0 7.403
  vertex 3.041 -0.396 7.401
  vertex 3.176 -0.395 7.412
 endloop
endfacet
facet normal -0.087 0 0.996
 outer loop
  vertex 3.176 -0.395 7.412
  vertex 3.041 -0.396 7.401
  vertex 3.103 -0.784 7.406
 endloop
endfacet
facet normal -0.087 0 0.996
 outer loop
  vertex 3.041 -0.396 7.401
  vertex 2.968 -0.787 7.394
  vertex 3.103 -0.784 7.406
 endloop
endfacet
facet normal -0.087 0 0.996
 outer loop
  vertex 3.103 -0.784 7.406
  vertex 2.968 -0.787 7.394
  vertex 2.984 -1.16 7.396
 endloop
endfacet
facet normal -0.087 0 0.996
 outer loop
  vertex 2.968 -0.787 7.394
  vertex 2.848 -1.165 7.384
  vertex 2.984 -1.16 7.396
 endloop
endfacet
facet normal -0.087 0 0.996
 outer loop
  vertex 2.984 -1.16 7.396
  vertex 2.848 -1.165 7.384
  vertex 2.819 -1.52 7.381
 endloop
endfacet
facet normal -0.087 0 0.996
 outer loop
  vertex 2.848 -1.165 7.384
  vertex 2.683 -1.526 7.369
  vertex 2.819 -1.52 7.381
 endloop
endfacet
facet normal -0.087 0 0.996
 outer loop
  vertex 2.819 -1.52 7.381
  vertex 2.683 -1.526 7.369
  vertex 2.612 -1.856 7.363
 endloop
endfacet
facet normal -0.087 -0 0.996
 outer loop
  vertex 2.683 -1.526 7.369
  vertex 2.474 -1.864 7.351
  vertex 2.612 -1.856 7.363
 endloop
endfacet
facet normal -0.087 -0 0.996
 outer loop
  vertex 2.612 -1.856 7.363
  vertex 2.474 -1.864 7.351
  vertex 2.365 -2.164 7.341
 endloop
endfacet
facet normal -0.087 -0 0.996
 outer loop
  vertex 2.474 -1.864 7.351
  vertex 2.226 -2.173 7.329
  vertex 2.365 -2.164 7.341
 endloop
endfacet
facet normal -0.087 -0 0.996
 outer loop
  vertex 2.365 -2.164 7.341
  vertex 2.226 -2.173 7.329
  vertex 2.082 -2.439 7.317
 endloop
endfacet
facet normal -0.087 -0 0.996
 outer loop
  vertex 2.226 -2.173 7.329
  vertex 1.942 -2.45 7.304
  vertex 2.082 -2.439 7.317
 endloop
endfacet
facet normal -0.087 -0 0.996
 outer loop
  vertex 2.082 -2.439 7.317
  vertex 1.942 -2.45 7.304
  vertex 1.768 -2.678 7.289
 endloop
endfacet
facet normal -0.087 -0 0.996
 outer loop
  vertex 1.942 -2.45 7.304
  vertex 1.626 -2.689 7.277
  vertex 1.768 -2.678 7.289
 endloop
endfacet
facet normal -0.087 0 0.996
 outer loop
  vertex 1.768 -2.678 7.289
  vertex 1.626 -2.689 7.277
  vertex 1.426 -2.875 7.259
 endloop
endfacet
facet normal -0.087 0 0.996
 outer loop
  vertex 1.626 -2.689 7.277
  vertex 1.4 -2.827 7.257
  vertex 1.426 -2.875 7.259
 endloop
endfacet
facet normal -0.087 0 0.996
 outer loop
  vertex 1.426 -2.875 7.259
  vertex 1.4 -2.827 7.257
  vertex 1.284 -2.888 7.247
 endloop
endfacet
facet normal -0.087 -0 0.996
 outer loop
  vertex 1.426 -2.875 7.259
  vertex 1.284 -2.888 7.247
  vertex 1.304 -2.933 7.249
 endloop
endfacet
facet normal -0.087 -0 0.996
 outer loop
  vertex 1.304 -2.933 7.249
  vertex 1.284 -2.888 7.247
  vertex 1.064 -3.03 7.228
 endloop
endfacet
facet normal -0.087 0 0.996
 outer loop
  vertex 1.284 -2.888 7.247
  vertex 1.049 -2.994 7.226
  vertex 1.064 -3.03 7.228
 endloop
endfacet
facet normal -0.087 0 0.996
 outer loop
  vertex 1.064 -3.03 7.228
  vertex 1.049 -2.994 7.226
  vertex 0.919 -3.043 7.215
 endloop
endfacet
facet normal -0.087 0 0.996
 outer loop
  vertex 1.064 -3.03 7.228
  vertex 0.919 -3.043 7.215
  vertex 0.929 -3.074 7.216
 endloop
endfacet
facet normal -0.087 0 0.996
 outer loop
  vertex 0.929 -3.074 7.216
  vertex 0.919 -3.043 7.215
  vertex 0.685 -3.138 7.194
 endloop
endfacet
facet normal -0.087 -0 0.996
 outer loop
  vertex 0.919 -3.043 7.215
  vertex 0.679 -3.117 7.194
  vertex 0.685 -3.138 7.194
 endloop
endfacet
facet normal -0.087 -0 0.996
 outer loop
  vertex 0.685 -3.138 7.194
  vertex 0.679 -3.117 7.194
  vertex 0.539 -3.151 7.182
 endloop
endfacet
facet normal -0.087 0 0.996
 outer loop
  vertex 0.685 -3.138 7.194
  vertex 0.539 -3.151 7.182
  vertex 0.541 -3.166 7.182
 endloop
endfacet
facet normal -0.087 0 0.996
 outer loop
  vertex 0.541 -3.166 7.182
  vertex 0.539 -3.151 7.182
  vertex 0.295 -3.199 7.16
 endloop
endfacet
facet normal -0.087 -0 0.996
 outer loop
  vertex 0.539 -3.151 7.182
  vertex 0.295 -3.195 7.16
  vertex 0.295 -3.199 7.16
 endloop
endfacet
facet normal -0.087 -0 0.996
 outer loop
  vertex 0.295 -3.199 7.16
  vertex 0.295 -3.195 7.16
  vertex 0.222 -3.204 7.154
 endloop
endfacet
facet normal 0.236 -0.665 -0.708
 outer loop
  vertex -0.886 3.126 7.07
  vertex -1.026 3.09 7.058
  vertex -1.178 3.862 6.282
 endloop
endfacet
facet normal 0.277 -0.653 -0.705
 outer loop
  vertex -1.178 3.862 6.282
  vertex -1.026 3.09 7.058
  vertex -1.268 3.01 7.037
 endloop
endfacet
facet normal 0.292 -0.651 -0.701
 outer loop
  vertex -1.178 3.862 6.282
  vertex -1.268 3.01 7.037
  vertex -1.643 3.698 6.241
 endloop
endfacet
facet normal 0.317 -0.639 -0.701
 outer loop
  vertex -1.643 3.698 6.241
  vertex -1.268 3.01 7.037
  vertex -1.397 2.958 7.025
 endloop
endfacet
facet normal 0.369 -0.616 -0.696
 outer loop
  vertex -1.643 3.698 6.241
  vertex -1.397 2.958 7.025
  vertex -2.084 3.477 6.202
 endloop
endfacet
facet normal 0.369 -0.616 -0.696
 outer loop
  vertex -2.084 3.477 6.202
  vertex -1.397 2.958 7.025
  vertex -1.75 2.782 6.995
 endloop
endfacet
facet normal 0.442 -0.574 -0.69
 outer loop
  vertex -2.084 3.477 6.202
  vertex -1.75 2.782 6.995
  vertex -2.494 3.204 6.167
 endloop
endfacet
facet normal 0.442 -0.574 -0.69
 outer loop
  vertex -2.494 3.204 6.167
  vertex -1.75 2.782 6.995
  vertex -2.078 2.563 6.966
 endloop
endfacet
facet normal 0.509 -0.523 -0.684
 outer loop
  vertex -2.494 3.204 6.167
  vertex -2.078 2.563 6.966
  vertex -2.868 2.883 6.134
 endloop
endfacet
facet normal 0.509 -0.523 -0.684
 outer loop
  vertex -2.868 2.883 6.134
  vertex -2.078 2.563 6.966
  vertex -2.378 2.306 6.94
 endloop
endfacet
facet normal 0.57 -0.464 -0.679
 outer loop
  vertex -2.868 2.883 6.134
  vertex -2.378 2.306 6.94
  vertex -3.2 2.517 6.105
 endloop
endfacet
facet normal 0.57 -0.464 -0.679
 outer loop
  vertex -3.2 2.517 6.105
  vertex -2.378 2.306 6.94
  vertex -2.643 2.014 6.916
 endloop
endfacet
facet normal 0.623 -0.398 -0.674
 outer loop
  vertex -3.2 2.517 6.105
  vertex -2.643 2.014 6.916
  vertex -3.485 2.114 6.08
 endloop
endfacet
facet normal 0.623 -0.398 -0.674
 outer loop
  vertex -3.485 2.114 6.08
  vertex -2.643 2.014 6.916
  vertex -2.871 1.691 6.897
 endloop
endfacet
facet normal 0.667 -0.326 -0.67
 outer loop
  vertex -3.485 2.114 6.08
  vertex -2.871 1.691 6.897
  vertex -3.718 1.678 6.06
 endloop
endfacet
facet normal 0.667 -0.326 -0.67
 outer loop
  vertex -3.718 1.678 6.06
  vertex -2.871 1.691 6.897
  vertex -3.057 1.343 6.88
 endloop
endfacet
facet normal 0.702 -0.249 -0.667
 outer loop
  vertex -3.718 1.678 6.06
  vertex -3.057 1.343 6.88
  vertex -3.895 1.217 6.044
 endloop
endfacet
facet normal 0.702 -0.249 -0.667
 outer loop
  vertex -3.895 1.217 6.044
  vertex -3.057 1.343 6.88
  vertex -3.199 0.974 6.868
 endloop
endfacet
facet normal 0.728 -0.168 -0.665
 outer loop
  vertex -3.895 1.217 6.044
  vertex -3.199 0.974 6.868
  vertex -4.016 0.738 6.033
 endloop
endfacet
facet normal 0.728 -0.168 -0.665
 outer loop
  vertex -4.016 0.738 6.033
  vertex -3.199 0.974 6.868
  vertex -3.295 0.59 6.859
 endloop
endfacet
facet normal 0.743 -0.085 -0.663
 outer loop
  vertex -4.016 0.738 6.033
  vertex -3.295 0.59 6.859
  vertex -4.076 0.247 6.028
 endloop
endfacet
facet normal 0.743 -0.085 -0.663
 outer loop
  vertex -4.076 0.247 6.028
  vertex -3.295 0.59 6.859
  vertex -3.344 0.198 6.855
 endloop
endfacet
facet normal 0.748 -0.021 -0.663
 outer loop
  vertex -4.076 0.247 6.028
  vertex -3.344 0.198 6.855
  vertex -4.084 0 6.027
 endloop
endfacet
facet normal 0.746 0 -0.666
 outer loop
  vertex -4.084 0 6.027
  vertex -3.344 0.198 6.855
  vertex -3.344 -0.198 6.855
 endloop
endfacet
facet normal 0.748 0.021 -0.663
 outer loop
  vertex -4.084 0 6.027
  vertex -3.344 -0.198 6.855
  vertex -4.076 -0.247 6.028
 endloop
endfacet
facet normal 0.743 0.085 -0.663
 outer loop
  vertex -4.076 -0.247 6.028
  vertex -3.344 -0.198 6.855
  vertex -4.016 -0.738 6.033
 endloop
endfacet
facet normal 0.21 -0.675 -0.708
 outer loop
  vertex -1.178 3.862 6.282
  vertex -0.697 3.968 6.324
  vertex -0.886 3.126 7.07
 endloop
endfacet
facet normal 0.195 -0.675 -0.712
 outer loop
  vertex -0.886 3.126 7.07
  vertex -0.697 3.968 6.324
  vertex -0.641 3.174 7.092
 endloop
endfacet
facet normal 0.153 -0.682 -0.716
 outer loop
  vertex -0.641 3.174 7.092
  vertex -0.697 3.968 6.324
  vertex -0.495 3.194 7.104
 endloop
endfacet
facet normal 0.127 -0.688 -0.715
 outer loop
  vertex -0.495 3.194 7.104
  vertex -0.697 3.968 6.324
  vertex -0.207 4.013 6.367
 endloop
endfacet
facet normal 0.124 -0.687 -0.716
 outer loop
  vertex -0.495 3.194 7.104
  vertex -0.207 4.013 6.367
  vertex -0.372 3.204 7.115
 endloop
endfacet
facet normal 0.098 -0.687 -0.72
 outer loop
  vertex -0.372 3.204 7.115
  vertex -0.207 4.013 6.367
  vertex -0.248 3.214 7.123
 endloop
endfacet
facet normal 0.069 -0.687 -0.723
 outer loop
  vertex -0.248 3.214 7.123
  vertex -0.207 4.013 6.367
  vertex -0.099 3.218 7.133
 endloop
endfacet
facet normal 0.042 -0.69 -0.722
 outer loop
  vertex -0.099 3.218 7.133
  vertex -0.207 4.013 6.367
  vertex 0.285 3.998 6.41
 endloop
endfacet
facet normal 0.026 -0.687 -0.727
 outer loop
  vertex -0.099 3.218 7.133
  vertex 0.285 3.998 6.41
  vertex 0.147 3.211 7.149
 endloop
endfacet
facet normal -0.008 -0.684 -0.73
 outer loop
  vertex 0.147 3.211 7.149
  vertex 0.285 3.998 6.41
  vertex 0.222 3.204 7.154
 endloop
endfacet
facet normal -0.024 -0.683 -0.73
 outer loop
  vertex 0.222 3.204 7.154
  vertex 0.285 3.998 6.41
  vertex 0.295 3.195 7.16
 endloop
endfacet
facet normal -0.043 -0.683 -0.73
 outer loop
  vertex 0.295 3.195 7.16
  vertex 0.285 3.998 6.41
  vertex 0.772 3.922 6.452
 endloop
endfacet
facet normal -0.057 -0.677 -0.734
 outer loop
  vertex 0.295 3.195 7.16
  vertex 0.772 3.922 6.452
  vertex 0.539 3.151 7.182
 endloop
endfacet
facet normal -0.098 -0.668 -0.738
 outer loop
  vertex 0.539 3.151 7.182
  vertex 0.772 3.922 6.452
  vertex 0.679 3.117 7.194
 endloop
endfacet
facet normal -0.125 -0.664 -0.737
 outer loop
  vertex 0.772 3.922 6.452
  vertex 1.246 3.787 6.494
  vertex 0.679 3.117 7.194
 endloop
endfacet
facet normal -0.139 -0.657 -0.741
 outer loop
  vertex 0.679 3.117 7.194
  vertex 1.246 3.787 6.494
  vertex 0.919 3.043 7.215
 endloop
endfacet
facet normal -0.178 -0.643 -0.745
 outer loop
  vertex 0.919 3.043 7.215
  vertex 1.246 3.787 6.494
  vertex 1.049 2.994 7.226
 endloop
endfacet
facet normal -0.205 -0.636 -0.744
 outer loop
  vertex 1.049 2.994 7.226
  vertex 1.246 3.787 6.494
  vertex 1.699 3.594 6.533
 endloop
endfacet
facet normal -0.217 -0.627 -0.748
 outer loop
  vertex 1.049 2.994 7.226
  vertex 1.699 3.594 6.533
  vertex 1.284 2.888 7.247
 endloop
endfacet
facet normal -0.254 -0.609 -0.751
 outer loop
  vertex 1.284 2.888 7.247
  vertex 1.699 3.594 6.533
  vertex 1.4 2.827 7.257
 endloop
endfacet
facet normal -0.281 -0.598 -0.751
 outer loop
  vertex 1.699 3.594 6.533
  vertex 2.126 3.347 6.571
  vertex 1.4 2.827 7.257
 endloop
endfacet
facet normal -0.291 -0.588 -0.754
 outer loop
  vertex 1.4 2.827 7.257
  vertex 2.126 3.347 6.571
  vertex 1.626 2.689 7.277
 endloop
endfacet
facet normal -0.35 -0.549 -0.759
 outer loop
  vertex 1.626 2.689 7.277
  vertex 2.126 3.347 6.571
  vertex 1.942 2.45 7.304
 endloop
endfacet
facet normal -0.35 -0.549 -0.759
 outer loop
  vertex 1.942 2.45 7.304
  vertex 2.126 3.347 6.571
  vertex 2.519 3.049 6.605
 endloop
endfacet
facet normal -0.414 -0.494 -0.765
 outer loop
  vertex 1.942 2.45 7.304
  vertex 2.519 3.049 6.605
  vertex 2.226 2.173 7.329
 endloop
endfacet
facet normal -0.414 -0.494 -0.765
 outer loop
  vertex 2.226 2.173 7.329
  vertex 2.519 3.049 6.605
  vertex 2.872 2.705 6.636
 endloop
endfacet
facet normal -0.471 -0.431 -0.77
 outer loop
  vertex 2.226 2.173 7.329
  vertex 2.872 2.705 6.636
  vertex 2.474 1.864 7.351
 endloop
endfacet
facet normal -0.471 -0.431 -0.77
 outer loop
  vertex 2.474 1.864 7.351
  vertex 2.872 2.705 6.636
  vertex 3.181 2.32 6.663
 endloop
endfacet
facet normal -0.52 -0.362 -0.774
 outer loop
  vertex 2.474 1.864 7.351
  vertex 3.181 2.32 6.663
  vertex 2.683 1.526 7.369
 endloop
endfacet
facet normal -0.52 -0.362 -0.774
 outer loop
  vertex 2.683 1.526 7.369
  vertex 3.181 2.32 6.663
  vertex 3.44 1.9 6.686
 endloop
endfacet
facet normal -0.559 -0.288 -0.777
 outer loop
  vertex 2.683 1.526 7.369
  vertex 3.44 1.9 6.686
  vertex 2.848 1.165 7.384
 endloop
endfacet
facet normal -0.559 -0.288 -0.777
 outer loop
  vertex 2.848 1.165 7.384
  vertex 3.44 1.9 6.686
  vertex 3.646 1.45 6.704
 endloop
endfacet
facet normal -0.59 -0.209 -0.78
 outer loop
  vertex 2.848 1.165 7.384
  vertex 3.646 1.45 6.704
  vertex 2.968 0.787 7.394
 endloop
endfacet
facet normal -0.59 -0.209 -0.78
 outer loop
  vertex 2.968 0.787 7.394
  vertex 3.646 1.45 6.704
  vertex 3.796 0.979 6.717
 endloop
endfacet
facet normal -0.611 -0.126 -0.782
 outer loop
  vertex 2.968 0.787 7.394
  vertex 3.796 0.979 6.717
  vertex 3.041 0.396 7.401
 endloop
endfacet
facet normal -0.611 -0.126 -0.782
 outer loop
  vertex 3.041 0.396 7.401
  vertex 3.796 0.979 6.717
  vertex 3.886 0.493 6.725
 endloop
endfacet
facet normal -0.621 -0.042 -0.783
 outer loop
  vertex 3.041 0.396 7.401
  vertex 3.886 0.493 6.725
  vertex 3.065 0 7.403
 endloop
endfacet
facet normal -0.621 -0.042 -0.783
 outer loop
  vertex 3.065 0 7.403
  vertex 3.886 0.493 6.725
  vertex 3.916 -0 6.727
 endloop
endfacet
facet normal -0.621 0.042 -0.783
 outer loop
  vertex 3.065 0 7.403
  vertex 3.916 -0 6.727
  vertex 3.041 -0.396 7.401
 endloop
endfacet
facet normal -0.621 0.042 -0.783
 outer loop
  vertex 3.041 -0.396 7.401
  vertex 3.916 -0 6.727
  vertex 3.886 -0.493 6.725
 endloop
endfacet
facet normal -0.611 0.126 -0.782
 outer loop
  vertex 3.041 -0.396 7.401
  vertex 3.886 -0.493 6.725
  vertex 2.968 -0.787 7.394
 endloop
endfacet
facet normal -0.611 0.126 -0.782
 outer loop
  vertex 2.968 -0.787 7.394
  vertex 3.886 -0.493 6.725
  vertex 3.796 -0.979 6.717
 endloop
endfacet
facet normal -0.59 0.209 -0.78
 outer loop
  vertex 2.968 -0.787 7.394
  vertex 3.796 -0.979 6.717
  vertex 2.848 -1.165 7.384
 endloop
endfacet
facet normal -0.59 0.209 -0.78
 outer loop
  vertex 2.848 -1.165 7.384
  vertex 3.796 -0.979 6.717
  vertex 3.646 -1.45 6.704
 endloop
endfacet
facet normal -0.559 0.288 -0.777
 outer loop
  vertex 2.848 -1.165 7.384
  vertex 3.646 -1.45 6.704
  vertex 2.683 -1.526 7.369
 endloop
endfacet
facet normal -0.559 0.288 -0.777
 outer loop
  vertex 2.683 -1.526 7.369
  vertex 3.646 -1.45 6.704
  vertex 3.44 -1.9 6.686
 endloop
endfacet
facet normal -0.52 0.362 -0.774
 outer loop
  vertex 2.683 -1.526 7.369
  vertex 3.44 -1.9 6.686
  vertex 2.474 -1.864 7.351
 endloop
endfacet
facet normal -0.52 0.362 -0.774
 outer loop
  vertex 2.474 -1.864 7.351
  vertex 3.44 -1.9 6.686
  vertex 3.181 -2.32 6.663
 endloop
endfacet
facet normal -0.471 0.431 -0.77
 outer loop
  vertex 2.474 -1.864 7.351
  vertex 3.181 -2.32 6.663
  vertex 2.226 -2.173 7.329
 endloop
endfacet
facet normal -0.471 0.431 -0.77
 outer loop
  vertex 2.226 -2.173 7.329
  vertex 3.181 -2.32 6.663
  vertex 2.872 -2.705 6.636
 endloop
endfacet
facet normal -0.414 0.494 -0.765
 outer loop
  vertex 2.226 -2.173 7.329
  vertex 2.872 -2.705 6.636
  vertex 1.942 -2.45 7.304
 endloop
endfacet
facet normal -0.414 0.494 -0.765
 outer loop
  vertex 1.942 -2.45 7.304
  vertex 2.872 -2.705 6.636
  vertex 2.519 -3.049 6.605
 endloop
endfacet
facet normal -0.35 0.549 -0.759
 outer loop
  vertex 1.942 -2.45 7.304
  vertex 2.519 -3.049 6.605
  vertex 1.626 -2.689 7.277
 endloop
endfacet
facet normal -0.35 0.549 -0.759
 outer loop
  vertex 1.626 -2.689 7.277
  vertex 2.519 -3.049 6.605
  vertex 2.126 -3.347 6.571
 endloop
endfacet
facet normal -0.291 0.588 -0.754
 outer loop
  vertex 1.626 -2.689 7.277
  vertex 2.126 -3.347 6.571
  vertex 1.4 -2.827 7.257
 endloop
endfacet
facet normal -0.281 0.598 -0.751
 outer loop
  vertex 1.4 -2.827 7.257
  vertex 2.126 -3.347 6.571
  vertex 1.699 -3.594 6.533
 endloop
endfacet
facet normal -0.254 0.609 -0.751
 outer loop
  vertex 1.4 -2.827 7.257
  vertex 1.699 -3.594 6.533
  vertex 1.284 -2.888 7.247
 endloop
endfacet
facet normal -0.217 0.627 -0.748
 outer loop
  vertex 1.284 -2.888 7.247
  vertex 1.699 -3.594 6.533
  vertex 1.049 -2.994 7.226
 endloop
endfacet
facet normal -0.205 0.636 -0.744
 outer loop
  vertex 1.699 -3.594 6.533
  vertex 1.246 -3.787 6.494
  vertex 1.049 -2.994 7.226
 endloop
endfacet
facet normal -0.178 0.643 -0.745
 outer loop
  vertex 1.049 -2.994 7.226
  vertex 1.246 -3.787 6.494
  vertex 0.919 -3.043 7.215
 endloop
endfacet
facet normal -0.139 0.657 -0.741
 outer loop
  vertex 0.919 -3.043 7.215
  vertex 1.246 -3.787 6.494
  vertex 0.679 -3.117 7.194
 endloop
endfacet
facet normal -0.125 0.664 -0.737
 outer loop
  vertex 0.679 -3.117 7.194
  vertex 1.246 -3.787 6.494
  vertex 0.772 -3.922 6.452
 endloop
endfacet
facet normal -0.098 0.668 -0.738
 outer loop
  vertex 0.679 -3.117 7.194
  vertex 0.772 -3.922 6.452
  vertex 0.539 -3.151 7.182
 endloop
endfacet
facet normal -0.057 0.677 -0.734
 outer loop
  vertex 0.539 -3.151 7.182
  vertex 0.772 -3.922 6.452
  vertex 0.295 -3.195 7.16
 endloop
endfacet
facet normal -0.043 0.683 -0.73
 outer loop
  vertex 0.772 -3.922 6.452
  vertex 0.285 -3.998 6.41
  vertex 0.295 -3.195 7.16
 endloop
endfacet
facet normal -0.024 0.683 -0.73
 outer loop
  vertex 0.295 -3.195 7.16
  vertex 0.285 -3.998 6.41
  vertex 0.222 -3.204 7.154
 endloop
endfacet
facet normal 0.098 0.687 -0.72
 outer loop
  vertex -0.372 -3.204 7.115
  vertex -0.248 -3.214 7.123
  vertex -0.207 -4.013 6.367
 endloop
endfacet
facet normal 0.069 0.687 -0.723
 outer loop
  vertex -0.207 -4.013 6.367
  vertex -0.248 -3.214 7.123
  vertex -0.099 -3.218 7.133
 endloop
endfacet
facet normal 0.042 0.69 -0.722
 outer loop
  vertex -0.207 -4.013 6.367
  vertex -0.099 -3.218 7.133
  vertex 0.285 -3.998 6.41
 endloop
endfacet
facet normal 0.026 0.687 -0.727
 outer loop
  vertex 0.285 -3.998 6.41
  vertex -0.099 -3.218 7.133
  vertex 0.147 -3.211 7.149
 endloop
endfacet
facet normal -0.008 0.684 -0.73
 outer loop
  vertex 0.285 -3.998 6.41
  vertex 0.147 -3.211 7.149
  vertex 0.222 -3.204 7.154
 endloop
endfacet
facet normal 0.124 0.687 -0.716
 outer loop
  vertex -0.372 -3.204 7.115
  vertex -0.207 -4.013 6.367
  vertex -0.495 -3.194 7.104
 endloop
endfacet
facet normal 0.127 0.688 -0.715
 outer loop
  vertex -0.495 -3.194 7.104
  vertex -0.207 -4.013 6.367
  vertex -0.697 -3.968 6.324
 endloop
endfacet
facet normal 0.153 0.682 -0.716
 outer loop
  vertex -0.495 -3.194 7.104
  vertex -0.697 -3.968 6.324
  vertex -0.641 -3.174 7.092
 endloop
endfacet
facet normal 0.195 0.675 -0.712
 outer loop
  vertex -0.641 -3.174 7.092
  vertex -0.697 -3.968 6.324
  vertex -0.886 -3.126 7.07
 endloop
endfacet
facet normal 0.21 0.675 -0.708
 outer loop
  vertex -0.697 -3.968 6.324
  vertex -1.178 -3.862 6.282
  vertex -0.886 -3.126 7.07
 endloop
endfacet
facet normal 0.236 0.665 -0.708
 outer loop
  vertex -0.886 -3.126 7.07
  vertex -1.178 -3.862 6.282
  vertex -1.026 -3.09 7.058
 endloop
endfacet
facet normal 0.277 0.653 -0.705
 outer loop
  vertex -1.026 -3.09 7.058
  vertex -1.178 -3.862 6.282
  vertex -1.268 -3.01 7.037
 endloop
endfacet
facet normal 0.292 0.651 -0.701
 outer loop
  vertex -1.268 -3.01 7.037
  vertex -1.178 -3.862 6.282
  vertex -1.643 -3.698 6.241
 endloop
endfacet
facet normal 0.317 0.639 -0.701
 outer loop
  vertex -1.268 -3.01 7.037
  vertex -1.643 -3.698 6.241
  vertex -1.397 -2.958 7.025
 endloop
endfacet
facet normal 0.369 0.616 -0.696
 outer loop
  vertex -1.397 -2.958 7.025
  vertex -1.643 -3.698 6.241
  vertex -1.75 -2.782 6.995
 endloop
endfacet
facet normal 0.369 0.616 -0.696
 outer loop
  vertex -1.643 -3.698 6.241
  vertex -2.084 -3.477 6.202
  vertex -1.75 -2.782 6.995
 endloop
endfacet
facet normal 0.442 0.574 -0.69
 outer loop
  vertex -1.75 -2.782 6.995
  vertex -2.084 -3.477 6.202
  vertex -2.078 -2.563 6.966
 endloop
endfacet
facet normal 0.442 0.574 -0.69
 outer loop
  vertex -2.084 -3.477 6.202
  vertex -2.494 -3.204 6.167
  vertex -2.078 -2.563 6.966
 endloop
endfacet
facet normal 0.509 0.523 -0.684
 outer loop
  vertex -2.078 -2.563 6.966
  vertex -2.494 -3.204 6.167
  vertex -2.378 -2.306 6.94
 endloop
endfacet
facet normal 0.509 0.523 -0.684
 outer loop
  vertex -2.494 -3.204 6.167
  vertex -2.868 -2.883 6.134
  vertex -2.378 -2.306 6.94
 endloop
endfacet
facet normal 0.57 0.464 -0.679
 outer loop
  vertex -2.378 -2.306 6.94
  vertex -2.868 -2.883 6.134
  vertex -2.643 -2.014 6.916
 endloop
endfacet
facet normal 0.57 0.464 -0.679
 outer loop
  vertex -2.868 -2.883 6.134
  vertex -3.2 -2.517 6.105
  vertex -2.643 -2.014 6.916
 endloop
endfacet
facet normal 0.623 0.398 -0.674
 outer loop
  vertex -2.643 -2.014 6.916
  vertex -3.2 -2.517 6.105
  vertex -2.871 -1.691 6.897
 endloop
endfacet
facet normal 0.623 0.398 -0.674
 outer loop
  vertex -3.2 -2.517 6.105
  vertex -3.485 -2.114 6.08
  vertex -2.871 -1.691 6.897
 endloop
endfacet
facet normal 0.667 0.326 -0.67
 outer loop
  vertex -2.871 -1.691 6.897
  vertex -3.485 -2.114 6.08
  vertex -3.057 -1.343 6.88
 endloop
endfacet
facet normal 0.667 0.326 -0.67
 outer loop
  vertex -3.485 -2.114 6.08
  vertex -3.718 -1.678 6.06
  vertex -3.057 -1.343 6.88
 endloop
endfacet
facet normal 0.702 0.249 -0.667
 outer loop
  vertex -3.057 -1.343 6.88
  vertex -3.718 -1.678 6.06
  vertex -3.199 -0.974 6.868
 endloop
endfacet
facet normal 0.702 0.249 -0.667
 outer loop
  vertex -3.718 -1.678 6.06
  vertex -3.895 -1.217 6.044
  vertex -3.199 -0.974 6.868
 endloop
endfacet
facet normal 0.728 0.168 -0.665
 outer loop
  vertex -3.199 -0.974 6.868
  vertex -3.895 -1.217 6.044
  vertex -3.295 -0.59 6.859
 endloop
endfacet
facet normal 0.728 0.168 -0.665
 outer loop
  vertex -3.895 -1.217 6.044
  vertex -4.016 -0.738 6.033
  vertex -3.295 -0.59 6.859
 endloop
endfacet
facet normal 0.743 0.085 -0.663
 outer loop
  vertex -3.295 -0.59 6.859
  vertex -4.016 -0.738 6.033
  vertex -3.344 -0.198 6.855
 endloop
endfacet
facet normal 0.029 -0.681 0.732
 outer loop
  vertex -0.494 3.188 5.391
  vertex -0.372 3.204 5.402
  vertex -0.68 3.968 6.125
 endloop
endfacet
facet normal 0.003 -0.687 0.727
 outer loop
  vertex -0.68 3.968 6.125
  vertex -0.372 3.204 5.402
  vertex -0.248 3.214 5.41
 endloop
endfacet
facet normal 0 -0.688 0.726
 outer loop
  vertex -0.68 3.968 6.125
  vertex -0.248 3.214 5.41
  vertex -0.189 4.013 6.167
 endloop
endfacet
facet normal -0.026 -0.686 0.727
 outer loop
  vertex -0.189 4.013 6.167
  vertex -0.248 3.214 5.41
  vertex -0.099 3.218 5.42
 endloop
endfacet
facet normal -0.069 -0.688 0.723
 outer loop
  vertex -0.189 4.013 6.167
  vertex -0.099 3.218 5.42
  vertex 0.147 3.211 5.436
 endloop
endfacet
facet normal -0.084 -0.69 0.719
 outer loop
  vertex -0.189 4.013 6.167
  vertex 0.147 3.211 5.436
  vertex 0.303 3.998 6.21
 endloop
endfacet
facet normal -0.103 -0.687 0.719
 outer loop
  vertex 0.303 3.998 6.21
  vertex 0.147 3.211 5.436
  vertex 0.222 3.204 5.441
 endloop
endfacet
facet normal -0.119 -0.685 0.719
 outer loop
  vertex 0.303 3.998 6.21
  vertex 0.222 3.204 5.441
  vertex 0.295 3.199 5.447
 endloop
endfacet
facet normal -0.153 -0.682 0.715
 outer loop
  vertex 0.295 3.199 5.447
  vertex 0.541 3.166 5.468
  vertex 0.303 3.998 6.21
 endloop
endfacet
facet normal -0.169 -0.682 0.711
 outer loop
  vertex 0.303 3.998 6.21
  vertex 0.541 3.166 5.468
  vertex 0.789 3.922 6.253
 endloop
endfacet
facet normal -0.194 -0.675 0.712
 outer loop
  vertex 0.541 3.166 5.468
  vertex 0.685 3.138 5.481
  vertex 0.789 3.922 6.253
 endloop
endfacet
facet normal -0.236 -0.665 0.708
 outer loop
  vertex 0.789 3.922 6.253
  vertex 0.685 3.138 5.481
  vertex 0.929 3.074 5.502
 endloop
endfacet
facet normal -0.251 -0.664 0.704
 outer loop
  vertex 0.789 3.922 6.253
  vertex 0.929 3.074 5.502
  vertex 1.263 3.787 6.295
 endloop
endfacet
facet normal -0.277 -0.653 0.705
 outer loop
  vertex 1.263 3.787 6.295
  vertex 0.929 3.074 5.502
  vertex 1.064 3.03 5.514
 endloop
endfacet
facet normal -0.317 -0.639 0.701
 outer loop
  vertex 1.263 3.787 6.295
  vertex 1.064 3.03 5.514
  vertex 1.304 2.933 5.535
 endloop
endfacet
facet normal -0.331 -0.636 0.697
 outer loop
  vertex 1.263 3.787 6.295
  vertex 1.304 2.933 5.535
  vertex 1.717 3.594 6.334
 endloop
endfacet
facet normal -0.356 -0.622 0.698
 outer loop
  vertex 1.717 3.594 6.334
  vertex 1.304 2.933 5.535
  vertex 1.426 2.875 5.546
 endloop
endfacet
facet normal -0.406 -0.596 0.693
 outer loop
  vertex 1.717 3.594 6.334
  vertex 1.426 2.875 5.546
  vertex 2.143 3.347 6.372
 endloop
endfacet
facet normal -0.406 -0.596 0.693
 outer loop
  vertex 2.143 3.347 6.372
  vertex 1.426 2.875 5.546
  vertex 1.768 2.678 5.576
 endloop
endfacet
facet normal -0.476 -0.549 0.687
 outer loop
  vertex 2.143 3.347 6.372
  vertex 1.768 2.678 5.576
  vertex 2.536 3.049 6.406
 endloop
endfacet
facet normal -0.476 -0.549 0.687
 outer loop
  vertex 2.536 3.049 6.406
  vertex 1.768 2.678 5.576
  vertex 2.082 2.439 5.603
 endloop
endfacet
facet normal -0.54 -0.494 0.681
 outer loop
  vertex 2.536 3.049 6.406
  vertex 2.082 2.439 5.603
  vertex 2.89 2.705 6.437
 endloop
endfacet
facet normal -0.54 -0.494 0.681
 outer loop
  vertex 2.89 2.705 6.437
  vertex 2.082 2.439 5.603
  vertex 2.365 2.164 5.628
 endloop
endfacet
facet normal -0.597 -0.431 0.676
 outer loop
  vertex 2.89 2.705 6.437
  vertex 2.365 2.164 5.628
  vertex 3.199 2.32 6.464
 endloop
endfacet
facet normal -0.597 -0.431 0.676
 outer loop
  vertex 3.199 2.32 6.464
  vertex 2.365 2.164 5.628
  vertex 2.612 1.856 5.65
 endloop
endfacet
facet normal -0.646 -0.362 0.672
 outer loop
  vertex 3.199 2.32 6.464
  vertex 2.612 1.856 5.65
  vertex 3.458 1.9 6.487
 endloop
endfacet
facet normal -0.646 -0.362 0.672
 outer loop
  vertex 3.458 1.9 6.487
  vertex 2.612 1.856 5.65
  vertex 2.819 1.52 5.668
 endloop
endfacet
facet normal -0.686 -0.288 0.668
 outer loop
  vertex 3.458 1.9 6.487
  vertex 2.819 1.52 5.668
  vertex 3.664 1.45 6.505
 endloop
endfacet
facet normal -0.686 -0.288 0.668
 outer loop
  vertex 3.664 1.45 6.505
  vertex 2.819 1.52 5.668
  vertex 2.984 1.16 5.682
 endloop
endfacet
facet normal -0.716 -0.209 0.666
 outer loop
  vertex 3.664 1.45 6.505
  vertex 2.984 1.16 5.682
  vertex 3.813 0.979 6.518
 endloop
endfacet
facet normal -0.716 -0.209 0.666
 outer loop
  vertex 3.813 0.979 6.518
  vertex 2.984 1.16 5.682
  vertex 3.103 0.784 5.693
 endloop
endfacet
facet normal -0.737 -0.126 0.664
 outer loop
  vertex 3.813 0.979 6.518
  vertex 3.103 0.784 5.693
  vertex 3.903 0.493 6.526
 endloop
endfacet
facet normal -0.737 -0.126 0.664
 outer loop
  vertex 3.903 0.493 6.526
  vertex 3.103 0.784 5.693
  vertex 3.176 0.395 5.699
 endloop
endfacet
facet normal -0.747 -0.042 0.663
 outer loop
  vertex 3.903 0.493 6.526
  vertex 3.176 0.395 5.699
  vertex 3.934 -0 6.528
 endloop
endfacet
facet normal -0.747 -0.042 0.663
 outer loop
  vertex 3.934 -0 6.528
  vertex 3.176 0.395 5.699
  vertex 3.2 -0 5.701
 endloop
endfacet
facet normal -0.747 0.042 0.663
 outer loop
  vertex 3.934 -0 6.528
  vertex 3.2 -0 5.701
  vertex 3.903 -0.493 6.526
 endloop
endfacet
facet normal -0.747 0.042 0.663
 outer loop
  vertex 3.903 -0.493 6.526
  vertex 3.2 -0 5.701
  vertex 3.176 -0.395 5.699
 endloop
endfacet
facet normal -0.737 0.126 0.664
 outer loop
  vertex 3.903 -0.493 6.526
  vertex 3.176 -0.395 5.699
  vertex 3.813 -0.979 6.518
 endloop
endfacet
facet normal -0.737 0.126 0.664
 outer loop
  vertex 3.813 -0.979 6.518
  vertex 3.176 -0.395 5.699
  vertex 3.103 -0.784 5.693
 endloop
endfacet
facet normal -0.716 0.209 0.666
 outer loop
  vertex 3.813 -0.979 6.518
  vertex 3.103 -0.784 5.693
  vertex 3.664 -1.45 6.505
 endloop
endfacet
facet normal -0.716 0.209 0.666
 outer loop
  vertex 3.664 -1.45 6.505
  vertex 3.103 -0.784 5.693
  vertex 2.984 -1.16 5.682
 endloop
endfacet
facet normal -0.686 0.288 0.668
 outer loop
  vertex 3.664 -1.45 6.505
  vertex 2.984 -1.16 5.682
  vertex 3.458 -1.9 6.487
 endloop
endfacet
facet normal -0.686 0.288 0.668
 outer loop
  vertex 3.458 -1.9 6.487
  vertex 2.984 -1.16 5.682
  vertex 2.819 -1.52 5.668
 endloop
endfacet
facet normal -0.646 0.362 0.672
 outer loop
  vertex 3.458 -1.9 6.487
  vertex 2.819 -1.52 5.668
  vertex 3.199 -2.32 6.464
 endloop
endfacet
facet normal -0.646 0.362 0.672
 outer loop
  vertex 3.199 -2.32 6.464
  vertex 2.819 -1.52 5.668
  vertex 2.612 -1.856 5.65
 endloop
endfacet
facet normal -0.597 0.431 0.676
 outer loop
  vertex 3.199 -2.32 6.464
  vertex 2.612 -1.856 5.65
  vertex 2.89 -2.705 6.437
 endloop
endfacet
facet normal -0.597 0.431 0.676
 outer loop
  vertex 2.89 -2.705 6.437
  vertex 2.612 -1.856 5.65
  vertex 2.365 -2.164 5.628
 endloop
endfacet
facet normal -0.54 0.494 0.681
 outer loop
  vertex 2.89 -2.705 6.437
  vertex 2.365 -2.164 5.628
  vertex 2.536 -3.049 6.406
 endloop
endfacet
facet normal -0.54 0.494 0.681
 outer loop
  vertex 2.536 -3.049 6.406
  vertex 2.365 -2.164 5.628
  vertex 2.082 -2.439 5.603
 endloop
endfacet
facet normal -0.476 0.549 0.687
 outer loop
  vertex 2.536 -3.049 6.406
  vertex 2.082 -2.439 5.603
  vertex 2.143 -3.347 6.372
 endloop
endfacet
facet normal -0.476 0.549 0.687
 outer loop
  vertex 2.143 -3.347 6.372
  vertex 2.082 -2.439 5.603
  vertex 1.768 -2.678 5.576
 endloop
endfacet
facet normal -0.406 0.596 0.693
 outer loop
  vertex 2.143 -3.347 6.372
  vertex 1.768 -2.678 5.576
  vertex 1.717 -3.594 6.334
 endloop
endfacet
facet normal -0.406 0.596 0.693
 outer loop
  vertex 1.717 -3.594 6.334
  vertex 1.768 -2.678 5.576
  vertex 1.426 -2.875 5.546
 endloop
endfacet
facet normal -0.356 0.622 0.698
 outer loop
  vertex 1.717 -3.594 6.334
  vertex 1.426 -2.875 5.546
  vertex 1.304 -2.933 5.535
 endloop
endfacet
facet normal -0.331 0.636 0.697
 outer loop
  vertex 1.717 -3.594 6.334
  vertex 1.304 -2.933 5.535
  vertex 1.263 -3.787 6.295
 endloop
endfacet
facet normal -0.317 0.639 0.701
 outer loop
  vertex 1.263 -3.787 6.295
  vertex 1.304 -2.933 5.535
  vertex 1.064 -3.03 5.514
 endloop
endfacet
facet normal -0.277 0.653 0.705
 outer loop
  vertex 1.263 -3.787 6.295
  vertex 1.064 -3.03 5.514
  vertex 0.929 -3.074 5.502
 endloop
endfacet
facet normal -0.251 0.664 0.704
 outer loop
  vertex 1.263 -3.787 6.295
  vertex 0.929 -3.074 5.502
  vertex 0.789 -3.922 6.253
 endloop
endfacet
facet normal -0.236 0.665 0.708
 outer loop
  vertex 0.789 -3.922 6.253
  vertex 0.929 -3.074 5.502
  vertex 0.685 -3.138 5.481
 endloop
endfacet
facet normal -0.194 0.675 0.712
 outer loop
  vertex 0.789 -3.922 6.253
  vertex 0.685 -3.138 5.481
  vertex 0.541 -3.166 5.468
 endloop
endfacet
facet normal -0.169 0.682 0.711
 outer loop
  vertex 0.789 -3.922 6.253
  vertex 0.541 -3.166 5.468
  vertex 0.303 -3.998 6.21
 endloop
endfacet
facet normal -0.153 0.682 0.715
 outer loop
  vertex 0.303 -3.998 6.21
  vertex 0.541 -3.166 5.468
  vertex 0.295 -3.199 5.447
 endloop
endfacet
facet normal -0.119 0.685 0.719
 outer loop
  vertex 0.303 -3.998 6.21
  vertex 0.295 -3.199 5.447
  vertex 0.222 -3.204 5.441
 endloop
endfacet
facet normal -0.103 0.687 0.719
 outer loop
  vertex 0.222 -3.204 5.441
  vertex 0.147 -3.211 5.436
  vertex 0.303 -3.998 6.21
 endloop
endfacet
facet normal -0.084 0.69 0.719
 outer loop
  vertex 0.303 -3.998 6.21
  vertex 0.147 -3.211 5.436
  vertex -0.189 -4.013 6.167
 endloop
endfacet
facet normal -0.069 0.688 0.723
 outer loop
  vertex 0.147 -3.211 5.436
  vertex -0.099 -3.218 5.42
  vertex -0.189 -4.013 6.167
 endloop
endfacet
facet normal -0.026 0.686 0.727
 outer loop
  vertex -0.189 -4.013 6.167
  vertex -0.099 -3.218 5.42
  vertex -0.248 -3.214 5.41
 endloop
endfacet
facet normal 0 0.688 0.726
 outer loop
  vertex -0.189 -4.013 6.167
  vertex -0.248 -3.214 5.41
  vertex -0.68 -3.968 6.125
 endloop
endfacet
facet normal 0.003 0.687 0.727
 outer loop
  vertex -0.68 -3.968 6.125
  vertex -0.248 -3.214 5.41
  vertex -0.372 -3.204 5.402
 endloop
endfacet
facet normal 0.029 0.681 0.732
 outer loop
  vertex -0.68 -3.968 6.125
  vertex -0.372 -3.204 5.402
  vertex -0.494 -3.188 5.391
 endloop
endfacet
facet normal 0.057 0.677 0.734
 outer loop
  vertex -0.494 -3.188 5.391
  vertex -0.638 -3.162 5.378
  vertex -0.68 -3.968 6.125
 endloop
endfacet
facet normal 0.084 0.675 0.733
 outer loop
  vertex -0.68 -3.968 6.125
  vertex -0.638 -3.162 5.378
  vertex -1.161 -3.862 6.082
 endloop
endfacet
facet normal 0.098 0.668 0.737
 outer loop
  vertex -0.638 -3.162 5.378
  vertex -0.881 -3.103 5.357
  vertex -1.161 -3.862 6.082
 endloop
endfacet
facet normal 0.139 0.657 0.741
 outer loop
  vertex -1.161 -3.862 6.082
  vertex -0.881 -3.103 5.357
  vertex -1.016 -3.061 5.345
 endloop
endfacet
facet normal 0.166 0.651 0.74
 outer loop
  vertex -1.161 -3.862 6.082
  vertex -1.016 -3.061 5.345
  vertex -1.625 -3.698 6.042
 endloop
endfacet
facet normal 0.179 0.643 0.744
 outer loop
  vertex -1.625 -3.698 6.042
  vertex -1.016 -3.061 5.345
  vertex -1.254 -2.971 5.325
 endloop
endfacet
facet normal 0.217 0.627 0.748
 outer loop
  vertex -1.625 -3.698 6.042
  vertex -1.254 -2.971 5.325
  vertex -1.377 -2.915 5.314
 endloop
endfacet
facet normal 0.244 0.618 0.747
 outer loop
  vertex -1.625 -3.698 6.042
  vertex -1.377 -2.915 5.314
  vertex -2.066 -3.477 6.003
 endloop
endfacet
facet normal 0.255 0.609 0.751
 outer loop
  vertex -2.066 -3.477 6.003
  vertex -1.377 -2.915 5.314
  vertex -1.608 -2.794 5.294
 endloop
endfacet
facet normal 0.315 0.574 0.756
 outer loop
  vertex -2.066 -3.477 6.003
  vertex -1.608 -2.794 5.294
  vertex -2.477 -3.204 5.967
 endloop
endfacet
facet normal 0.315 0.574 0.756
 outer loop
  vertex -2.477 -3.204 5.967
  vertex -1.608 -2.794 5.294
  vertex -1.938 -2.574 5.265
 endloop
endfacet
facet normal 0.383 0.523 0.762
 outer loop
  vertex -2.477 -3.204 5.967
  vertex -1.938 -2.574 5.265
  vertex -2.851 -2.883 5.935
 endloop
endfacet
facet normal 0.383 0.523 0.762
 outer loop
  vertex -2.851 -2.883 5.935
  vertex -1.938 -2.574 5.265
  vertex -2.238 -2.316 5.238
 endloop
endfacet
facet normal 0.443 0.464 0.767
 outer loop
  vertex -2.851 -2.883 5.935
  vertex -2.238 -2.316 5.238
  vertex -3.183 -2.517 5.906
 endloop
endfacet
facet normal 0.443 0.464 0.767
 outer loop
  vertex -3.183 -2.517 5.906
  vertex -2.238 -2.316 5.238
  vertex -2.505 -2.022 5.215
 endloop
endfacet
facet normal 0.496 0.398 0.772
 outer loop
  vertex -3.183 -2.517 5.906
  vertex -2.505 -2.022 5.215
  vertex -3.467 -2.114 5.881
 endloop
endfacet
facet normal 0.496 0.398 0.772
 outer loop
  vertex -3.467 -2.114 5.881
  vertex -2.505 -2.022 5.215
  vertex -2.734 -1.698 5.195
 endloop
endfacet
facet normal 0.541 0.326 0.776
 outer loop
  vertex -3.467 -2.114 5.881
  vertex -2.734 -1.698 5.195
  vertex -3.7 -1.678 5.86
 endloop
endfacet
facet normal 0.541 0.326 0.776
 outer loop
  vertex -3.7 -1.678 5.86
  vertex -2.734 -1.698 5.195
  vertex -2.921 -1.348 5.179
 endloop
endfacet
facet normal 0.576 0.249 0.779
 outer loop
  vertex -3.7 -1.678 5.86
  vertex -2.921 -1.348 5.179
  vertex -3.878 -1.217 5.845
 endloop
endfacet
facet normal 0.576 0.249 0.779
 outer loop
  vertex -3.878 -1.217 5.845
  vertex -2.921 -1.348 5.179
  vertex -3.064 -0.978 5.166
 endloop
endfacet
facet normal 0.601 0.168 0.781
 outer loop
  vertex -3.878 -1.217 5.845
  vertex -3.064 -0.978 5.166
  vertex -3.998 -0.738 5.834
 endloop
endfacet
facet normal 0.601 0.168 0.781
 outer loop
  vertex -3.998 -0.738 5.834
  vertex -3.064 -0.978 5.166
  vertex -3.16 -0.593 5.158
 endloop
endfacet
facet normal 0.617 0.085 0.782
 outer loop
  vertex -3.998 -0.738 5.834
  vertex -3.16 -0.593 5.158
  vertex -4.059 -0.247 5.829
 endloop
endfacet
facet normal 0.617 0.085 0.782
 outer loop
  vertex -4.059 -0.247 5.829
  vertex -3.16 -0.593 5.158
  vertex -3.209 -0.199 5.153
 endloop
endfacet
facet normal 0.621 0.021 0.783
 outer loop
  vertex -4.059 -0.247 5.829
  vertex -3.209 -0.199 5.153
  vertex -4.066 0 5.828
 endloop
endfacet
facet normal 0.618 0 0.786
 outer loop
  vertex -4.066 0 5.828
  vertex -3.209 -0.199 5.153
  vertex -3.209 0.199 5.153
 endloop
endfacet
facet normal 0.621 -0.021 0.783
 outer loop
  vertex -4.066 0 5.828
  vertex -3.209 0.199 5.153
  vertex -4.059 0.247 5.829
 endloop
endfacet
facet normal 0.617 -0.085 0.782
 outer loop
  vertex -4.059 0.247 5.829
  vertex -3.209 0.199 5.153
  vertex -3.998 0.738 5.834
 endloop
endfacet
facet normal 0.617 -0.085 0.782
 outer loop
  vertex -3.209 0.199 5.153
  vertex -3.16 0.593 5.158
  vertex -3.998 0.738 5.834
 endloop
endfacet
facet normal 0.601 -0.168 0.781
 outer loop
  vertex -3.998 0.738 5.834
  vertex -3.16 0.593 5.158
  vertex -3.878 1.217 5.845
 endloop
endfacet
facet normal 0.601 -0.168 0.781
 outer loop
  vertex -3.16 0.593 5.158
  vertex -3.064 0.978 5.166
  vertex -3.878 1.217 5.845
 endloop
endfacet
facet normal 0.576 -0.249 0.779
 outer loop
  vertex -3.878 1.217 5.845
  vertex -3.064 0.978 5.166
  vertex -3.7 1.678 5.86
 endloop
endfacet
facet normal 0.576 -0.249 0.779
 outer loop
  vertex -3.064 0.978 5.166
  vertex -2.921 1.348 5.179
  vertex -3.7 1.678 5.86
 endloop
endfacet
facet normal 0.541 -0.326 0.776
 outer loop
  vertex -3.7 1.678 5.86
  vertex -2.921 1.348 5.179
  vertex -3.467 2.114 5.881
 endloop
endfacet
facet normal 0.541 -0.326 0.776
 outer loop
  vertex -2.921 1.348 5.179
  vertex -2.734 1.698 5.195
  vertex -3.467 2.114 5.881
 endloop
endfacet
facet normal 0.496 -0.398 0.772
 outer loop
  vertex -3.467 2.114 5.881
  vertex -2.734 1.698 5.195
  vertex -3.183 2.517 5.906
 endloop
endfacet
facet normal 0.496 -0.398 0.772
 outer loop
  vertex -2.734 1.698 5.195
  vertex -2.505 2.022 5.215
  vertex -3.183 2.517 5.906
 endloop
endfacet
facet normal 0.443 -0.464 0.767
 outer loop
  vertex -3.183 2.517 5.906
  vertex -2.505 2.022 5.215
  vertex -2.851 2.883 5.935
 endloop
endfacet
facet normal 0.443 -0.464 0.767
 outer loop
  vertex -2.505 2.022 5.215
  vertex -2.238 2.316 5.238
  vertex -2.851 2.883 5.935
 endloop
endfacet
facet normal 0.383 -0.523 0.762
 outer loop
  vertex -2.851 2.883 5.935
  vertex -2.238 2.316 5.238
  vertex -2.477 3.204 5.967
 endloop
endfacet
facet normal 0.383 -0.523 0.762
 outer loop
  vertex -2.238 2.316 5.238
  vertex -1.938 2.574 5.265
  vertex -2.477 3.204 5.967
 endloop
endfacet
facet normal 0.315 -0.574 0.756
 outer loop
  vertex -2.477 3.204 5.967
  vertex -1.938 2.574 5.265
  vertex -2.066 3.477 6.003
 endloop
endfacet
facet normal 0.315 -0.574 0.756
 outer loop
  vertex -1.938 2.574 5.265
  vertex -1.608 2.794 5.294
  vertex -2.066 3.477 6.003
 endloop
endfacet
facet normal 0.255 -0.609 0.751
 outer loop
  vertex -2.066 3.477 6.003
  vertex -1.608 2.794 5.294
  vertex -1.377 2.915 5.314
 endloop
endfacet
facet normal 0.244 -0.618 0.747
 outer loop
  vertex -2.066 3.477 6.003
  vertex -1.377 2.915 5.314
  vertex -1.625 3.698 6.042
 endloop
endfacet
facet normal 0.217 -0.627 0.748
 outer loop
  vertex -1.625 3.698 6.042
  vertex -1.377 2.915 5.314
  vertex -1.254 2.971 5.325
 endloop
endfacet
facet normal 0.179 -0.643 0.744
 outer loop
  vertex -1.625 3.698 6.042
  vertex -1.254 2.971 5.325
  vertex -1.016 3.061 5.345
 endloop
endfacet
facet normal 0.166 -0.651 0.74
 outer loop
  vertex -1.625 3.698 6.042
  vertex -1.016 3.061 5.345
  vertex -1.161 3.862 6.082
 endloop
endfacet
facet normal 0.139 -0.657 0.741
 outer loop
  vertex -1.161 3.862 6.082
  vertex -1.016 3.061 5.345
  vertex -0.881 3.103 5.357
 endloop
endfacet
facet normal 0.098 -0.668 0.737
 outer loop
  vertex -1.161 3.862 6.082
  vertex -0.881 3.103 5.357
  vertex -0.638 3.162 5.378
 endloop
endfacet
facet normal 0.084 -0.675 0.733
 outer loop
  vertex -1.161 3.862 6.082
  vertex -0.638 3.162 5.378
  vertex -0.68 3.968 6.125
 endloop
endfacet
facet normal 0.057 -0.677 0.734
 outer loop
  vertex -0.68 3.968 6.125
  vertex -0.638 3.162 5.378
  vertex -0.494 3.188 5.391
 endloop
endfacet
facet normal 0.996 0.031 0.087
 outer loop
  vertex -4.076 -0.247 6.028
  vertex -4.059 -0.247 5.829
  vertex -4.084 0 6.027
 endloop
endfacet
facet normal 0.996 0.031 0.087
 outer loop
  vertex -4.084 0 6.027
  vertex -4.059 -0.247 5.829
  vertex -4.066 0 5.828
 endloop
endfacet
facet normal 0.996 -0.031 0.087
 outer loop
  vertex -4.084 0 6.027
  vertex -4.066 0 5.828
  vertex -4.076 0.247 6.028
 endloop
endfacet
facet normal 0.996 -0.031 0.087
 outer loop
  vertex -4.076 0.247 6.028
  vertex -4.066 0 5.828
  vertex -4.059 0.247 5.829
 endloop
endfacet
facet normal 0.989 -0.123 0.086
 outer loop
  vertex -4.076 0.247 6.028
  vertex -4.059 0.247 5.829
  vertex -4.016 0.738 6.033
 endloop
endfacet
facet normal 0.989 -0.123 0.086
 outer loop
  vertex -4.016 0.738 6.033
  vertex -4.059 0.247 5.829
  vertex -3.998 0.738 5.834
 endloop
endfacet
facet normal 0.966 -0.244 0.085
 outer loop
  vertex -4.016 0.738 6.033
  vertex -3.998 0.738 5.834
  vertex -3.895 1.217 6.044
 endloop
endfacet
facet normal 0.966 -0.244 0.085
 outer loop
  vertex -3.895 1.217 6.044
  vertex -3.998 0.738 5.834
  vertex -3.878 1.217 5.845
 endloop
endfacet
facet normal 0.929 -0.361 0.081
 outer loop
  vertex -3.895 1.217 6.044
  vertex -3.878 1.217 5.845
  vertex -3.718 1.678 6.06
 endloop
endfacet
facet normal 0.929 -0.361 0.081
 outer loop
  vertex -3.718 1.678 6.06
  vertex -3.878 1.217 5.845
  vertex -3.7 1.678 5.86
 endloop
endfacet
facet normal 0.878 -0.473 0.077
 outer loop
  vertex -3.718 1.678 6.06
  vertex -3.7 1.678 5.86
  vertex -3.485 2.114 6.08
 endloop
endfacet
facet normal 0.878 -0.473 0.077
 outer loop
  vertex -3.485 2.114 6.08
  vertex -3.7 1.678 5.86
  vertex -3.467 2.114 5.881
 endloop
endfacet
facet normal 0.813 -0.578 0.071
 outer loop
  vertex -3.485 2.114 6.08
  vertex -3.467 2.114 5.881
  vertex -3.2 2.517 6.105
 endloop
endfacet
facet normal 0.813 -0.578 0.071
 outer loop
  vertex -3.2 2.517 6.105
  vertex -3.467 2.114 5.881
  vertex -3.183 2.517 5.906
 endloop
endfacet
facet normal 0.736 -0.674 0.064
 outer loop
  vertex -3.2 2.517 6.105
  vertex -3.183 2.517 5.906
  vertex -2.868 2.883 6.134
 endloop
endfacet
facet normal 0.736 -0.674 0.064
 outer loop
  vertex -2.868 2.883 6.134
  vertex -3.183 2.517 5.906
  vertex -2.851 2.883 5.935
 endloop
endfacet
facet normal 0.648 -0.759 0.057
 outer loop
  vertex -2.868 2.883 6.134
  vertex -2.851 2.883 5.935
  vertex -2.494 3.204 6.167
 endloop
endfacet
facet normal 0.648 -0.759 0.057
 outer loop
  vertex -2.494 3.204 6.167
  vertex -2.851 2.883 5.935
  vertex -2.477 3.204 5.967
 endloop
endfacet
facet normal 0.55 -0.834 0.048
 outer loop
  vertex -2.494 3.204 6.167
  vertex -2.477 3.204 5.967
  vertex -2.084 3.477 6.202
 endloop
endfacet
facet normal 0.55 -0.834 0.048
 outer loop
  vertex -2.084 3.477 6.202
  vertex -2.477 3.204 5.967
  vertex -2.066 3.477 6.003
 endloop
endfacet
facet normal 0.444 -0.895 0.039
 outer loop
  vertex -2.084 3.477 6.202
  vertex -2.066 3.477 6.003
  vertex -1.643 3.698 6.241
 endloop
endfacet
facet normal 0.444 -0.895 0.039
 outer loop
  vertex -1.643 3.698 6.241
  vertex -2.066 3.477 6.003
  vertex -1.625 3.698 6.042
 endloop
endfacet
facet normal 0.331 -0.943 0.029
 outer loop
  vertex -1.643 3.698 6.241
  vertex -1.625 3.698 6.042
  vertex -1.178 3.862 6.282
 endloop
endfacet
facet normal 0.331 -0.943 0.029
 outer loop
  vertex -1.178 3.862 6.282
  vertex -1.625 3.698 6.042
  vertex -1.161 3.862 6.082
 endloop
endfacet
facet normal 0.213 -0.977 0.019
 outer loop
  vertex -1.178 3.862 6.282
  vertex -1.161 3.862 6.082
  vertex -0.697 3.968 6.324
 endloop
endfacet
facet normal 0.213 -0.977 0.019
 outer loop
  vertex -0.697 3.968 6.324
  vertex -1.161 3.862 6.082
  vertex -0.68 3.968 6.125
 endloop
endfacet
facet normal 0.092 -0.996 0.008
 outer loop
  vertex -0.697 3.968 6.324
  vertex -0.68 3.968 6.125
  vertex -0.207 4.013 6.367
 endloop
endfacet
facet normal 0.092 -0.996 0.008
 outer loop
  vertex -0.207 4.013 6.367
  vertex -0.68 3.968 6.125
  vertex -0.189 4.013 6.167
 endloop
endfacet
facet normal -0.031 -1 -0.003
 outer loop
  vertex -0.207 4.013 6.367
  vertex -0.189 4.013 6.167
  vertex 0.285 3.998 6.41
 endloop
endfacet
facet normal -0.031 -1 -0.003
 outer loop
  vertex 0.285 3.998 6.41
  vertex -0.189 4.013 6.167
  vertex 0.303 3.998 6.21
 endloop
endfacet
facet normal -0.153 -0.988 -0.013
 outer loop
  vertex 0.285 3.998 6.41
  vertex 0.303 3.998 6.21
  vertex 0.772 3.922 6.452
 endloop
endfacet
facet normal -0.153 -0.988 -0.013
 outer loop
  vertex 0.772 3.922 6.452
  vertex 0.303 3.998 6.21
  vertex 0.789 3.922 6.253
 endloop
endfacet
facet normal -0.273 -0.962 -0.024
 outer loop
  vertex 0.772 3.922 6.452
  vertex 0.789 3.922 6.253
  vertex 1.246 3.787 6.494
 endloop
endfacet
facet normal -0.273 -0.962 -0.024
 outer loop
  vertex 1.246 3.787 6.494
  vertex 0.789 3.922 6.253
  vertex 1.263 3.787 6.295
 endloop
endfacet
facet normal -0.388 -0.921 -0.034
 outer loop
  vertex 1.246 3.787 6.494
  vertex 1.263 3.787 6.295
  vertex 1.699 3.594 6.533
 endloop
endfacet
facet normal -0.388 -0.921 -0.034
 outer loop
  vertex 1.699 3.594 6.533
  vertex 1.263 3.787 6.295
  vertex 1.717 3.594 6.334
 endloop
endfacet
facet normal -0.498 -0.866 -0.044
 outer loop
  vertex 1.699 3.594 6.533
  vertex 1.717 3.594 6.334
  vertex 2.126 3.347 6.571
 endloop
endfacet
facet normal -0.498 -0.866 -0.044
 outer loop
  vertex 2.126 3.347 6.571
  vertex 1.717 3.594 6.334
  vertex 2.143 3.347 6.372
 endloop
endfacet
facet normal -0.6 -0.798 -0.053
 outer loop
  vertex 2.126 3.347 6.571
  vertex 2.143 3.347 6.372
  vertex 2.519 3.049 6.605
 endloop
endfacet
facet normal -0.6 -0.798 -0.053
 outer loop
  vertex 2.519 3.049 6.605
  vertex 2.143 3.347 6.372
  vertex 2.536 3.049 6.406
 endloop
endfacet
facet normal -0.693 -0.718 -0.061
 outer loop
  vertex 2.519 3.049 6.605
  vertex 2.536 3.049 6.406
  vertex 2.872 2.705 6.636
 endloop
endfacet
facet normal -0.693 -0.718 -0.061
 outer loop
  vertex 2.872 2.705 6.636
  vertex 2.536 3.049 6.406
  vertex 2.89 2.705 6.437
 endloop
endfacet
facet normal -0.776 -0.627 -0.068
 outer loop
  vertex 2.872 2.705 6.636
  vertex 2.89 2.705 6.437
  vertex 3.181 2.32 6.663
 endloop
endfacet
facet normal -0.776 -0.627 -0.068
 outer loop
  vertex 3.181 2.32 6.663
  vertex 2.89 2.705 6.437
  vertex 3.199 2.32 6.464
 endloop
endfacet
facet normal -0.847 -0.526 -0.074
 outer loop
  vertex 3.181 2.32 6.663
  vertex 3.199 2.32 6.464
  vertex 3.44 1.9 6.686
 endloop
endfacet
facet normal -0.847 -0.526 -0.074
 outer loop
  vertex 3.44 1.9 6.686
  vertex 3.199 2.32 6.464
  vertex 3.458 1.9 6.487
 endloop
endfacet
facet normal -0.905 -0.418 -0.079
 outer loop
  vertex 3.44 1.9 6.686
  vertex 3.458 1.9 6.487
  vertex 3.646 1.45 6.704
 endloop
endfacet
facet normal -0.905 -0.418 -0.079
 outer loop
  vertex 3.646 1.45 6.704
  vertex 3.458 1.9 6.487
  vertex 3.664 1.45 6.505
 endloop
endfacet
facet normal -0.949 -0.303 -0.083
 outer loop
  vertex 3.646 1.45 6.704
  vertex 3.664 1.45 6.505
  vertex 3.796 0.979 6.717
 endloop
endfacet
facet normal -0.949 -0.303 -0.083
 outer loop
  vertex 3.796 0.979 6.717
  vertex 3.664 1.45 6.505
  vertex 3.813 0.979 6.518
 endloop
endfacet
facet normal -0.979 -0.184 -0.086
 outer loop
  vertex 3.796 0.979 6.717
  vertex 3.813 0.979 6.518
  vertex 3.886 0.493 6.725
 endloop
endfacet
facet normal -0.979 -0.184 -0.086
 outer loop
  vertex 3.886 0.493 6.725
  vertex 3.813 0.979 6.518
  vertex 3.903 0.493 6.526
 endloop
endfacet
facet normal -0.994 -0.062 -0.087
 outer loop
  vertex 3.886 0.493 6.725
  vertex 3.903 0.493 6.526
  vertex 3.916 -0 6.727
 endloop
endfacet
facet normal -0.994 -0.062 -0.087
 outer loop
  vertex 3.916 -0 6.727
  vertex 3.903 0.493 6.526
  vertex 3.934 -0 6.528
 endloop
endfacet
facet normal -0.994 0.062 -0.087
 outer loop
  vertex 3.916 -0 6.727
  vertex 3.934 -0 6.528
  vertex 3.886 -0.493 6.725
 endloop
endfacet
facet normal -0.994 0.062 -0.087
 outer loop
  vertex 3.886 -0.493 6.725
  vertex 3.934 -0 6.528
  vertex 3.903 -0.493 6.526
 endloop
endfacet
facet normal -0.979 0.184 -0.086
 outer loop
  vertex 3.886 -0.493 6.725
  vertex 3.903 -0.493 6.526
  vertex 3.796 -0.979 6.717
 endloop
endfacet
facet normal -0.979 0.184 -0.086
 outer loop
  vertex 3.796 -0.979 6.717
  vertex 3.903 -0.493 6.526
  vertex 3.813 -0.979 6.518
 endloop
endfacet
facet normal -0.949 0.303 -0.083
 outer loop
  vertex 3.796 -0.979 6.717
  vertex 3.813 -0.979 6.518
  vertex 3.646 -1.45 6.704
 endloop
endfacet
facet normal -0.949 0.303 -0.083
 outer loop
  vertex 3.646 -1.45 6.704
  vertex 3.813 -0.979 6.518
  vertex 3.664 -1.45 6.505
 endloop
endfacet
facet normal -0.905 0.418 -0.079
 outer loop
  vertex 3.646 -1.45 6.704
  vertex 3.664 -1.45 6.505
  vertex 3.44 -1.9 6.686
 endloop
endfacet
facet normal -0.905 0.418 -0.079
 outer loop
  vertex 3.44 -1.9 6.686
  vertex 3.664 -1.45 6.505
  vertex 3.458 -1.9 6.487
 endloop
endfacet
facet normal -0.847 0.526 -0.074
 outer loop
  vertex 3.44 -1.9 6.686
  vertex 3.458 -1.9 6.487
  vertex 3.181 -2.32 6.663
 endloop
endfacet
facet normal -0.847 0.526 -0.074
 outer loop
  vertex 3.181 -2.32 6.663
  vertex 3.458 -1.9 6.487
  vertex 3.199 -2.32 6.464
 endloop
endfacet
facet normal -0.776 0.627 -0.068
 outer loop
  vertex 3.181 -2.32 6.663
  vertex 3.199 -2.32 6.464
  vertex 2.872 -2.705 6.636
 endloop
endfacet
facet normal -0.776 0.627 -0.068
 outer loop
  vertex 2.872 -2.705 6.636
  vertex 3.199 -2.32 6.464
  vertex 2.89 -2.705 6.437
 endloop
endfacet
facet normal -0.693 0.718 -0.061
 outer loop
  vertex 2.872 -2.705 6.636
  vertex 2.89 -2.705 6.437
  vertex 2.519 -3.049 6.605
 endloop
endfacet
facet normal -0.693 0.718 -0.061
 outer loop
  vertex 2.519 -3.049 6.605
  vertex 2.89 -2.705 6.437
  vertex 2.536 -3.049 6.406
 endloop
endfacet
facet normal -0.6 0.798 -0.053
 outer loop
  vertex 2.519 -3.049 6.605
  vertex 2.536 -3.049 6.406
  vertex 2.126 -3.347 6.571
 endloop
endfacet
facet normal -0.6 0.798 -0.053
 outer loop
  vertex 2.126 -3.347 6.571
  vertex 2.536 -3.049 6.406
  vertex 2.143 -3.347 6.372
 endloop
endfacet
facet normal -0.498 0.866 -0.044
 outer loop
  vertex 2.126 -3.347 6.571
  vertex 2.143 -3.347 6.372
  vertex 1.699 -3.594 6.533
 endloop
endfacet
facet normal -0.498 0.866 -0.044
 outer loop
  vertex 1.699 -3.594 6.533
  vertex 2.143 -3.347 6.372
  vertex 1.717 -3.594 6.334
 endloop
endfacet
facet normal -0.388 0.921 -0.034
 outer loop
  vertex 1.699 -3.594 6.533
  vertex 1.717 -3.594 6.334
  vertex 1.246 -3.787 6.494
 endloop
endfacet
facet normal -0.388 0.921 -0.034
 outer loop
  vertex 1.246 -3.787 6.494
  vertex 1.717 -3.594 6.334
  vertex 1.263 -3.787 6.295
 endloop
endfacet
facet normal -0.273 0.962 -0.024
 outer loop
  vertex 1.246 -3.787 6.494
  vertex 1.263 -3.787 6.295
  vertex 0.772 -3.922 6.452
 endloop
endfacet
facet normal -0.273 0.962 -0.024
 outer loop
  vertex 0.772 -3.922 6.452
  vertex 1.263 -3.787 6.295
  vertex 0.789 -3.922 6.253
 endloop
endfacet
facet normal -0.153 0.988 -0.013
 outer loop
  vertex 0.772 -3.922 6.452
  vertex 0.789 -3.922 6.253
  vertex 0.285 -3.998 6.41
 endloop
endfacet
facet normal -0.153 0.988 -0.013
 outer loop
  vertex 0.285 -3.998 6.41
  vertex 0.789 -3.922 6.253
  vertex 0.303 -3.998 6.21
 endloop
endfacet
facet normal -0.031 1 -0.003
 outer loop
  vertex 0.285 -3.998 6.41
  vertex 0.303 -3.998 6.21
  vertex -0.207 -4.013 6.367
 endloop
endfacet
facet normal -0.031 1 -0.003
 outer loop
  vertex -0.207 -4.013 6.367
  vertex 0.303 -3.998 6.21
  vertex -0.189 -4.013 6.167
 endloop
endfacet
facet normal 0.092 0.996 0.008
 outer loop
  vertex -0.207 -4.013 6.367
  vertex -0.189 -4.013 6.167
  vertex -0.697 -3.968 6.324
 endloop
endfacet
facet normal 0.092 0.996 0.008
 outer loop
  vertex -0.697 -3.968 6.324
  vertex -0.189 -4.013 6.167
  vertex -0.68 -3.968 6.125
 endloop
endfacet
facet normal 0.213 0.977 0.019
 outer loop
  vertex -0.697 -3.968 6.324
  vertex -0.68 -3.968 6.125
  vertex -1.178 -3.862 6.282
 endloop
endfacet
facet normal 0.213 0.977 0.019
 outer loop
  vertex -1.178 -3.862 6.282
  vertex -0.68 -3.968 6.125
  vertex -1.161 -3.862 6.082
 endloop
endfacet
facet normal 0.331 0.943 0.029
 outer loop
  vertex -1.178 -3.862 6.282
  vertex -1.161 -3.862 6.082
  vertex -1.643 -3.698 6.241
 endloop
endfacet
facet normal 0.331 0.943 0.029
 outer loop
  vertex -1.643 -3.698 6.241
  vertex -1.161 -3.862 6.082
  vertex -1.625 -3.698 6.042
 endloop
endfacet
facet normal 0.444 0.895 0.039
 outer loop
  vertex -1.643 -3.698 6.241
  vertex -1.625 -3.698 6.042
  vertex -2.084 -3.477 6.202
 endloop
endfacet
facet normal 0.444 0.895 0.039
 outer loop
  vertex -2.084 -3.477 6.202
  vertex -1.625 -3.698 6.042
  vertex -2.066 -3.477 6.003
 endloop
endfacet
facet normal 0.55 0.834 0.048
 outer loop
  vertex -2.084 -3.477 6.202
  vertex -2.066 -3.477 6.003
  vertex -2.494 -3.204 6.167
 endloop
endfacet
facet normal 0.55 0.834 0.048
 outer loop
  vertex -2.494 -3.204 6.167
  vertex -2.066 -3.477 6.003
  vertex -2.477 -3.204 5.967
 endloop
endfacet
facet normal 0.648 0.759 0.057
 outer loop
  vertex -2.494 -3.204 6.167
  vertex -2.477 -3.204 5.967
  vertex -2.868 -2.883 6.134
 endloop
endfacet
facet normal 0.648 0.759 0.057
 outer loop
  vertex -2.868 -2.883 6.134
  vertex -2.477 -3.204 5.967
  vertex -2.851 -2.883 5.935
 endloop
endfacet
facet normal 0.736 0.674 0.064
 outer loop
  vertex -2.868 -2.883 6.134
  vertex -2.851 -2.883 5.935
  vertex -3.2 -2.517 6.105
 endloop
endfacet
facet normal 0.736 0.674 0.064
 outer loop
  vertex -3.2 -2.517 6.105
  vertex -2.851 -2.883 5.935
  vertex -3.183 -2.517 5.906
 endloop
endfacet
facet normal 0.813 0.578 0.071
 outer loop
  vertex -3.2 -2.517 6.105
  vertex -3.183 -2.517 5.906
  vertex -3.485 -2.114 6.08
 endloop
endfacet
facet normal 0.813 0.578 0.071
 outer loop
  vertex -3.485 -2.114 6.08
  vertex -3.183 -2.517 5.906
  vertex -3.467 -2.114 5.881
 endloop
endfacet
facet normal 0.878 0.473 0.077
 outer loop
  vertex -3.485 -2.114 6.08
  vertex -3.467 -2.114 5.881
  vertex -3.718 -1.678 6.06
 endloop
endfacet
facet normal 0.878 0.473 0.077
 outer loop
  vertex -3.718 -1.678 6.06
  vertex -3.467 -2.114 5.881
  vertex -3.7 -1.678 5.86
 endloop
endfacet
facet normal 0.929 0.361 0.081
 outer loop
  vertex -3.718 -1.678 6.06
  vertex -3.7 -1.678 5.86
  vertex -3.895 -1.217 6.044
 endloop
endfacet
facet normal 0.929 0.361 0.081
 outer loop
  vertex -3.895 -1.217 6.044
  vertex -3.7 -1.678 5.86
  vertex -3.878 -1.217 5.845
 endloop
endfacet
facet normal 0.966 0.244 0.085
 outer loop
  vertex -3.895 -1.217 6.044
  vertex -3.878 -1.217 5.845
  vertex -4.016 -0.738 6.033
 endloop
endfacet
facet normal 0.966 0.244 0.085
 outer loop
  vertex -4.016 -0.738 6.033
  vertex -3.878 -1.217 5.845
  vertex -3.998 -0.738 5.834
 endloop
endfacet
facet normal 0.989 0.123 0.086
 outer loop
  vertex -4.016 -0.738 6.033
  vertex -3.998 -0.738 5.834
  vertex -4.076 -0.247 6.028
 endloop
endfacet
facet normal 0.989 0.123 0.086
 outer loop
  vertex -4.076 -0.247 6.028
  vertex -3.998 -0.738 5.834
  vertex -4.059 -0.247 5.829
 endloop
endfacet
facet normal 0.087 -0.001 -0.996
 outer loop
  vertex -0.372 3.204 7.115
  vertex -0.494 3.188 7.104
  vertex -0.495 3.194 7.104
 endloop
endfacet
facet normal 0.087 -0.001 -0.996
 outer loop
  vertex -0.495 3.194 7.104
  vertex -0.494 3.188 7.104
  vertex -0.641 3.174 7.092
 endloop
endfacet
facet normal 0.087 -0 -0.996
 outer loop
  vertex -0.494 3.188 7.104
  vertex -0.638 3.162 7.092
  vertex -0.641 3.174 7.092
 endloop
endfacet
facet normal 0.087 -0 -0.996
 outer loop
  vertex -0.641 3.174 7.092
  vertex -0.638 3.162 7.092
  vertex -0.881 3.103 7.071
 endloop
endfacet
facet normal 0.087 -0 -0.996
 outer loop
  vertex -0.641 3.174 7.092
  vertex -0.881 3.103 7.071
  vertex -0.886 3.126 7.07
 endloop
endfacet
facet normal 0.087 -0 -0.996
 outer loop
  vertex -0.886 3.126 7.07
  vertex -0.881 3.103 7.071
  vertex -1.026 3.09 7.058
 endloop
endfacet
facet normal 0.087 -0 -0.996
 outer loop
  vertex -0.881 3.103 7.071
  vertex -1.016 3.061 7.059
  vertex -1.026 3.09 7.058
 endloop
endfacet
facet normal 0.087 -0 -0.996
 outer loop
  vertex -1.026 3.09 7.058
  vertex -1.016 3.061 7.059
  vertex -1.254 2.971 7.038
 endloop
endfacet
facet normal 0.087 0 -0.996
 outer loop
  vertex -1.026 3.09 7.058
  vertex -1.254 2.971 7.038
  vertex -1.268 3.01 7.037
 endloop
endfacet
facet normal 0.087 0 -0.996
 outer loop
  vertex -1.268 3.01 7.037
  vertex -1.254 2.971 7.038
  vertex -1.397 2.958 7.025
 endloop
endfacet
facet normal 0.087 -0 -0.996
 outer loop
  vertex -1.254 2.971 7.038
  vertex -1.377 2.915 7.027
  vertex -1.397 2.958 7.025
 endloop
endfacet
facet normal 0.087 -0 -0.996
 outer loop
  vertex -1.397 2.958 7.025
  vertex -1.377 2.915 7.027
  vertex -1.608 2.794 7.007
 endloop
endfacet
facet normal 0.087 0 -0.996
 outer loop
  vertex -1.397 2.958 7.025
  vertex -1.608 2.794 7.007
  vertex -1.75 2.782 6.995
 endloop
endfacet
facet normal 0.087 0 -0.996
 outer loop
  vertex -1.75 2.782 6.995
  vertex -1.608 2.794 7.007
  vertex -1.938 2.574 6.978
 endloop
endfacet
facet normal 0.087 0 -0.996
 outer loop
  vertex -1.75 2.782 6.995
  vertex -1.938 2.574 6.978
  vertex -2.078 2.563 6.966
 endloop
endfacet
facet normal 0.087 0 -0.996
 outer loop
  vertex -2.078 2.563 6.966
  vertex -1.938 2.574 6.978
  vertex -2.238 2.316 6.952
 endloop
endfacet
facet normal 0.087 0 -0.996
 outer loop
  vertex -2.078 2.563 6.966
  vertex -2.238 2.316 6.952
  vertex -2.378 2.306 6.94
 endloop
endfacet
facet normal 0.087 0 -0.996
 outer loop
  vertex -2.378 2.306 6.94
  vertex -2.238 2.316 6.952
  vertex -2.505 2.022 6.929
 endloop
endfacet
facet normal 0.087 0 -0.996
 outer loop
  vertex -2.378 2.306 6.94
  vertex -2.505 2.022 6.929
  vertex -2.643 2.014 6.916
 endloop
endfacet
facet normal 0.087 -0 -0.996
 outer loop
  vertex -2.643 2.014 6.916
  vertex -2.505 2.022 6.929
  vertex -2.734 1.698 6.909
 endloop
endfacet
facet normal 0.087 -0 -0.996
 outer loop
  vertex -2.643 2.014 6.916
  vertex -2.734 1.698 6.909
  vertex -2.871 1.691 6.897
 endloop
endfacet
facet normal 0.087 0 -0.996
 outer loop
  vertex -2.871 1.691 6.897
  vertex -2.734 1.698 6.909
  vertex -2.921 1.348 6.892
 endloop
endfacet
facet normal 0.087 0 -0.996
 outer loop
  vertex -2.871 1.691 6.897
  vertex -2.921 1.348 6.892
  vertex -3.057 1.343 6.88
 endloop
endfacet
facet normal 0.087 -0 -0.996
 outer loop
  vertex -3.057 1.343 6.88
  vertex -2.921 1.348 6.892
  vertex -3.064 0.978 6.88
 endloop
endfacet
facet normal 0.087 -0 -0.996
 outer loop
  vertex -3.057 1.343 6.88
  vertex -3.064 0.978 6.88
  vertex -3.199 0.974 6.868
 endloop
endfacet
facet normal 0.087 0 -0.996
 outer loop
  vertex -3.199 0.974 6.868
  vertex -3.064 0.978 6.88
  vertex -3.16 0.593 6.871
 endloop
endfacet
facet normal 0.087 0 -0.996
 outer loop
  vertex -3.199 0.974 6.868
  vertex -3.16 0.593 6.871
  vertex -3.295 0.59 6.859
 endloop
endfacet
facet normal 0.087 -0 -0.996
 outer loop
  vertex -3.295 0.59 6.859
  vertex -3.16 0.593 6.871
  vertex -3.209 0.199 6.867
 endloop
endfacet
facet normal 0.087 -0 -0.996
 outer loop
  vertex -3.295 0.59 6.859
  vertex -3.209 0.199 6.867
  vertex -3.344 0.198 6.855
 endloop
endfacet
facet normal 0.087 0 -0.996
 outer loop
  vertex -3.344 0.198 6.855
  vertex -3.209 0.199 6.867
  vertex -3.344 -0.198 6.855
 endloop
endfacet
facet normal 0.087 0 -0.996
 outer loop
  vertex -3.209 0.199 6.867
  vertex -3.209 -0.199 6.867
  vertex -3.344 -0.198 6.855
 endloop
endfacet
facet normal 0.087 0 -0.996
 outer loop
  vertex -3.344 -0.198 6.855
  vertex -3.209 -0.199 6.867
  vertex -3.295 -0.59 6.859
 endloop
endfacet
facet normal 0.087 0 -0.996
 outer loop
  vertex -3.209 -0.199 6.867
  vertex -3.16 -0.593 6.871
  vertex -3.295 -0.59 6.859
 endloop
endfacet
facet normal 0.087 -0 -0.996
 outer loop
  vertex -3.295 -0.59 6.859
  vertex -3.16 -0.593 6.871
  vertex -3.199 -0.974 6.868
 endloop
endfacet
facet normal 0.087 -0 -0.996
 outer loop
  vertex -3.16 -0.593 6.871
  vertex -3.064 -0.978 6.88
  vertex -3.199 -0.974 6.868
 endloop
endfacet
facet normal 0.087 0 -0.996
 outer loop
  vertex -3.199 -0.974 6.868
  vertex -3.064 -0.978 6.88
  vertex -3.057 -1.343 6.88
 endloop
endfacet
facet normal 0.087 0 -0.996
 outer loop
  vertex -3.064 -0.978 6.88
  vertex -2.921 -1.348 6.892
  vertex -3.057 -1.343 6.88
 endloop
endfacet
facet normal 0.087 -0 -0.996
 outer loop
  vertex -3.057 -1.343 6.88
  vertex -2.921 -1.348 6.892
  vertex -2.871 -1.691 6.897
 endloop
endfacet
facet normal 0.087 -0 -0.996
 outer loop
  vertex -2.921 -1.348 6.892
  vertex -2.734 -1.698 6.909
  vertex -2.871 -1.691 6.897
 endloop
endfacet
facet normal 0.087 0 -0.996
 outer loop
  vertex -2.871 -1.691 6.897
  vertex -2.734 -1.698 6.909
  vertex -2.643 -2.014 6.916
 endloop
endfacet
facet normal 0.087 0 -0.996
 outer loop
  vertex -2.734 -1.698 6.909
  vertex -2.505 -2.022 6.929
  vertex -2.643 -2.014 6.916
 endloop
endfacet
facet normal 0.087 -0 -0.996
 outer loop
  vertex -2.643 -2.014 6.916
  vertex -2.505 -2.022 6.929
  vertex -2.378 -2.306 6.94
 endloop
endfacet
facet normal 0.087 -0 -0.996
 outer loop
  vertex -2.505 -2.022 6.929
  vertex -2.238 -2.316 6.952
  vertex -2.378 -2.306 6.94
 endloop
endfacet
facet normal 0.087 -0 -0.996
 outer loop
  vertex -2.378 -2.306 6.94
  vertex -2.238 -2.316 6.952
  vertex -2.078 -2.563 6.966
 endloop
endfacet
facet normal 0.087 -0 -0.996
 outer loop
  vertex -2.238 -2.316 6.952
  vertex -1.938 -2.574 6.978
  vertex -2.078 -2.563 6.966
 endloop
endfacet
facet normal 0.087 -0 -0.996
 outer loop
  vertex -2.078 -2.563 6.966
  vertex -1.938 -2.574 6.978
  vertex -1.75 -2.782 6.995
 endloop
endfacet
facet normal 0.087 -0 -0.996
 outer loop
  vertex -1.938 -2.574 6.978
  vertex -1.608 -2.794 7.007
  vertex -1.75 -2.782 6.995
 endloop
endfacet
facet normal 0.087 -0 -0.996
 outer loop
  vertex -1.75 -2.782 6.995
  vertex -1.608 -2.794 7.007
  vertex -1.397 -2.958 7.025
 endloop
endfacet
facet normal 0.087 0 -0.996
 outer loop
  vertex -1.608 -2.794 7.007
  vertex -1.377 -2.915 7.027
  vertex -1.397 -2.958 7.025
 endloop
endfacet
facet normal 0.087 0 -0.996
 outer loop
  vertex -1.397 -2.958 7.025
  vertex -1.377 -2.915 7.027
  vertex -1.254 -2.971 7.038
 endloop
endfacet
facet normal 0.087 -0 -0.996
 outer loop
  vertex -1.397 -2.958 7.025
  vertex -1.254 -2.971 7.038
  vertex -1.268 -3.01 7.037
 endloop
endfacet
facet normal 0.087 -0 -0.996
 outer loop
  vertex -1.268 -3.01 7.037
  vertex -1.254 -2.971 7.038
  vertex -1.026 -3.09 7.058
 endloop
endfacet
facet normal 0.087 0 -0.996
 outer loop
  vertex -1.254 -2.971 7.038
  vertex -1.016 -3.061 7.059
  vertex -1.026 -3.09 7.058
 endloop
endfacet
facet normal 0.087 0 -0.996
 outer loop
  vertex -1.026 -3.09 7.058
  vertex -1.016 -3.061 7.059
  vertex -0.881 -3.103 7.071
 endloop
endfacet
facet normal 0.087 0 -0.996
 outer loop
  vertex -1.026 -3.09 7.058
  vertex -0.881 -3.103 7.071
  vertex -0.886 -3.126 7.07
 endloop
endfacet
facet normal 0.087 0 -0.996
 outer loop
  vertex -0.886 -3.126 7.07
  vertex -0.881 -3.103 7.071
  vertex -0.641 -3.174 7.092
 endloop
endfacet
facet normal 0.087 0 -0.996
 outer loop
  vertex -0.881 -3.103 7.071
  vertex -0.638 -3.162 7.092
  vertex -0.641 -3.174 7.092
 endloop
endfacet
facet normal 0.087 0 -0.996
 outer loop
  vertex -0.641 -3.174 7.092
  vertex -0.638 -3.162 7.092
  vertex -0.494 -3.188 7.104
 endloop
endfacet
facet normal 0.087 0.001 -0.996
 outer loop
  vertex -0.641 -3.174 7.092
  vertex -0.494 -3.188 7.104
  vertex -0.495 -3.194 7.104
 endloop
endfacet
facet normal 0.087 0.001 -0.996
 outer loop
  vertex -0.495 -3.194 7.104
  vertex -0.494 -3.188 7.104
  vertex -0.372 -3.204 7.115
 endloop
endfacet
facet normal -0.087 -0.003 0.996
 outer loop
  vertex 0.222 3.204 5.441
  vertex 0.295 3.195 5.447
  vertex 0.295 3.199 5.447
 endloop
endfacet
facet normal -0.088 -0.003 0.996
 outer loop
  vertex 0.295 3.199 5.447
  vertex 0.295 3.195 5.447
  vertex 0.539 3.151 5.468
 endloop
endfacet
facet normal -0.087 -0 0.996
 outer loop
  vertex 0.295 3.199 5.447
  vertex 0.539 3.151 5.468
  vertex 0.541 3.166 5.468
 endloop
endfacet
facet normal -0.087 -0 0.996
 outer loop
  vertex 0.541 3.166 5.468
  vertex 0.539 3.151 5.468
  vertex 0.685 3.138 5.481
 endloop
endfacet
facet normal -0.087 0 0.996
 outer loop
  vertex 0.539 3.151 5.468
  vertex 0.679 3.117 5.481
  vertex 0.685 3.138 5.481
 endloop
endfacet
facet normal -0.087 0 0.996
 outer loop
  vertex 0.685 3.138 5.481
  vertex 0.679 3.117 5.481
  vertex 0.919 3.043 5.502
 endloop
endfacet
facet normal -0.087 0 0.996
 outer loop
  vertex 0.685 3.138 5.481
  vertex 0.919 3.043 5.502
  vertex 0.929 3.074 5.502
 endloop
endfacet
facet normal -0.087 0 0.996
 outer loop
  vertex 0.929 3.074 5.502
  vertex 0.919 3.043 5.502
  vertex 1.064 3.03 5.514
 endloop
endfacet
facet normal -0.087 0 0.996
 outer loop
  vertex 0.919 3.043 5.502
  vertex 1.049 2.994 5.513
  vertex 1.064 3.03 5.514
 endloop
endfacet
facet normal -0.087 0 0.996
 outer loop
  vertex 1.064 3.03 5.514
  vertex 1.049 2.994 5.513
  vertex 1.284 2.888 5.533
 endloop
endfacet
facet normal -0.087 0 0.996
 outer loop
  vertex 1.064 3.03 5.514
  vertex 1.284 2.888 5.533
  vertex 1.304 2.933 5.535
 endloop
endfacet
facet normal -0.087 0 0.996
 outer loop
  vertex 1.304 2.933 5.535
  vertex 1.284 2.888 5.533
  vertex 1.426 2.875 5.546
 endloop
endfacet
facet normal -0.087 -0 0.996
 outer loop
  vertex 1.284 2.888 5.533
  vertex 1.4 2.827 5.544
  vertex 1.426 2.875 5.546
 endloop
endfacet
facet normal -0.087 0 0.996
 outer loop
  vertex 1.426 2.875 5.546
  vertex 1.4 2.827 5.544
  vertex 1.626 2.689 5.563
 endloop
endfacet
facet normal -0.087 0 0.996
 outer loop
  vertex 1.426 2.875 5.546
  vertex 1.626 2.689 5.563
  vertex 1.768 2.678 5.576
 endloop
endfacet
facet normal -0.087 -0 0.996
 outer loop
  vertex 1.768 2.678 5.576
  vertex 1.626 2.689 5.563
  vertex 1.942 2.45 5.591
 endloop
endfacet
facet normal -0.087 -0 0.996
 outer loop
  vertex 1.768 2.678 5.576
  vertex 1.942 2.45 5.591
  vertex 2.082 2.439 5.603
 endloop
endfacet
facet normal -0.087 0 0.996
 outer loop
  vertex 2.082 2.439 5.603
  vertex 1.942 2.45 5.591
  vertex 2.226 2.173 5.616
 endloop
endfacet
facet normal -0.087 -0 0.996
 outer loop
  vertex 2.082 2.439 5.603
  vertex 2.226 2.173 5.616
  vertex 2.365 2.164 5.628
 endloop
endfacet
facet normal -0.087 0 0.996
 outer loop
  vertex 2.365 2.164 5.628
  vertex 2.226 2.173 5.616
  vertex 2.474 1.864 5.638
 endloop
endfacet
facet normal -0.087 0 0.996
 outer loop
  vertex 2.365 2.164 5.628
  vertex 2.474 1.864 5.638
  vertex 2.612 1.856 5.65
 endloop
endfacet
facet normal -0.087 0 0.996
 outer loop
  vertex 2.612 1.856 5.65
  vertex 2.474 1.864 5.638
  vertex 2.683 1.526 5.656
 endloop
endfacet
facet normal -0.087 -0 0.996
 outer loop
  vertex 2.612 1.856 5.65
  vertex 2.683 1.526 5.656
  vertex 2.819 1.52 5.668
 endloop
endfacet
facet normal -0.087 -0 0.996
 outer loop
  vertex 2.819 1.52 5.668
  vertex 2.683 1.526 5.656
  vertex 2.848 1.165 5.67
 endloop
endfacet
facet normal -0.087 -0 0.996
 outer loop
  vertex 2.819 1.52 5.668
  vertex 2.848 1.165 5.67
  vertex 2.984 1.16 5.682
 endloop
endfacet
facet normal -0.087 -0 0.996
 outer loop
  vertex 2.984 1.16 5.682
  vertex 2.848 1.165 5.67
  vertex 2.968 0.787 5.681
 endloop
endfacet
facet normal -0.087 -0 0.996
 outer loop
  vertex 2.984 1.16 5.682
  vertex 2.968 0.787 5.681
  vertex 3.103 0.784 5.693
 endloop
endfacet
facet normal -0.087 -0 0.996
 outer loop
  vertex 3.103 0.784 5.693
  vertex 2.968 0.787 5.681
  vertex 3.041 0.396 5.687
 endloop
endfacet
facet normal -0.087 0 0.996
 outer loop
  vertex 3.103 0.784 5.693
  vertex 3.041 0.396 5.687
  vertex 3.176 0.395 5.699
 endloop
endfacet
facet normal -0.087 0 0.996
 outer loop
  vertex 3.176 0.395 5.699
  vertex 3.041 0.396 5.687
  vertex 3.065 0 5.689
 endloop
endfacet
facet normal -0.087 -0 0.996
 outer loop
  vertex 3.176 0.395 5.699
  vertex 3.065 0 5.689
  vertex 3.2 -0 5.701
 endloop
endfacet
facet normal -0.087 0 0.996
 outer loop
  vertex 3.2 -0 5.701
  vertex 3.065 0 5.689
  vertex 3.176 -0.395 5.699
 endloop
endfacet
facet normal -0.087 -0 0.996
 outer loop
  vertex 3.065 0 5.689
  vertex 3.041 -0.396 5.687
  vertex 3.176 -0.395 5.699
 endloop
endfacet
facet normal -0.087 -0 0.996
 outer loop
  vertex 3.176 -0.395 5.699
  vertex 3.041 -0.396 5.687
  vertex 3.103 -0.784 5.693
 endloop
endfacet
facet normal -0.087 0 0.996
 outer loop
  vertex 3.041 -0.396 5.687
  vertex 2.968 -0.787 5.681
  vertex 3.103 -0.784 5.693
 endloop
endfacet
facet normal -0.087 0 0.996
 outer loop
  vertex 3.103 -0.784 5.693
  vertex 2.968 -0.787 5.681
  vertex 2.984 -1.16 5.682
 endloop
endfacet
facet normal -0.087 0 0.996
 outer loop
  vertex 2.968 -0.787 5.681
  vertex 2.848 -1.165 5.67
  vertex 2.984 -1.16 5.682
 endloop
endfacet
facet normal -0.087 0 0.996
 outer loop
  vertex 2.984 -1.16 5.682
  vertex 2.848 -1.165 5.67
  vertex 2.819 -1.52 5.668
 endloop
endfacet
facet normal -0.087 0 0.996
 outer loop
  vertex 2.848 -1.165 5.67
  vertex 2.683 -1.526 5.656
  vertex 2.819 -1.52 5.668
 endloop
endfacet
facet normal -0.087 0 0.996
 outer loop
  vertex 2.819 -1.52 5.668
  vertex 2.683 -1.526 5.656
  vertex 2.612 -1.856 5.65
 endloop
endfacet
facet normal -0.087 -0 0.996
 outer loop
  vertex 2.683 -1.526 5.656
  vertex 2.474 -1.864 5.638
  vertex 2.612 -1.856 5.65
 endloop
endfacet
facet normal -0.087 -0 0.996
 outer loop
  vertex 2.612 -1.856 5.65
  vertex 2.474 -1.864 5.638
  vertex 2.365 -2.164 5.628
 endloop
endfacet
facet normal -0.087 -0 0.996
 outer loop
  vertex 2.474 -1.864 5.638
  vertex 2.226 -2.173 5.616
  vertex 2.365 -2.164 5.628
 endloop
endfacet
facet normal -0.087 0 0.996
 outer loop
  vertex 2.365 -2.164 5.628
  vertex 2.226 -2.173 5.616
  vertex 2.082 -2.439 5.603
 endloop
endfacet
facet normal -0.087 -0 0.996
 outer loop
  vertex 2.226 -2.173 5.616
  vertex 1.942 -2.45 5.591
  vertex 2.082 -2.439 5.603
 endloop
endfacet
facet normal -0.087 0 0.996
 outer loop
  vertex 2.082 -2.439 5.603
  vertex 1.942 -2.45 5.591
  vertex 1.768 -2.678 5.576
 endloop
endfacet
facet normal -0.087 0 0.996
 outer loop
  vertex 1.942 -2.45 5.591
  vertex 1.626 -2.689 5.563
  vertex 1.768 -2.678 5.576
 endloop
endfacet
facet normal -0.087 -0 0.996
 outer loop
  vertex 1.768 -2.678 5.576
  vertex 1.626 -2.689 5.563
  vertex 1.426 -2.875 5.546
 endloop
endfacet
facet normal -0.087 -0 0.996
 outer loop
  vertex 1.626 -2.689 5.563
  vertex 1.4 -2.827 5.544
  vertex 1.426 -2.875 5.546
 endloop
endfacet
facet normal -0.087 0 0.996
 outer loop
  vertex 1.426 -2.875 5.546
  vertex 1.4 -2.827 5.544
  vertex 1.284 -2.888 5.533
 endloop
endfacet
facet normal -0.087 -0 0.996
 outer loop
  vertex 1.426 -2.875 5.546
  vertex 1.284 -2.888 5.533
  vertex 1.304 -2.933 5.535
 endloop
endfacet
facet normal -0.087 -0 0.996
 outer loop
  vertex 1.304 -2.933 5.535
  vertex 1.284 -2.888 5.533
  vertex 1.064 -3.03 5.514
 endloop
endfacet
facet normal -0.087 -0 0.996
 outer loop
  vertex 1.284 -2.888 5.533
  vertex 1.049 -2.994 5.513
  vertex 1.064 -3.03 5.514
 endloop
endfacet
facet normal -0.087 -0 0.996
 outer loop
  vertex 1.064 -3.03 5.514
  vertex 1.049 -2.994 5.513
  vertex 0.919 -3.043 5.502
 endloop
endfacet
facet normal -0.087 -0 0.996
 outer loop
  vertex 1.064 -3.03 5.514
  vertex 0.919 -3.043 5.502
  vertex 0.929 -3.074 5.502
 endloop
endfacet
facet normal -0.087 -0 0.996
 outer loop
  vertex 0.929 -3.074 5.502
  vertex 0.919 -3.043 5.502
  vertex 0.685 -3.138 5.481
 endloop
endfacet
facet normal -0.087 -0 0.996
 outer loop
  vertex 0.919 -3.043 5.502
  vertex 0.679 -3.117 5.481
  vertex 0.685 -3.138 5.481
 endloop
endfacet
facet normal -0.087 -0 0.996
 outer loop
  vertex 0.685 -3.138 5.481
  vertex 0.679 -3.117 5.481
  vertex 0.539 -3.151 5.468
 endloop
endfacet
facet normal -0.087 0 0.996
 outer loop
  vertex 0.685 -3.138 5.481
  vertex 0.539 -3.151 5.468
  vertex 0.541 -3.166 5.468
 endloop
endfacet
facet normal -0.087 0 0.996
 outer loop
  vertex 0.541 -3.166 5.468
  vertex 0.539 -3.151 5.468
  vertex 0.295 -3.199 5.447
 endloop
endfacet
facet normal -0.088 0.003 0.996
 outer loop
  vertex 0.539 -3.151 5.468
  vertex 0.295 -3.195 5.447
  vertex 0.295 -3.199 5.447
 endloop
endfacet
facet normal -0.087 0.003 0.996
 outer loop
  vertex 0.295 -3.199 5.447
  vertex 0.295 -3.195 5.447
  vertex 0.222 -3.204 5.441
 endloop
endfacet
facet normal 0.236 -0.665 -0.708
 outer loop
  vertex -0.886 3.126 5.357
  vertex -1.026 3.09 5.344
  vertex -1.178 3.862 4.568
 endloop
endfacet
facet normal 0.277 -0.653 -0.705
 outer loop
  vertex -1.178 3.862 4.568
  vertex -1.026 3.09 5.344
  vertex -1.268 3.01 5.323
 endloop
endfacet
facet normal 0.292 -0.651 -0.701
 outer loop
  vertex -1.178 3.862 4.568
  vertex -1.268 3.01 5.323
  vertex -1.643 3.698 4.528
 endloop
endfacet
facet normal 0.316 -0.639 -0.701
 outer loop
  vertex -1.643 3.698 4.528
  vertex -1.268 3.01 5.323
  vertex -1.397 2.958 5.312
 endloop
endfacet
facet normal 0.369 -0.616 -0.696
 outer loop
  vertex -1.643 3.698 4.528
  vertex -1.397 2.958 5.312
  vertex -2.084 3.477 4.489
 endloop
endfacet
facet normal 0.369 -0.616 -0.696
 outer loop
  vertex -2.084 3.477 4.489
  vertex -1.397 2.958 5.312
  vertex -1.75 2.782 5.281
 endloop
endfacet
facet normal 0.442 -0.574 -0.69
 outer loop
  vertex -2.084 3.477 4.489
  vertex -1.75 2.782 5.281
  vertex -2.494 3.204 4.453
 endloop
endfacet
facet normal 0.442 -0.574 -0.69
 outer loop
  vertex -2.494 3.204 4.453
  vertex -1.75 2.782 5.281
  vertex -2.078 2.563 5.252
 endloop
endfacet
facet normal 0.509 -0.523 -0.684
 outer loop
  vertex -2.494 3.204 4.453
  vertex -2.078 2.563 5.252
  vertex -2.868 2.883 4.42
 endloop
endfacet
facet normal 0.509 -0.523 -0.684
 outer loop
  vertex -2.868 2.883 4.42
  vertex -2.078 2.563 5.252
  vertex -2.378 2.306 5.226
 endloop
endfacet
facet normal 0.57 -0.464 -0.679
 outer loop
  vertex -2.868 2.883 4.42
  vertex -2.378 2.306 5.226
  vertex -3.2 2.517 4.391
 endloop
endfacet
facet normal 0.57 -0.464 -0.679
 outer loop
  vertex -3.2 2.517 4.391
  vertex -2.378 2.306 5.226
  vertex -2.643 2.014 5.203
 endloop
endfacet
facet normal 0.623 -0.398 -0.674
 outer loop
  vertex -3.2 2.517 4.391
  vertex -2.643 2.014 5.203
  vertex -3.485 2.114 4.366
 endloop
endfacet
facet normal 0.623 -0.398 -0.674
 outer loop
  vertex -3.485 2.114 4.366
  vertex -2.643 2.014 5.203
  vertex -2.871 1.691 5.183
 endloop
endfacet
facet normal 0.667 -0.326 -0.67
 outer loop
  vertex -3.485 2.114 4.366
  vertex -2.871 1.691 5.183
  vertex -3.718 1.678 4.346
 endloop
endfacet
facet normal 0.667 -0.326 -0.67
 outer loop
  vertex -3.718 1.678 4.346
  vertex -2.871 1.691 5.183
  vertex -3.057 1.343 5.167
 endloop
endfacet
facet normal 0.702 -0.249 -0.667
 outer loop
  vertex -3.718 1.678 4.346
  vertex -3.057 1.343 5.167
  vertex -3.895 1.217 4.33
 endloop
endfacet
facet normal 0.702 -0.249 -0.667
 outer loop
  vertex -3.895 1.217 4.33
  vertex -3.057 1.343 5.167
  vertex -3.199 0.974 5.154
 endloop
endfacet
facet normal 0.728 -0.168 -0.665
 outer loop
  vertex -3.895 1.217 4.33
  vertex -3.199 0.974 5.154
  vertex -4.016 0.738 4.32
 endloop
endfacet
facet normal 0.728 -0.168 -0.665
 outer loop
  vertex -4.016 0.738 4.32
  vertex -3.199 0.974 5.154
  vertex -3.295 0.59 5.146
 endloop
endfacet
facet normal 0.743 -0.085 -0.663
 outer loop
  vertex -4.016 0.738 4.32
  vertex -3.295 0.59 5.146
  vertex -4.076 0.247 4.315
 endloop
endfacet
facet normal 0.743 -0.085 -0.663
 outer loop
  vertex -4.076 0.247 4.315
  vertex -3.295 0.59 5.146
  vertex -3.344 0.198 5.142
 endloop
endfacet
facet normal 0.748 -0.021 -0.663
 outer loop
  vertex -4.076 0.247 4.315
  vertex -3.344 0.198 5.142
  vertex -4.084 0 4.314
 endloop
endfacet
facet normal 0.746 0 -0.666
 outer loop
  vertex -4.084 0 4.314
  vertex -3.344 0.198 5.142
  vertex -3.344 -0.198 5.142
 endloop
endfacet
facet normal 0.748 0.021 -0.663
 outer loop
  vertex -4.084 0 4.314
  vertex -3.344 -0.198 5.142
  vertex -4.076 -0.247 4.315
 endloop
endfacet
facet normal 0.743 0.085 -0.663
 outer loop
  vertex -4.076 -0.247 4.315
  vertex -3.344 -0.198 5.142
  vertex -4.016 -0.738 4.32
 endloop
endfacet
facet normal 0.21 -0.675 -0.708
 outer loop
  vertex -1.178 3.862 4.568
  vertex -0.697 3.968 4.61
  vertex -0.886 3.126 5.357
 endloop
endfacet
facet normal 0.195 -0.675 -0.712
 outer loop
  vertex -0.886 3.126 5.357
  vertex -0.697 3.968 4.61
  vertex -0.641 3.174 5.378
 endloop
endfacet
facet normal 0.153 -0.682 -0.716
 outer loop
  vertex -0.641 3.174 5.378
  vertex -0.697 3.968 4.61
  vertex -0.495 3.194 5.391
 endloop
endfacet
facet normal 0.127 -0.688 -0.715
 outer loop
  vertex -0.495 3.194 5.391
  vertex -0.697 3.968 4.61
  vertex -0.207 4.013 4.653
 endloop
endfacet
facet normal 0.124 -0.687 -0.716
 outer loop
  vertex -0.495 3.194 5.391
  vertex -0.207 4.013 4.653
  vertex -0.372 3.204 5.402
 endloop
endfacet
facet normal 0.098 -0.687 -0.72
 outer loop
  vertex -0.372 3.204 5.402
  vertex -0.207 4.013 4.653
  vertex -0.248 3.214 5.41
 endloop
endfacet
facet normal 0.069 -0.687 -0.723
 outer loop
  vertex -0.248 3.214 5.41
  vertex -0.207 4.013 4.653
  vertex -0.099 3.218 5.42
 endloop
endfacet
facet normal 0.042 -0.69 -0.722
 outer loop
  vertex -0.099 3.218 5.42
  vertex -0.207 4.013 4.653
  vertex 0.285 3.998 4.696
 endloop
endfacet
facet normal 0.026 -0.687 -0.727
 outer loop
  vertex -0.099 3.218 5.42
  vertex 0.285 3.998 4.696
  vertex 0.147 3.211 5.436
 endloop
endfacet
facet normal -0.008 -0.684 -0.73
 outer loop
  vertex 0.147 3.211 5.436
  vertex 0.285 3.998 4.696
  vertex 0.222 3.204 5.441
 endloop
endfacet
facet normal -0.024 -0.683 -0.73
 outer loop
  vertex 0.222 3.204 5.441
  vertex 0.285 3.998 4.696
  vertex 0.295 3.195 5.447
 endloop
endfacet
facet normal -0.043 -0.683 -0.73
 outer loop
  vertex 0.295 3.195 5.447
  vertex 0.285 3.998 4.696
  vertex 0.772 3.922 4.739
 endloop
endfacet
facet normal -0.057 -0.677 -0.734
 outer loop
  vertex 0.295 3.195 5.447
  vertex 0.772 3.922 4.739
  vertex 0.539 3.151 5.468
 endloop
endfacet
facet normal -0.098 -0.668 -0.738
 outer loop
  vertex 0.539 3.151 5.468
  vertex 0.772 3.922 4.739
  vertex 0.679 3.117 5.481
 endloop
endfacet
facet normal -0.125 -0.664 -0.737
 outer loop
  vertex 0.772 3.922 4.739
  vertex 1.246 3.787 4.78
  vertex 0.679 3.117 5.481
 endloop
endfacet
facet normal -0.139 -0.657 -0.741
 outer loop
  vertex 0.679 3.117 5.481
  vertex 1.246 3.787 4.78
  vertex 0.919 3.043 5.502
 endloop
endfacet
facet normal -0.178 -0.643 -0.745
 outer loop
  vertex 0.919 3.043 5.502
  vertex 1.246 3.787 4.78
  vertex 1.049 2.994 5.513
 endloop
endfacet
facet normal -0.205 -0.636 -0.744
 outer loop
  vertex 1.049 2.994 5.513
  vertex 1.246 3.787 4.78
  vertex 1.699 3.594 4.82
 endloop
endfacet
facet normal -0.217 -0.627 -0.748
 outer loop
  vertex 1.049 2.994 5.513
  vertex 1.699 3.594 4.82
  vertex 1.284 2.888 5.533
 endloop
endfacet
facet normal -0.254 -0.609 -0.751
 outer loop
  vertex 1.284 2.888 5.533
  vertex 1.699 3.594 4.82
  vertex 1.4 2.827 5.544
 endloop
endfacet
facet normal -0.281 -0.598 -0.751
 outer loop
  vertex 1.699 3.594 4.82
  vertex 2.126 3.347 4.857
  vertex 1.4 2.827 5.544
 endloop
endfacet
facet normal -0.291 -0.588 -0.754
 outer loop
  vertex 1.4 2.827 5.544
  vertex 2.126 3.347 4.857
  vertex 1.626 2.689 5.563
 endloop
endfacet
facet normal -0.35 -0.549 -0.759
 outer loop
  vertex 1.626 2.689 5.563
  vertex 2.126 3.347 4.857
  vertex 1.942 2.45 5.591
 endloop
endfacet
facet normal -0.35 -0.549 -0.759
 outer loop
  vertex 1.942 2.45 5.591
  vertex 2.126 3.347 4.857
  vertex 2.519 3.049 4.892
 endloop
endfacet
facet normal -0.414 -0.494 -0.765
 outer loop
  vertex 1.942 2.45 5.591
  vertex 2.519 3.049 4.892
  vertex 2.226 2.173 5.616
 endloop
endfacet
facet normal -0.414 -0.494 -0.765
 outer loop
  vertex 2.226 2.173 5.616
  vertex 2.519 3.049 4.892
  vertex 2.872 2.705 4.923
 endloop
endfacet
facet normal -0.471 -0.431 -0.77
 outer loop
  vertex 2.226 2.173 5.616
  vertex 2.872 2.705 4.923
  vertex 2.474 1.864 5.638
 endloop
endfacet
facet normal -0.471 -0.431 -0.77
 outer loop
  vertex 2.474 1.864 5.638
  vertex 2.872 2.705 4.923
  vertex 3.181 2.32 4.95
 endloop
endfacet
facet normal -0.52 -0.362 -0.774
 outer loop
  vertex 2.474 1.864 5.638
  vertex 3.181 2.32 4.95
  vertex 2.683 1.526 5.656
 endloop
endfacet
facet normal -0.52 -0.362 -0.774
 outer loop
  vertex 2.683 1.526 5.656
  vertex 3.181 2.32 4.95
  vertex 3.44 1.9 4.972
 endloop
endfacet
facet normal -0.559 -0.288 -0.777
 outer loop
  vertex 2.683 1.526 5.656
  vertex 3.44 1.9 4.972
  vertex 2.848 1.165 5.67
 endloop
endfacet
facet normal -0.559 -0.288 -0.777
 outer loop
  vertex 2.848 1.165 5.67
  vertex 3.44 1.9 4.972
  vertex 3.646 1.45 4.99
 endloop
endfacet
facet normal -0.59 -0.209 -0.78
 outer loop
  vertex 2.848 1.165 5.67
  vertex 3.646 1.45 4.99
  vertex 2.968 0.787 5.681
 endloop
endfacet
facet normal -0.59 -0.209 -0.78
 outer loop
  vertex 2.968 0.787 5.681
  vertex 3.646 1.45 4.99
  vertex 3.796 0.979 5.003
 endloop
endfacet
facet normal -0.611 -0.126 -0.782
 outer loop
  vertex 2.968 0.787 5.681
  vertex 3.796 0.979 5.003
  vertex 3.041 0.396 5.687
 endloop
endfacet
facet normal -0.611 -0.126 -0.782
 outer loop
  vertex 3.041 0.396 5.687
  vertex 3.796 0.979 5.003
  vertex 3.886 0.493 5.011
 endloop
endfacet
facet normal -0.621 -0.042 -0.783
 outer loop
  vertex 3.041 0.396 5.687
  vertex 3.886 0.493 5.011
  vertex 3.065 0 5.689
 endloop
endfacet
facet normal -0.621 -0.042 -0.783
 outer loop
  vertex 3.065 0 5.689
  vertex 3.886 0.493 5.011
  vertex 3.916 -0 5.014
 endloop
endfacet
facet normal -0.621 0.042 -0.783
 outer loop
  vertex 3.065 0 5.689
  vertex 3.916 -0 5.014
  vertex 3.041 -0.396 5.687
 endloop
endfacet
facet normal -0.621 0.042 -0.783
 outer loop
  vertex 3.041 -0.396 5.687
  vertex 3.916 -0 5.014
  vertex 3.886 -0.493 5.011
 endloop
endfacet
facet normal -0.611 0.126 -0.782
 outer loop
  vertex 3.041 -0.396 5.687
  vertex 3.886 -0.493 5.011
  vertex 2.968 -0.787 5.681
 endloop
endfacet
facet normal -0.611 0.126 -0.782
 outer loop
  vertex 2.968 -0.787 5.681
  vertex 3.886 -0.493 5.011
  vertex 3.796 -0.979 5.003
 endloop
endfacet
facet normal -0.59 0.209 -0.78
 outer loop
  vertex 2.968 -0.787 5.681
  vertex 3.796 -0.979 5.003
  vertex 2.848 -1.165 5.67
 endloop
endfacet
facet normal -0.59 0.209 -0.78
 outer loop
  vertex 2.848 -1.165 5.67
  vertex 3.796 -0.979 5.003
  vertex 3.646 -1.45 4.99
 endloop
endfacet
facet normal -0.559 0.288 -0.777
 outer loop
  vertex 2.848 -1.165 5.67
  vertex 3.646 -1.45 4.99
  vertex 2.683 -1.526 5.656
 endloop
endfacet
facet normal -0.559 0.288 -0.777
 outer loop
  vertex 2.683 -1.526 5.656
  vertex 3.646 -1.45 4.99
  vertex 3.44 -1.9 4.972
 endloop
endfacet
facet normal -0.52 0.362 -0.774
 outer loop
  vertex 2.683 -1.526 5.656
  vertex 3.44 -1.9 4.972
  vertex 2.474 -1.864 5.638
 endloop
endfacet
facet normal -0.52 0.362 -0.774
 outer loop
  vertex 2.474 -1.864 5.638
  vertex 3.44 -1.9 4.972
  vertex 3.181 -2.32 4.95
 endloop
endfacet
facet normal -0.471 0.431 -0.77
 outer loop
  vertex 2.474 -1.864 5.638
  vertex 3.181 -2.32 4.95
  vertex 2.226 -2.173 5.616
 endloop
endfacet
facet normal -0.471 0.431 -0.77
 outer loop
  vertex 2.226 -2.173 5.616
  vertex 3.181 -2.32 4.95
  vertex 2.872 -2.705 4.923
 endloop
endfacet
facet normal -0.414 0.494 -0.765
 outer loop
  vertex 2.226 -2.173 5.616
  vertex 2.872 -2.705 4.923
  vertex 1.942 -2.45 5.591
 endloop
endfacet
facet normal -0.414 0.494 -0.765
 outer loop
  vertex 1.942 -2.45 5.591
  vertex 2.872 -2.705 4.923
  vertex 2.519 -3.049 4.892
 endloop
endfacet
facet normal -0.35 0.549 -0.759
 outer loop
  vertex 1.942 -2.45 5.591
  vertex 2.519 -3.049 4.892
  vertex 1.626 -2.689 5.563
 endloop
endfacet
facet normal -0.35 0.549 -0.759
 outer loop
  vertex 1.626 -2.689 5.563
  vertex 2.519 -3.049 4.892
  vertex 2.126 -3.347 4.857
 endloop
endfacet
facet normal -0.291 0.588 -0.754
 outer loop
  vertex 1.626 -2.689 5.563
  vertex 2.126 -3.347 4.857
  vertex 1.4 -2.827 5.544
 endloop
endfacet
facet normal -0.281 0.598 -0.751
 outer loop
  vertex 1.4 -2.827 5.544
  vertex 2.126 -3.347 4.857
  vertex 1.699 -3.594 4.82
 endloop
endfacet
facet normal -0.254 0.609 -0.751
 outer loop
  vertex 1.4 -2.827 5.544
  vertex 1.699 -3.594 4.82
  vertex 1.284 -2.888 5.533
 endloop
endfacet
facet normal -0.217 0.627 -0.748
 outer loop
  vertex 1.284 -2.888 5.533
  vertex 1.699 -3.594 4.82
  vertex 1.049 -2.994 5.513
 endloop
endfacet
facet normal -0.205 0.636 -0.744
 outer loop
  vertex 1.699 -3.594 4.82
  vertex 1.246 -3.787 4.78
  vertex 1.049 -2.994 5.513
 endloop
endfacet
facet normal -0.178 0.643 -0.745
 outer loop
  vertex 1.049 -2.994 5.513
  vertex 1.246 -3.787 4.78
  vertex 0.919 -3.043 5.502
 endloop
endfacet
facet normal -0.139 0.657 -0.741
 outer loop
  vertex 0.919 -3.043 5.502
  vertex 1.246 -3.787 4.78
  vertex 0.679 -3.117 5.481
 endloop
endfacet
facet normal -0.125 0.664 -0.737
 outer loop
  vertex 0.679 -3.117 5.481
  vertex 1.246 -3.787 4.78
  vertex 0.772 -3.922 4.739
 endloop
endfacet
facet normal -0.098 0.668 -0.738
 outer loop
  vertex 0.679 -3.117 5.481
  vertex 0.772 -3.922 4.739
  vertex 0.539 -3.151 5.468
 endloop
endfacet
facet normal -0.057 0.677 -0.734
 outer loop
  vertex 0.539 -3.151 5.468
  vertex 0.772 -3.922 4.739
  vertex 0.295 -3.195 5.447
 endloop
endfacet
facet normal -0.043 0.683 -0.73
 outer loop
  vertex 0.772 -3.922 4.739
  vertex 0.285 -3.998 4.696
  vertex 0.295 -3.195 5.447
 endloop
endfacet
facet normal -0.024 0.683 -0.73
 outer loop
  vertex 0.295 -3.195 5.447
  vertex 0.285 -3.998 4.696
  vertex 0.222 -3.204 5.441
 endloop
endfacet
facet normal 0.098 0.687 -0.72
 outer loop
  vertex -0.372 -3.204 5.402
  vertex -0.248 -3.214 5.41
  vertex -0.207 -4.013 4.653
 endloop
endfacet
facet normal 0.069 0.687 -0.723
 outer loop
  vertex -0.207 -4.013 4.653
  vertex -0.248 -3.214 5.41
  vertex -0.099 -3.218 5.42
 endloop
endfacet
facet normal 0.042 0.69 -0.722
 outer loop
  vertex -0.207 -4.013 4.653
  vertex -0.099 -3.218 5.42
  vertex 0.285 -3.998 4.696
 endloop
endfacet
facet normal 0.026 0.687 -0.727
 outer loop
  vertex 0.285 -3.998 4.696
  vertex -0.099 -3.218 5.42
  vertex 0.147 -3.211 5.436
 endloop
endfacet
facet normal -0.008 0.684 -0.73
 outer loop
  vertex 0.285 -3.998 4.696
  vertex 0.147 -3.211 5.436
  vertex 0.222 -3.204 5.441
 endloop
endfacet
facet normal 0.124 0.687 -0.716
 outer loop
  vertex -0.372 -3.204 5.402
  vertex -0.207 -4.013 4.653
  vertex -0.495 -3.194 5.391
 endloop
endfacet
facet normal 0.127 0.688 -0.715
 outer loop
  vertex -0.495 -3.194 5.391
  vertex -0.207 -4.013 4.653
  vertex -0.697 -3.968 4.61
 endloop
endfacet
facet normal 0.153 0.682 -0.716
 outer loop
  vertex -0.495 -3.194 5.391
  vertex -0.697 -3.968 4.61
  vertex -0.641 -3.174 5.378
 endloop
endfacet
facet normal 0.195 0.675 -0.712
 outer loop
  vertex -0.641 -3.174 5.378
  vertex -0.697 -3.968 4.61
  vertex -0.886 -3.126 5.357
 endloop
endfacet
facet normal 0.21 0.675 -0.708
 outer loop
  vertex -0.697 -3.968 4.61
  vertex -1.178 -3.862 4.568
  vertex -0.886 -3.126 5.357
 endloop
endfacet
facet normal 0.236 0.665 -0.708
 outer loop
  vertex -0.886 -3.126 5.357
  vertex -1.178 -3.862 4.568
  vertex -1.026 -3.09 5.344
 endloop
endfacet
facet normal 0.277 0.653 -0.705
 outer loop
  vertex -1.026 -3.09 5.344
  vertex -1.178 -3.862 4.568
  vertex -1.268 -3.01 5.323
 endloop
endfacet
facet normal 0.292 0.651 -0.701
 outer loop
  vertex -1.268 -3.01 5.323
  vertex -1.178 -3.862 4.568
  vertex -1.643 -3.698 4.528
 endloop
endfacet
facet normal 0.316 0.639 -0.701
 outer loop
  vertex -1.268 -3.01 5.323
  vertex -1.643 -3.698 4.528
  vertex -1.397 -2.958 5.312
 endloop
endfacet
facet normal 0.369 0.616 -0.696
 outer loop
  vertex -1.397 -2.958 5.312
  vertex -1.643 -3.698 4.528
  vertex -1.75 -2.782 5.281
 endloop
endfacet
facet normal 0.369 0.616 -0.696
 outer loop
  vertex -1.643 -3.698 4.528
  vertex -2.084 -3.477 4.489
  vertex -1.75 -2.782 5.281
 endloop
endfacet
facet normal 0.442 0.574 -0.69
 outer loop
  vertex -1.75 -2.782 5.281
  vertex -2.084 -3.477 4.489
  vertex -2.078 -2.563 5.252
 endloop
endfacet
facet normal 0.442 0.574 -0.69
 outer loop
  vertex -2.084 -3.477 4.489
  vertex -2.494 -3.204 4.453
  vertex -2.078 -2.563 5.252
 endloop
endfacet
facet normal 0.509 0.523 -0.684
 outer loop
  vertex -2.078 -2.563 5.252
  vertex -2.494 -3.204 4.453
  vertex -2.378 -2.306 5.226
 endloop
endfacet
facet normal 0.509 0.523 -0.684
 outer loop
  vertex -2.494 -3.204 4.453
  vertex -2.868 -2.883 4.42
  vertex -2.378 -2.306 5.226
 endloop
endfacet
facet normal 0.57 0.464 -0.679
 outer loop
  vertex -2.378 -2.306 5.226
  vertex -2.868 -2.883 4.42
  vertex -2.643 -2.014 5.203
 endloop
endfacet
facet normal 0.57 0.464 -0.679
 outer loop
  vertex -2.868 -2.883 4.42
  vertex -3.2 -2.517 4.391
  vertex -2.643 -2.014 5.203
 endloop
endfacet
facet normal 0.623 0.398 -0.674
 outer loop
  vertex -2.643 -2.014 5.203
  vertex -3.2 -2.517 4.391
  vertex -2.871 -1.691 5.183
 endloop
endfacet
facet normal 0.623 0.398 -0.674
 outer loop
  vertex -3.2 -2.517 4.391
  vertex -3.485 -2.114 4.366
  vertex -2.871 -1.691 5.183
 endloop
endfacet
facet normal 0.667 0.326 -0.67
 outer loop
  vertex -2.871 -1.691 5.183
  vertex -3.485 -2.114 4.366
  vertex -3.057 -1.343 5.167
 endloop
endfacet
facet normal 0.667 0.326 -0.67
 outer loop
  vertex -3.485 -2.114 4.366
  vertex -3.718 -1.678 4.346
  vertex -3.057 -1.343 5.167
 endloop
endfacet
facet normal 0.702 0.249 -0.667
 outer loop
  vertex -3.057 -1.343 5.167
  vertex -3.718 -1.678 4.346
  vertex -3.199 -0.974 5.154
 endloop
endfacet
facet normal 0.702 0.249 -0.667
 outer loop
  vertex -3.718 -1.678 4.346
  vertex -3.895 -1.217 4.33
  vertex -3.199 -0.974 5.154
 endloop
endfacet
facet normal 0.728 0.168 -0.665
 outer loop
  vertex -3.199 -0.974 5.154
  vertex -3.895 -1.217 4.33
  vertex -3.295 -0.59 5.146
 endloop
endfacet
facet normal 0.728 0.168 -0.665
 outer loop
  vertex -3.895 -1.217 4.33
  vertex -4.016 -0.738 4.32
  vertex -3.295 -0.59 5.146
 endloop
endfacet
facet normal 0.743 0.085 -0.663
 outer loop
  vertex -3.295 -0.59 5.146
  vertex -4.016 -0.738 4.32
  vertex -3.344 -0.198 5.142
 endloop
endfacet
facet normal 0.029 -0.681 0.732
 outer loop
  vertex -0.494 3.188 3.678
  vertex -0.372 3.204 3.688
  vertex -0.68 3.968 4.411
 endloop
endfacet
facet normal 0.003 -0.687 0.727
 outer loop
  vertex -0.68 3.968 4.411
  vertex -0.372 3.204 3.688
  vertex -0.248 3.214 3.696
 endloop
endfacet
facet normal 0 -0.688 0.726
 outer loop
  vertex -0.68 3.968 4.411
  vertex -0.248 3.214 3.696
  vertex -0.189 4.013 4.454
 endloop
endfacet
facet normal -0.026 -0.686 0.727
 outer loop
  vertex -0.189 4.013 4.454
  vertex -0.248 3.214 3.696
  vertex -0.099 3.218 3.706
 endloop
endfacet
facet normal -0.069 -0.688 0.723
 outer loop
  vertex -0.189 4.013 4.454
  vertex -0.099 3.218 3.706
  vertex 0.147 3.211 3.722
 endloop
endfacet
facet normal -0.084 -0.69 0.719
 outer loop
  vertex -0.189 4.013 4.454
  vertex 0.147 3.211 3.722
  vertex 0.303 3.998 4.497
 endloop
endfacet
facet normal -0.103 -0.687 0.719
 outer loop
  vertex 0.303 3.998 4.497
  vertex 0.147 3.211 3.722
  vertex 0.222 3.204 3.727
 endloop
endfacet
facet normal -0.119 -0.685 0.719
 outer loop
  vertex 0.303 3.998 4.497
  vertex 0.222 3.204 3.727
  vertex 0.295 3.199 3.733
 endloop
endfacet
facet normal -0.153 -0.682 0.715
 outer loop
  vertex 0.295 3.199 3.733
  vertex 0.541 3.166 3.755
  vertex 0.303 3.998 4.497
 endloop
endfacet
facet normal -0.169 -0.682 0.711
 outer loop
  vertex 0.303 3.998 4.497
  vertex 0.541 3.166 3.755
  vertex 0.789 3.922 4.54
 endloop
endfacet
facet normal -0.194 -0.675 0.712
 outer loop
  vertex 0.541 3.166 3.755
  vertex 0.685 3.138 3.768
  vertex 0.789 3.922 4.54
 endloop
endfacet
facet normal -0.236 -0.665 0.708
 outer loop
  vertex 0.789 3.922 4.54
  vertex 0.685 3.138 3.768
  vertex 0.929 3.074 3.789
 endloop
endfacet
facet normal -0.251 -0.664 0.704
 outer loop
  vertex 0.789 3.922 4.54
  vertex 0.929 3.074 3.789
  vertex 1.263 3.787 4.581
 endloop
endfacet
facet normal -0.277 -0.653 0.705
 outer loop
  vertex 1.263 3.787 4.581
  vertex 0.929 3.074 3.789
  vertex 1.064 3.03 3.801
 endloop
endfacet
facet normal -0.317 -0.639 0.701
 outer loop
  vertex 1.263 3.787 4.581
  vertex 1.064 3.03 3.801
  vertex 1.304 2.933 3.822
 endloop
endfacet
facet normal -0.331 -0.636 0.697
 outer loop
  vertex 1.263 3.787 4.581
  vertex 1.304 2.933 3.822
  vertex 1.717 3.594 4.621
 endloop
endfacet
facet normal -0.356 -0.622 0.698
 outer loop
  vertex 1.717 3.594 4.621
  vertex 1.304 2.933 3.822
  vertex 1.426 2.875 3.832
 endloop
endfacet
facet normal -0.406 -0.596 0.693
 outer loop
  vertex 1.717 3.594 4.621
  vertex 1.426 2.875 3.832
  vertex 2.143 3.347 4.658
 endloop
endfacet
facet normal -0.406 -0.596 0.693
 outer loop
  vertex 2.143 3.347 4.658
  vertex 1.426 2.875 3.832
  vertex 1.768 2.678 3.862
 endloop
endfacet
facet normal -0.476 -0.549 0.687
 outer loop
  vertex 2.143 3.347 4.658
  vertex 1.768 2.678 3.862
  vertex 2.536 3.049 4.692
 endloop
endfacet
facet normal -0.476 -0.549 0.687
 outer loop
  vertex 2.536 3.049 4.692
  vertex 1.768 2.678 3.862
  vertex 2.082 2.439 3.89
 endloop
endfacet
facet normal -0.54 -0.494 0.681
 outer loop
  vertex 2.536 3.049 4.692
  vertex 2.082 2.439 3.89
  vertex 2.89 2.705 4.723
 endloop
endfacet
facet normal -0.54 -0.494 0.681
 outer loop
  vertex 2.89 2.705 4.723
  vertex 2.082 2.439 3.89
  vertex 2.365 2.164 3.915
 endloop
endfacet
facet normal -0.597 -0.431 0.676
 outer loop
  vertex 2.89 2.705 4.723
  vertex 2.365 2.164 3.915
  vertex 3.199 2.32 4.75
 endloop
endfacet
facet normal -0.597 -0.431 0.676
 outer loop
  vertex 3.199 2.32 4.75
  vertex 2.365 2.164 3.915
  vertex 2.612 1.856 3.936
 endloop
endfacet
facet normal -0.646 -0.362 0.672
 outer loop
  vertex 3.199 2.32 4.75
  vertex 2.612 1.856 3.936
  vertex 3.458 1.9 4.773
 endloop
endfacet
facet normal -0.646 -0.362 0.672
 outer loop
  vertex 3.458 1.9 4.773
  vertex 2.612 1.856 3.936
  vertex 2.819 1.52 3.954
 endloop
endfacet
facet normal -0.686 -0.288 0.668
 outer loop
  vertex 3.458 1.9 4.773
  vertex 2.819 1.52 3.954
  vertex 3.664 1.45 4.791
 endloop
endfacet
facet normal -0.686 -0.288 0.668
 outer loop
  vertex 3.664 1.45 4.791
  vertex 2.819 1.52 3.954
  vertex 2.984 1.16 3.969
 endloop
endfacet
facet normal -0.716 -0.209 0.666
 outer loop
  vertex 3.664 1.45 4.791
  vertex 2.984 1.16 3.969
  vertex 3.813 0.979 4.804
 endloop
endfacet
facet normal -0.716 -0.209 0.666
 outer loop
  vertex 3.813 0.979 4.804
  vertex 2.984 1.16 3.969
  vertex 3.103 0.784 3.979
 endloop
endfacet
facet normal -0.737 -0.126 0.664
 outer loop
  vertex 3.813 0.979 4.804
  vertex 3.103 0.784 3.979
  vertex 3.903 0.493 4.812
 endloop
endfacet
facet normal -0.737 -0.126 0.664
 outer loop
  vertex 3.903 0.493 4.812
  vertex 3.103 0.784 3.979
  vertex 3.176 0.395 3.985
 endloop
endfacet
facet normal -0.747 -0.042 0.663
 outer loop
  vertex 3.903 0.493 4.812
  vertex 3.176 0.395 3.985
  vertex 3.934 -0 4.815
 endloop
endfacet
facet normal -0.747 -0.042 0.663
 outer loop
  vertex 3.934 -0 4.815
  vertex 3.176 0.395 3.985
  vertex 3.2 -0 3.988
 endloop
endfacet
facet normal -0.747 0.042 0.663
 outer loop
  vertex 3.934 -0 4.815
  vertex 3.2 -0 3.988
  vertex 3.903 -0.493 4.812
 endloop
endfacet
facet normal -0.747 0.042 0.663
 outer loop
  vertex 3.903 -0.493 4.812
  vertex 3.2 -0 3.988
  vertex 3.176 -0.395 3.985
 endloop
endfacet
facet normal -0.737 0.126 0.664
 outer loop
  vertex 3.903 -0.493 4.812
  vertex 3.176 -0.395 3.985
  vertex 3.813 -0.979 4.804
 endloop
endfacet
facet normal -0.737 0.126 0.664
 outer loop
  vertex 3.813 -0.979 4.804
  vertex 3.176 -0.395 3.985
  vertex 3.103 -0.784 3.979
 endloop
endfacet
facet normal -0.716 0.209 0.666
 outer loop
  vertex 3.813 -0.979 4.804
  vertex 3.103 -0.784 3.979
  vertex 3.664 -1.45 4.791
 endloop
endfacet
facet normal -0.716 0.209 0.666
 outer loop
  vertex 3.664 -1.45 4.791
  vertex 3.103 -0.784 3.979
  vertex 2.984 -1.16 3.969
 endloop
endfacet
facet normal -0.686 0.288 0.668
 outer loop
  vertex 3.664 -1.45 4.791
  vertex 2.984 -1.16 3.969
  vertex 3.458 -1.9 4.773
 endloop
endfacet
facet normal -0.686 0.288 0.668
 outer loop
  vertex 3.458 -1.9 4.773
  vertex 2.984 -1.16 3.969
  vertex 2.819 -1.52 3.954
 endloop
endfacet
facet normal -0.646 0.362 0.672
 outer loop
  vertex 3.458 -1.9 4.773
  vertex 2.819 -1.52 3.954
  vertex 3.199 -2.32 4.75
 endloop
endfacet
facet normal -0.646 0.362 0.672
 outer loop
  vertex 3.199 -2.32 4.75
  vertex 2.819 -1.52 3.954
  vertex 2.612 -1.856 3.936
 endloop
endfacet
facet normal -0.597 0.431 0.676
 outer loop
  vertex 3.199 -2.32 4.75
  vertex 2.612 -1.856 3.936
  vertex 2.89 -2.705 4.723
 endloop
endfacet
facet normal -0.597 0.431 0.676
 outer loop
  vertex 2.89 -2.705 4.723
  vertex 2.612 -1.856 3.936
  vertex 2.365 -2.164 3.915
 endloop
endfacet
facet normal -0.54 0.494 0.681
 outer loop
  vertex 2.89 -2.705 4.723
  vertex 2.365 -2.164 3.915
  vertex 2.536 -3.049 4.692
 endloop
endfacet
facet normal -0.54 0.494 0.681
 outer loop
  vertex 2.536 -3.049 4.692
  vertex 2.365 -2.164 3.915
  vertex 2.082 -2.439 3.89
 endloop
endfacet
facet normal -0.476 0.549 0.687
 outer loop
  vertex 2.536 -3.049 4.692
  vertex 2.082 -2.439 3.89
  vertex 2.143 -3.347 4.658
 endloop
endfacet
facet normal -0.476 0.549 0.687
 outer loop
  vertex 2.143 -3.347 4.658
  vertex 2.082 -2.439 3.89
  vertex 1.768 -2.678 3.862
 endloop
endfacet
facet normal -0.406 0.596 0.693
 outer loop
  vertex 2.143 -3.347 4.658
  vertex 1.768 -2.678 3.862
  vertex 1.717 -3.594 4.621
 endloop
endfacet
facet normal -0.406 0.596 0.693
 outer loop
  vertex 1.717 -3.594 4.621
  vertex 1.768 -2.678 3.862
  vertex 1.426 -2.875 3.832
 endloop
endfacet
facet normal -0.356 0.622 0.698
 outer loop
  vertex 1.717 -3.594 4.621
  vertex 1.426 -2.875 3.832
  vertex 1.304 -2.933 3.822
 endloop
endfacet
facet normal -0.331 0.636 0.697
 outer loop
  vertex 1.717 -3.594 4.621
  vertex 1.304 -2.933 3.822
  vertex 1.263 -3.787 4.581
 endloop
endfacet
facet normal -0.317 0.639 0.701
 outer loop
  vertex 1.263 -3.787 4.581
  vertex 1.304 -2.933 3.822
  vertex 1.064 -3.03 3.801
 endloop
endfacet
facet normal -0.277 0.653 0.705
 outer loop
  vertex 1.263 -3.787 4.581
  vertex 1.064 -3.03 3.801
  vertex 0.929 -3.074 3.789
 endloop
endfacet
facet normal -0.251 0.664 0.704
 outer loop
  vertex 1.263 -3.787 4.581
  vertex 0.929 -3.074 3.789
  vertex 0.789 -3.922 4.54
 endloop
endfacet
facet normal -0.236 0.665 0.708
 outer loop
  vertex 0.789 -3.922 4.54
  vertex 0.929 -3.074 3.789
  vertex 0.685 -3.138 3.768
 endloop
endfacet
facet normal -0.194 0.675 0.712
 outer loop
  vertex 0.789 -3.922 4.54
  vertex 0.685 -3.138 3.768
  vertex 0.541 -3.166 3.755
 endloop
endfacet
facet normal -0.169 0.682 0.711
 outer loop
  vertex 0.789 -3.922 4.54
  vertex 0.541 -3.166 3.755
  vertex 0.303 -3.998 4.497
 endloop
endfacet
facet normal -0.153 0.682 0.715
 outer loop
  vertex 0.303 -3.998 4.497
  vertex 0.541 -3.166 3.755
  vertex 0.295 -3.199 3.733
 endloop
endfacet
facet normal -0.119 0.685 0.719
 outer loop
  vertex 0.303 -3.998 4.497
  vertex 0.295 -3.199 3.733
  vertex 0.222 -3.204 3.727
 endloop
endfacet
facet normal -0.103 0.687 0.719
 outer loop
  vertex 0.222 -3.204 3.727
  vertex 0.147 -3.211 3.722
  vertex 0.303 -3.998 4.497
 endloop
endfacet
facet normal -0.084 0.69 0.719
 outer loop
  vertex 0.303 -3.998 4.497
  vertex 0.147 -3.211 3.722
  vertex -0.189 -4.013 4.454
 endloop
endfacet
facet normal -0.069 0.688 0.723
 outer loop
  vertex 0.147 -3.211 3.722
  vertex -0.099 -3.218 3.706
  vertex -0.189 -4.013 4.454
 endloop
endfacet
facet normal -0.026 0.686 0.727
 outer loop
  vertex -0.189 -4.013 4.454
  vertex -0.099 -3.218 3.706
  vertex -0.248 -3.214 3.696
 endloop
endfacet
facet normal 0 0.688 0.726
 outer loop
  vertex -0.189 -4.013 4.454
  vertex -0.248 -3.214 3.696
  vertex -0.68 -3.968 4.411
 endloop
endfacet
facet normal 0.003 0.687 0.727
 outer loop
  vertex -0.68 -3.968 4.411
  vertex -0.248 -3.214 3.696
  vertex -0.372 -3.204 3.688
 endloop
endfacet
facet normal 0.029 0.681 0.732
 outer loop
  vertex -0.68 -3.968 4.411
  vertex -0.372 -3.204 3.688
  vertex -0.494 -3.188 3.678
 endloop
endfacet
facet normal 0.057 0.677 0.734
 outer loop
  vertex -0.494 -3.188 3.678
  vertex -0.638 -3.162 3.665
  vertex -0.68 -3.968 4.411
 endloop
endfacet
facet normal 0.084 0.675 0.733
 outer loop
  vertex -0.68 -3.968 4.411
  vertex -0.638 -3.162 3.665
  vertex -1.161 -3.862 4.369
 endloop
endfacet
facet normal 0.098 0.668 0.737
 outer loop
  vertex -0.638 -3.162 3.665
  vertex -0.881 -3.103 3.644
  vertex -1.161 -3.862 4.369
 endloop
endfacet
facet normal 0.139 0.657 0.741
 outer loop
  vertex -1.161 -3.862 4.369
  vertex -0.881 -3.103 3.644
  vertex -1.016 -3.061 3.632
 endloop
endfacet
facet normal 0.166 0.651 0.74
 outer loop
  vertex -1.161 -3.862 4.369
  vertex -1.016 -3.061 3.632
  vertex -1.625 -3.698 4.328
 endloop
endfacet
facet normal 0.179 0.643 0.744
 outer loop
  vertex -1.625 -3.698 4.328
  vertex -1.016 -3.061 3.632
  vertex -1.254 -2.971 3.611
 endloop
endfacet
facet normal 0.217 0.627 0.748
 outer loop
  vertex -1.625 -3.698 4.328
  vertex -1.254 -2.971 3.611
  vertex -1.377 -2.915 3.6
 endloop
endfacet
facet normal 0.244 0.618 0.747
 outer loop
  vertex -1.625 -3.698 4.328
  vertex -1.377 -2.915 3.6
  vertex -2.066 -3.477 4.29
 endloop
endfacet
facet normal 0.255 0.609 0.751
 outer loop
  vertex -2.066 -3.477 4.29
  vertex -1.377 -2.915 3.6
  vertex -1.608 -2.794 3.58
 endloop
endfacet
facet normal 0.315 0.574 0.756
 outer loop
  vertex -2.066 -3.477 4.29
  vertex -1.608 -2.794 3.58
  vertex -2.477 -3.204 4.254
 endloop
endfacet
facet normal 0.315 0.574 0.756
 outer loop
  vertex -2.477 -3.204 4.254
  vertex -1.608 -2.794 3.58
  vertex -1.938 -2.574 3.551
 endloop
endfacet
facet normal 0.383 0.523 0.762
 outer loop
  vertex -2.477 -3.204 4.254
  vertex -1.938 -2.574 3.551
  vertex -2.851 -2.883 4.221
 endloop
endfacet
facet normal 0.383 0.523 0.762
 outer loop
  vertex -2.851 -2.883 4.221
  vertex -1.938 -2.574 3.551
  vertex -2.238 -2.316 3.525
 endloop
endfacet
facet normal 0.443 0.464 0.767
 outer loop
  vertex -2.851 -2.883 4.221
  vertex -2.238 -2.316 3.525
  vertex -3.183 -2.517 4.192
 endloop
endfacet
facet normal 0.443 0.464 0.767
 outer loop
  vertex -3.183 -2.517 4.192
  vertex -2.238 -2.316 3.525
  vertex -2.505 -2.022 3.502
 endloop
endfacet
facet normal 0.496 0.398 0.772
 outer loop
  vertex -3.183 -2.517 4.192
  vertex -2.505 -2.022 3.502
  vertex -3.467 -2.114 4.167
 endloop
endfacet
facet normal 0.496 0.398 0.772
 outer loop
  vertex -3.467 -2.114 4.167
  vertex -2.505 -2.022 3.502
  vertex -2.734 -1.698 3.482
 endloop
endfacet
facet normal 0.541 0.326 0.776
 outer loop
  vertex -3.467 -2.114 4.167
  vertex -2.734 -1.698 3.482
  vertex -3.7 -1.678 4.147
 endloop
endfacet
facet normal 0.541 0.326 0.776
 outer loop
  vertex -3.7 -1.678 4.147
  vertex -2.734 -1.698 3.482
  vertex -2.921 -1.348 3.465
 endloop
endfacet
facet normal 0.576 0.249 0.779
 outer loop
  vertex -3.7 -1.678 4.147
  vertex -2.921 -1.348 3.465
  vertex -3.878 -1.217 4.131
 endloop
endfacet
facet normal 0.576 0.249 0.779
 outer loop
  vertex -3.878 -1.217 4.131
  vertex -2.921 -1.348 3.465
  vertex -3.064 -0.978 3.453
 endloop
endfacet
facet normal 0.601 0.168 0.781
 outer loop
  vertex -3.878 -1.217 4.131
  vertex -3.064 -0.978 3.453
  vertex -3.998 -0.738 4.121
 endloop
endfacet
facet normal 0.601 0.168 0.781
 outer loop
  vertex -3.998 -0.738 4.121
  vertex -3.064 -0.978 3.453
  vertex -3.16 -0.593 3.444
 endloop
endfacet
facet normal 0.617 0.085 0.782
 outer loop
  vertex -3.998 -0.738 4.121
  vertex -3.16 -0.593 3.444
  vertex -4.059 -0.247 4.115
 endloop
endfacet
facet normal 0.617 0.085 0.782
 outer loop
  vertex -4.059 -0.247 4.115
  vertex -3.16 -0.593 3.444
  vertex -3.209 -0.199 3.44
 endloop
endfacet
facet normal 0.621 0.021 0.783
 outer loop
  vertex -4.059 -0.247 4.115
  vertex -3.209 -0.199 3.44
  vertex -4.066 0 4.115
 endloop
endfacet
facet normal 0.618 0 0.786
 outer loop
  vertex -4.066 0 4.115
  vertex -3.209 -0.199 3.44
  vertex -3.209 0.199 3.44
 endloop
endfacet
facet normal 0.621 -0.021 0.783
 outer loop
  vertex -4.066 0 4.115
  vertex -3.209 0.199 3.44
  vertex -4.059 0.247 4.115
 endloop
endfacet
facet normal 0.617 -0.085 0.782
 outer loop
  vertex -4.059 0.247 4.115
  vertex -3.209 0.199 3.44
  vertex -3.998 0.738 4.121
 endloop
endfacet
facet normal 0.617 -0.085 0.782
 outer loop
  vertex -3.209 0.199 3.44
  vertex -3.16 0.593 3.444
  vertex -3.998 0.738 4.121
 endloop
endfacet
facet normal 0.601 -0.168 0.781
 outer loop
  vertex -3.998 0.738 4.121
  vertex -3.16 0.593 3.444
  vertex -3.878 1.217 4.131
 endloop
endfacet
facet normal 0.601 -0.168 0.781
 outer loop
  vertex -3.16 0.593 3.444
  vertex -3.064 0.978 3.453
  vertex -3.878 1.217 4.131
 endloop
endfacet
facet normal 0.576 -0.249 0.779
 outer loop
  vertex -3.878 1.217 4.131
  vertex -3.064 0.978 3.453
  vertex -3.7 1.678 4.147
 endloop
endfacet
facet normal 0.576 -0.249 0.779
 outer loop
  vertex -3.064 0.978 3.453
  vertex -2.921 1.348 3.465
  vertex -3.7 1.678 4.147
 endloop
endfacet
facet normal 0.541 -0.326 0.776
 outer loop
  vertex -3.7 1.678 4.147
  vertex -2.921 1.348 3.465
  vertex -3.467 2.114 4.167
 endloop
endfacet
facet normal 0.541 -0.326 0.776
 outer loop
  vertex -2.921 1.348 3.465
  vertex -2.734 1.698 3.482
  vertex -3.467 2.114 4.167
 endloop
endfacet
facet normal 0.496 -0.398 0.772
 outer loop
  vertex -3.467 2.114 4.167
  vertex -2.734 1.698 3.482
  vertex -3.183 2.517 4.192
 endloop
endfacet
facet normal 0.496 -0.398 0.772
 outer loop
  vertex -2.734 1.698 3.482
  vertex -2.505 2.022 3.502
  vertex -3.183 2.517 4.192
 endloop
endfacet
facet normal 0.443 -0.464 0.767
 outer loop
  vertex -3.183 2.517 4.192
  vertex -2.505 2.022 3.502
  vertex -2.851 2.883 4.221
 endloop
endfacet
facet normal 0.443 -0.464 0.767
 outer loop
  vertex -2.505 2.022 3.502
  vertex -2.238 2.316 3.525
  vertex -2.851 2.883 4.221
 endloop
endfacet
facet normal 0.383 -0.523 0.762
 outer loop
  vertex -2.851 2.883 4.221
  vertex -2.238 2.316 3.525
  vertex -2.477 3.204 4.254
 endloop
endfacet
facet normal 0.383 -0.523 0.762
 outer loop
  vertex -2.238 2.316 3.525
  vertex -1.938 2.574 3.551
  vertex -2.477 3.204 4.254
 endloop
endfacet
facet normal 0.315 -0.574 0.756
 outer loop
  vertex -2.477 3.204 4.254
  vertex -1.938 2.574 3.551
  vertex -2.066 3.477 4.29
 endloop
endfacet
facet normal 0.315 -0.574 0.756
 outer loop
  vertex -1.938 2.574 3.551
  vertex -1.608 2.794 3.58
  vertex -2.066 3.477 4.29
 endloop
endfacet
facet normal 0.255 -0.609 0.751
 outer loop
  vertex -2.066 3.477 4.29
  vertex -1.608 2.794 3.58
  vertex -1.377 2.915 3.6
 endloop
endfacet
facet normal 0.244 -0.618 0.747
 outer loop
  vertex -2.066 3.477 4.29
  vertex -1.377 2.915 3.6
  vertex -1.625 3.698 4.328
 endloop
endfacet
facet normal 0.217 -0.627 0.748
 outer loop
  vertex -1.625 3.698 4.328
  vertex -1.377 2.915 3.6
  vertex -1.254 2.971 3.611
 endloop
endfacet
facet normal 0.179 -0.643 0.744
 outer loop
  vertex -1.625 3.698 4.328
  vertex -1.254 2.971 3.611
  vertex -1.016 3.061 3.632
 endloop
endfacet
facet normal 0.166 -0.651 0.74
 outer loop
  vertex -1.625 3.698 4.328
  vertex -1.016 3.061 3.632
  vertex -1.161 3.862 4.369
 endloop
endfacet
facet normal 0.139 -0.657 0.741
 outer loop
  vertex -1.161 3.862 4.369
  vertex -1.016 3.061 3.632
  vertex -0.881 3.103 3.644
 endloop
endfacet
facet normal 0.098 -0.668 0.737
 outer loop
  vertex -1.161 3.862 4.369
  vertex -0.881 3.103 3.644
  vertex -0.638 3.162 3.665
 endloop
endfacet
facet normal 0.084 -0.675 0.733
 outer loop
  vertex -1.161 3.862 4.369
  vertex -0.638 3.162 3.665
  vertex -0.68 3.968 4.411
 endloop
endfacet
facet normal 0.057 -0.677 0.734
 outer loop
  vertex -0.68 3.968 4.411
  vertex -0.638 3.162 3.665
  vertex -0.494 3.188 3.678
 endloop
endfacet
facet normal 0.996 0.031 0.087
 outer loop
  vertex -4.076 -0.247 4.315
  vertex -4.059 -0.247 4.115
  vertex -4.084 0 4.314
 endloop
endfacet
facet normal 0.996 0.031 0.087
 outer loop
  vertex -4.084 0 4.314
  vertex -4.059 -0.247 4.115
  vertex -4.066 0 4.115
 endloop
endfacet
facet normal 0.996 -0.031 0.087
 outer loop
  vertex -4.084 0 4.314
  vertex -4.066 0 4.115
  vertex -4.076 0.247 4.315
 endloop
endfacet
facet normal 0.996 -0.031 0.087
 outer loop
  vertex -4.076 0.247 4.315
  vertex -4.066 0 4.115
  vertex -4.059 0.247 4.115
 endloop
endfacet
facet normal 0.989 -0.123 0.086
 outer loop
  vertex -4.076 0.247 4.315
  vertex -4.059 0.247 4.115
  vertex -4.016 0.738 4.32
 endloop
endfacet
facet normal 0.989 -0.123 0.086
 outer loop
  vertex -4.016 0.738 4.32
  vertex -4.059 0.247 4.115
  vertex -3.998 0.738 4.121
 endloop
endfacet
facet normal 0.966 -0.244 0.085
 outer loop
  vertex -4.016 0.738 4.32
  vertex -3.998 0.738 4.121
  vertex -3.895 1.217 4.33
 endloop
endfacet
facet normal 0.966 -0.244 0.085
 outer loop
  vertex -3.895 1.217 4.33
  vertex -3.998 0.738 4.121
  vertex -3.878 1.217 4.131
 endloop
endfacet
facet normal 0.929 -0.361 0.081
 outer loop
  vertex -3.895 1.217 4.33
  vertex -3.878 1.217 4.131
  vertex -3.718 1.678 4.346
 endloop
endfacet
facet normal 0.929 -0.361 0.081
 outer loop
  vertex -3.718 1.678 4.346
  vertex -3.878 1.217 4.131
  vertex -3.7 1.678 4.147
 endloop
endfacet
facet normal 0.878 -0.473 0.077
 outer loop
  vertex -3.718 1.678 4.346
  vertex -3.7 1.678 4.147
  vertex -3.485 2.114 4.366
 endloop
endfacet
facet normal 0.878 -0.473 0.077
 outer loop
  vertex -3.485 2.114 4.366
  vertex -3.7 1.678 4.147
  vertex -3.467 2.114 4.167
 endloop
endfacet
facet normal 0.813 -0.578 0.071
 outer loop
  vertex -3.485 2.114 4.366
  vertex -3.467 2.114 4.167
  vertex -3.2 2.517 4.391
 endloop
endfacet
facet normal 0.813 -0.578 0.071
 outer loop
  vertex -3.2 2.517 4.391
  vertex -3.467 2.114 4.167
  vertex -3.183 2.517 4.192
 endloop
endfacet
facet normal 0.736 -0.674 0.064
 outer loop
  vertex -3.2 2.517 4.391
  vertex -3.183 2.517 4.192
  vertex -2.868 2.883 4.42
 endloop
endfacet
facet normal 0.736 -0.674 0.064
 outer loop
  vertex -2.868 2.883 4.42
  vertex -3.183 2.517 4.192
  vertex -2.851 2.883 4.221
 endloop
endfacet
facet normal 0.648 -0.759 0.057
 outer loop
  vertex -2.868 2.883 4.42
  vertex -2.851 2.883 4.221
  vertex -2.494 3.204 4.453
 endloop
endfacet
facet normal 0.648 -0.759 0.057
 outer loop
  vertex -2.494 3.204 4.453
  vertex -2.851 2.883 4.221
  vertex -2.477 3.204 4.254
 endloop
endfacet
facet normal 0.55 -0.834 0.048
 outer loop
  vertex -2.494 3.204 4.453
  vertex -2.477 3.204 4.254
  vertex -2.084 3.477 4.489
 endloop
endfacet
facet normal 0.55 -0.834 0.048
 outer loop
  vertex -2.084 3.477 4.489
  vertex -2.477 3.204 4.254
  vertex -2.066 3.477 4.29
 endloop
endfacet
facet normal 0.444 -0.895 0.039
 outer loop
  vertex -2.084 3.477 4.489
  vertex -2.066 3.477 4.29
  vertex -1.643 3.698 4.528
 endloop
endfacet
facet normal 0.444 -0.895 0.039
 outer loop
  vertex -1.643 3.698 4.528
  vertex -2.066 3.477 4.29
  vertex -1.625 3.698 4.328
 endloop
endfacet
facet normal 0.331 -0.943 0.029
 outer loop
  vertex -1.643 3.698 4.528
  vertex -1.625 3.698 4.328
  vertex -1.178 3.862 4.568
 endloop
endfacet
facet normal 0.331 -0.943 0.029
 outer loop
  vertex -1.178 3.862 4.568
  vertex -1.625 3.698 4.328
  vertex -1.161 3.862 4.369
 endloop
endfacet
facet normal 0.213 -0.977 0.019
 outer loop
  vertex -1.178 3.862 4.568
  vertex -1.161 3.862 4.369
  vertex -0.697 3.968 4.61
 endloop
endfacet
facet normal 0.213 -0.977 0.019
 outer loop
  vertex -0.697 3.968 4.61
  vertex -1.161 3.862 4.369
  vertex -0.68 3.968 4.411
 endloop
endfacet
facet normal 0.092 -0.996 0.008
 outer loop
  vertex -0.697 3.968 4.61
  vertex -0.68 3.968 4.411
  vertex -0.207 4.013 4.653
 endloop
endfacet
facet normal 0.092 -0.996 0.008
 outer loop
  vertex -0.207 4.013 4.653
  vertex -0.68 3.968 4.411
  vertex -0.189 4.013 4.454
 endloop
endfacet
facet normal -0.031 -1 -0.003
 outer loop
  vertex -0.207 4.013 4.653
  vertex -0.189 4.013 4.454
  vertex 0.285 3.998 4.696
 endloop
endfacet
facet normal -0.031 -1 -0.003
 outer loop
  vertex 0.285 3.998 4.696
  vertex -0.189 4.013 4.454
  vertex 0.303 3.998 4.497
 endloop
endfacet
facet normal -0.153 -0.988 -0.013
 outer loop
  vertex 0.285 3.998 4.696
  vertex 0.303 3.998 4.497
  vertex 0.772 3.922 4.739
 endloop
endfacet
facet normal -0.153 -0.988 -0.013
 outer loop
  vertex 0.772 3.922 4.739
  vertex 0.303 3.998 4.497
  vertex 0.789 3.922 4.54
 endloop
endfacet
facet normal -0.273 -0.962 -0.024
 outer loop
  vertex 0.772 3.922 4.739
  vertex 0.789 3.922 4.54
  vertex 1.246 3.787 4.78
 endloop
endfacet
facet normal -0.273 -0.962 -0.024
 outer loop
  vertex 1.246 3.787 4.78
  vertex 0.789 3.922 4.54
  vertex 1.263 3.787 4.581
 endloop
endfacet
facet normal -0.388 -0.921 -0.034
 outer loop
  vertex 1.246 3.787 4.78
  vertex 1.263 3.787 4.581
  vertex 1.699 3.594 4.82
 endloop
endfacet
facet normal -0.388 -0.921 -0.034
 outer loop
  vertex 1.699 3.594 4.82
  vertex 1.263 3.787 4.581
  vertex 1.717 3.594 4.621
 endloop
endfacet
facet normal -0.498 -0.866 -0.044
 outer loop
  vertex 1.699 3.594 4.82
  vertex 1.717 3.594 4.621
  vertex 2.126 3.347 4.857
 endloop
endfacet
facet normal -0.498 -0.866 -0.044
 outer loop
  vertex 2.126 3.347 4.857
  vertex 1.717 3.594 4.621
  vertex 2.143 3.347 4.658
 endloop
endfacet
facet normal -0.6 -0.798 -0.053
 outer loop
  vertex 2.126 3.347 4.857
  vertex 2.143 3.347 4.658
  vertex 2.519 3.049 4.892
 endloop
endfacet
facet normal -0.6 -0.798 -0.053
 outer loop
  vertex 2.519 3.049 4.892
  vertex 2.143 3.347 4.658
  vertex 2.536 3.049 4.692
 endloop
endfacet
facet normal -0.693 -0.718 -0.061
 outer loop
  vertex 2.519 3.049 4.892
  vertex 2.536 3.049 4.692
  vertex 2.872 2.705 4.923
 endloop
endfacet
facet normal -0.693 -0.718 -0.061
 outer loop
  vertex 2.872 2.705 4.923
  vertex 2.536 3.049 4.692
  vertex 2.89 2.705 4.723
 endloop
endfacet
facet normal -0.776 -0.627 -0.068
 outer loop
  vertex 2.872 2.705 4.923
  vertex 2.89 2.705 4.723
  vertex 3.181 2.32 4.95
 endloop
endfacet
facet normal -0.776 -0.627 -0.068
 outer loop
  vertex 3.181 2.32 4.95
  vertex 2.89 2.705 4.723
  vertex 3.199 2.32 4.75
 endloop
endfacet
facet normal -0.847 -0.526 -0.074
 outer loop
  vertex 3.181 2.32 4.95
  vertex 3.199 2.32 4.75
  vertex 3.44 1.9 4.972
 endloop
endfacet
facet normal -0.847 -0.526 -0.074
 outer loop
  vertex 3.44 1.9 4.972
  vertex 3.199 2.32 4.75
  vertex 3.458 1.9 4.773
 endloop
endfacet
facet normal -0.905 -0.418 -0.079
 outer loop
  vertex 3.44 1.9 4.972
  vertex 3.458 1.9 4.773
  vertex 3.646 1.45 4.99
 endloop
endfacet
facet normal -0.905 -0.418 -0.079
 outer loop
  vertex 3.646 1.45 4.99
  vertex 3.458 1.9 4.773
  vertex 3.664 1.45 4.791
 endloop
endfacet
facet normal -0.949 -0.303 -0.083
 outer loop
  vertex 3.646 1.45 4.99
  vertex 3.664 1.45 4.791
  vertex 3.796 0.979 5.003
 endloop
endfacet
facet normal -0.949 -0.303 -0.083
 outer loop
  vertex 3.796 0.979 5.003
  vertex 3.664 1.45 4.791
  vertex 3.813 0.979 4.804
 endloop
endfacet
facet normal -0.979 -0.184 -0.086
 outer loop
  vertex 3.796 0.979 5.003
  vertex 3.813 0.979 4.804
  vertex 3.886 0.493 5.011
 endloop
endfacet
facet normal -0.979 -0.184 -0.086
 outer loop
  vertex 3.886 0.493 5.011
  vertex 3.813 0.979 4.804
  vertex 3.903 0.493 4.812
 endloop
endfacet
facet normal -0.994 -0.062 -0.087
 outer loop
  vertex 3.886 0.493 5.011
  vertex 3.903 0.493 4.812
  vertex 3.916 -0 5.014
 endloop
endfacet
facet normal -0.994 -0.062 -0.087
 outer loop
  vertex 3.916 -0 5.014
  vertex 3.903 0.493 4.812
  vertex 3.934 -0 4.815
 endloop
endfacet
facet normal -0.994 0.062 -0.087
 outer loop
  vertex 3.916 -0 5.014
  vertex 3.934 -0 4.815
  vertex 3.886 -0.493 5.011
 endloop
endfacet
facet normal -0.994 0.062 -0.087
 outer loop
  vertex 3.886 -0.493 5.011
  vertex 3.934 -0 4.815
  vertex 3.903 -0.493 4.812
 endloop
endfacet
facet normal -0.979 0.184 -0.086
 outer loop
  vertex 3.886 -0.493 5.011
  vertex 3.903 -0.493 4.812
  vertex 3.796 -0.979 5.003
 endloop
endfacet
facet normal -0.979 0.184 -0.086
 outer loop
  vertex 3.796 -0.979 5.003
  vertex 3.903 -0.493 4.812
  vertex 3.813 -0.979 4.804
 endloop
endfacet
facet normal -0.949 0.303 -0.083
 outer loop
  vertex 3.796 -0.979 5.003
  vertex 3.813 -0.979 4.804
  vertex 3.646 -1.45 4.99
 endloop
endfacet
facet normal -0.949 0.303 -0.083
 outer loop
  vertex 3.646 -1.45 4.99
  vertex 3.813 -0.979 4.804
  vertex 3.664 -1.45 4.791
 endloop
endfacet
facet normal -0.905 0.418 -0.079
 outer loop
  vertex 3.646 -1.45 4.99
  vertex 3.664 -1.45 4.791
  vertex 3.44 -1.9 4.972
 endloop
endfacet
facet normal -0.905 0.418 -0.079
 outer loop
  vertex 3.44 -1.9 4.972
  vertex 3.664 -1.45 4.791
  vertex 3.458 -1.9 4.773
 endloop
endfacet
facet normal -0.847 0.526 -0.074
 outer loop
  vertex 3.44 -1.9 4.972
  vertex 3.458 -1.9 4.773
  vertex 3.181 -2.32 4.95
 endloop
endfacet
facet normal -0.847 0.526 -0.074
 outer loop
  vertex 3.181 -2.32 4.95
  vertex 3.458 -1.9 4.773
  vertex 3.199 -2.32 4.75
 endloop
endfacet
facet normal -0.776 0.627 -0.068
 outer loop
  vertex 3.181 -2.32 4.95
  vertex 3.199 -2.32 4.75
  vertex 2.872 -2.705 4.923
 endloop
endfacet
facet normal -0.776 0.627 -0.068
 outer loop
  vertex 2.872 -2.705 4.923
  vertex 3.199 -2.32 4.75
  vertex 2.89 -2.705 4.723
 endloop
endfacet
facet normal -0.693 0.718 -0.061
 outer loop
  vertex 2.872 -2.705 4.923
  vertex 2.89 -2.705 4.723
  vertex 2.519 -3.049 4.892
 endloop
endfacet
facet normal -0.693 0.718 -0.061
 outer loop
  vertex 2.519 -3.049 4.892
  vertex 2.89 -2.705 4.723
  vertex 2.536 -3.049 4.692
 endloop
endfacet
facet normal -0.6 0.798 -0.053
 outer loop
  vertex 2.519 -3.049 4.892
  vertex 2.536 -3.049 4.692
  vertex 2.126 -3.347 4.857
 endloop
endfacet
facet normal -0.6 0.798 -0.053
 outer loop
  vertex 2.126 -3.347 4.857
  vertex 2.536 -3.049 4.692
  vertex 2.143 -3.347 4.658
 endloop
endfacet
facet normal -0.498 0.866 -0.044
 outer loop
  vertex 2.126 -3.347 4.857
  vertex 2.143 -3.347 4.658
  vertex 1.699 -3.594 4.82
 endloop
endfacet
facet normal -0.498 0.866 -0.044
 outer loop
  vertex 1.699 -3.594 4.82
  vertex 2.143 -3.347 4.658
  vertex 1.717 -3.594 4.621
 endloop
endfacet
facet normal -0.388 0.921 -0.034
 outer loop
  vertex 1.699 -3.594 4.82
  vertex 1.717 -3.594 4.621
  vertex 1.246 -3.787 4.78
 endloop
endfacet
facet normal -0.388 0.921 -0.034
 outer loop
  vertex 1.246 -3.787 4.78
  vertex 1.717 -3.594 4.621
  vertex 1.263 -3.787 4.581
 endloop
endfacet
facet normal -0.273 0.962 -0.024
 outer loop
  vertex 1.246 -3.787 4.78
  vertex 1.263 -3.787 4.581
  vertex 0.772 -3.922 4.739
 endloop
endfacet
facet normal -0.273 0.962 -0.024
 outer loop
  vertex 0.772 -3.922 4.739
  vertex 1.263 -3.787 4.581
  vertex 0.789 -3.922 4.54
 endloop
endfacet
facet normal -0.153 0.988 -0.013
 outer loop
  vertex 0.772 -3.922 4.739
  vertex 0.789 -3.922 4.54
  vertex 0.285 -3.998 4.696
 endloop
endfacet
facet normal -0.153 0.988 -0.013
 outer loop
  vertex 0.285 -3.998 4.696
  vertex 0.789 -3.922 4.54
  vertex 0.303 -3.998 4.497
 endloop
endfacet
facet normal -0.031 1 -0.003
 outer loop
  vertex 0.285 -3.998 4.696
  vertex 0.303 -3.998 4.497
  vertex -0.207 -4.013 4.653
 endloop
endfacet
facet normal -0.031 1 -0.003
 outer loop
  vertex -0.207 -4.013 4.653
  vertex 0.303 -3.998 4.497
  vertex -0.189 -4.013 4.454
 endloop
endfacet
facet normal 0.092 0.996 0.008
 outer loop
  vertex -0.207 -4.013 4.653
  vertex -0.189 -4.013 4.454
  vertex -0.697 -3.968 4.61
 endloop
endfacet
facet normal 0.092 0.996 0.008
 outer loop
  vertex -0.697 -3.968 4.61
  vertex -0.189 -4.013 4.454
  vertex -0.68 -3.968 4.411
 endloop
endfacet
facet normal 0.213 0.977 0.019
 outer loop
  vertex -0.697 -3.968 4.61
  vertex -0.68 -3.968 4.411
  vertex -1.178 -3.862 4.568
 endloop
endfacet
facet normal 0.213 0.977 0.019
 outer loop
  vertex -1.178 -3.862 4.568
  vertex -0.68 -3.968 4.411
  vertex -1.161 -3.862 4.369
 endloop
endfacet
facet normal 0.331 0.943 0.029
 outer loop
  vertex -1.178 -3.862 4.568
  vertex -1.161 -3.862 4.369
  vertex -1.643 -3.698 4.528
 endloop
endfacet
facet normal 0.331 0.943 0.029
 outer loop
  vertex -1.643 -3.698 4.528
  vertex -1.161 -3.862 4.369
  vertex -1.625 -3.698 4.328
 endloop
endfacet
facet normal 0.444 0.895 0.039
 outer loop
  vertex -1.643 -3.698 4.528
  vertex -1.625 -3.698 4.328
  vertex -2.084 -3.477 4.489
 endloop
endfacet
facet normal 0.444 0.895 0.039
 outer loop
  vertex -2.084 -3.477 4.489
  vertex -1.625 -3.698 4.328
  vertex -2.066 -3.477 4.29
 endloop
endfacet
facet normal 0.55 0.834 0.048
 outer loop
  vertex -2.084 -3.477 4.489
  vertex -2.066 -3.477 4.29
  vertex -2.494 -3.204 4.453
 endloop
endfacet
facet normal 0.55 0.834 0.048
 outer loop
  vertex -2.494 -3.204 4.453
  vertex -2.066 -3.477 4.29
  vertex -2.477 -3.204 4.254
 endloop
endfacet
facet normal 0.648 0.759 0.057
 outer loop
  vertex -2.494 -3.204 4.453
  vertex -2.477 -3.204 4.254
  vertex -2.868 -2.883 4.42
 endloop
endfacet
facet normal 0.648 0.759 0.057
 outer loop
  vertex -2.868 -2.883 4.42
  vertex -2.477 -3.204 4.254
  vertex -2.851 -2.883 4.221
 endloop
endfacet
facet normal 0.736 0.674 0.064
 outer loop
  vertex -2.868 -2.883 4.42
  vertex -2.851 -2.883 4.221
  vertex -3.2 -2.517 4.391
 endloop
endfacet
facet normal 0.736 0.674 0.064
 outer loop
  vertex -3.2 -2.517 4.391
  vertex -2.851 -2.883 4.221
  vertex -3.183 -2.517 4.192
 endloop
endfacet
facet normal 0.813 0.578 0.071
 outer loop
  vertex -3.2 -2.517 4.391
  vertex -3.183 -2.517 4.192
  vertex -3.485 -2.114 4.366
 endloop
endfacet
facet normal 0.813 0.578 0.071
 outer loop
  vertex -3.485 -2.114 4.366
  vertex -3.183 -2.517 4.192
  vertex -3.467 -2.114 4.167
 endloop
endfacet
facet normal 0.878 0.473 0.077
 outer loop
  vertex -3.485 -2.114 4.366
  vertex -3.467 -2.114 4.167
  vertex -3.718 -1.678 4.346
 endloop
endfacet
facet normal 0.878 0.473 0.077
 outer loop
  vertex -3.718 -1.678 4.346
  vertex -3.467 -2.114 4.167
  vertex -3.7 -1.678 4.147
 endloop
endfacet
facet normal 0.929 0.361 0.081
 outer loop
  vertex -3.718 -1.678 4.346
  vertex -3.7 -1.678 4.147
  vertex -3.895 -1.217 4.33
 endloop
endfacet
facet normal 0.929 0.361 0.081
 outer loop
  vertex -3.895 -1.217 4.33
  vertex -3.7 -1.678 4.147
  vertex -3.878 -1.217 4.131
 endloop
endfacet
facet normal 0.966 0.244 0.085
 outer loop
  vertex -3.895 -1.217 4.33
  vertex -3.878 -1.217 4.131
  vertex -4.016 -0.738 4.32
 endloop
endfacet
facet normal 0.966 0.244 0.085
 outer loop
  vertex -4.016 -0.738 4.32
  vertex -3.878 -1.217 4.131
  vertex -3.998 -0.738 4.121
 endloop
endfacet
facet normal 0.989 0.123 0.086
 outer loop
  vertex -4.016 -0.738 4.32
  vertex -3.998 -0.738 4.121
  vertex -4.076 -0.247 4.315
 endloop
endfacet
facet normal 0.989 0.123 0.086
 outer loop
  vertex -4.076 -0.247 4.315
  vertex -3.998 -0.738 4.121
  vertex -4.059 -0.247 4.115
 endloop
endfacet
facet normal 0.087 0.001 -0.996
 outer loop
  vertex -0.372 3.204 5.402
  vertex -0.494 3.188 5.391
  vertex -0.495 3.194 5.391
 endloop
endfacet
facet normal 0.087 0.001 -0.996
 outer loop
  vertex -0.495 3.194 5.391
  vertex -0.494 3.188 5.391
  vertex -0.641 3.174 5.378
 endloop
endfacet
facet normal 0.087 -0 -0.996
 outer loop
  vertex -0.494 3.188 5.391
  vertex -0.638 3.162 5.378
  vertex -0.641 3.174 5.378
 endloop
endfacet
facet normal 0.087 -0 -0.996
 outer loop
  vertex -0.641 3.174 5.378
  vertex -0.638 3.162 5.378
  vertex -0.881 3.103 5.357
 endloop
endfacet
facet normal 0.087 0 -0.996
 outer loop
  vertex -0.641 3.174 5.378
  vertex -0.881 3.103 5.357
  vertex -0.886 3.126 5.357
 endloop
endfacet
facet normal 0.087 0 -0.996
 outer loop
  vertex -0.886 3.126 5.357
  vertex -0.881 3.103 5.357
  vertex -1.026 3.09 5.344
 endloop
endfacet
facet normal 0.087 0 -0.996
 outer loop
  vertex -0.881 3.103 5.357
  vertex -1.016 3.061 5.345
  vertex -1.026 3.09 5.344
 endloop
endfacet
facet normal 0.087 0 -0.996
 outer loop
  vertex -1.026 3.09 5.344
  vertex -1.016 3.061 5.345
  vertex -1.254 2.971 5.325
 endloop
endfacet
facet normal 0.087 0 -0.996
 outer loop
  vertex -1.026 3.09 5.344
  vertex -1.254 2.971 5.325
  vertex -1.268 3.01 5.323
 endloop
endfacet
facet normal 0.087 0 -0.996
 outer loop
  vertex -1.268 3.01 5.323
  vertex -1.254 2.971 5.325
  vertex -1.397 2.958 5.312
 endloop
endfacet
facet normal 0.087 0 -0.996
 outer loop
  vertex -1.254 2.971 5.325
  vertex -1.377 2.915 5.314
  vertex -1.397 2.958 5.312
 endloop
endfacet
facet normal 0.087 0 -0.996
 outer loop
  vertex -1.397 2.958 5.312
  vertex -1.377 2.915 5.314
  vertex -1.608 2.794 5.294
 endloop
endfacet
facet normal 0.087 -0 -0.996
 outer loop
  vertex -1.397 2.958 5.312
  vertex -1.608 2.794 5.294
  vertex -1.75 2.782 5.281
 endloop
endfacet
facet normal 0.087 -0 -0.996
 outer loop
  vertex -1.75 2.782 5.281
  vertex -1.608 2.794 5.294
  vertex -1.938 2.574 5.265
 endloop
endfacet
facet normal 0.087 -0 -0.996
 outer loop
  vertex -1.75 2.782 5.281
  vertex -1.938 2.574 5.265
  vertex -2.078 2.563 5.252
 endloop
endfacet
facet normal 0.087 0 -0.996
 outer loop
  vertex -2.078 2.563 5.252
  vertex -1.938 2.574 5.265
  vertex -2.238 2.316 5.238
 endloop
endfacet
facet normal 0.087 -0 -0.996
 outer loop
  vertex -2.078 2.563 5.252
  vertex -2.238 2.316 5.238
  vertex -2.378 2.306 5.226
 endloop
endfacet
facet normal 0.087 -0 -0.996
 outer loop
  vertex -2.378 2.306 5.226
  vertex -2.238 2.316 5.238
  vertex -2.505 2.022 5.215
 endloop
endfacet
facet normal 0.087 -0 -0.996
 outer loop
  vertex -2.378 2.306 5.226
  vertex -2.505 2.022 5.215
  vertex -2.643 2.014 5.203
 endloop
endfacet
facet normal 0.087 -0 -0.996
 outer loop
  vertex -2.643 2.014 5.203
  vertex -2.505 2.022 5.215
  vertex -2.734 1.698 5.195
 endloop
endfacet
facet normal 0.087 -0 -0.996
 outer loop
  vertex -2.643 2.014 5.203
  vertex -2.734 1.698 5.195
  vertex -2.871 1.691 5.183
 endloop
endfacet
facet normal 0.087 -0 -0.996
 outer loop
  vertex -2.871 1.691 5.183
  vertex -2.734 1.698 5.195
  vertex -2.921 1.348 5.179
 endloop
endfacet
facet normal 0.087 -0 -0.996
 outer loop
  vertex -2.871 1.691 5.183
  vertex -2.921 1.348 5.179
  vertex -3.057 1.343 5.167
 endloop
endfacet
facet normal 0.087 0 -0.996
 outer loop
  vertex -3.057 1.343 5.167
  vertex -2.921 1.348 5.179
  vertex -3.064 0.978 5.166
 endloop
endfacet
facet normal 0.087 0 -0.996
 outer loop
  vertex -3.057 1.343 5.167
  vertex -3.064 0.978 5.166
  vertex -3.199 0.974 5.154
 endloop
endfacet
facet normal 0.087 -0 -0.996
 outer loop
  vertex -3.199 0.974 5.154
  vertex -3.064 0.978 5.166
  vertex -3.16 0.593 5.158
 endloop
endfacet
facet normal 0.087 -0 -0.996
 outer loop
  vertex -3.199 0.974 5.154
  vertex -3.16 0.593 5.158
  vertex -3.295 0.59 5.146
 endloop
endfacet
facet normal 0.087 -0 -0.996
 outer loop
  vertex -3.295 0.59 5.146
  vertex -3.16 0.593 5.158
  vertex -3.209 0.199 5.153
 endloop
endfacet
facet normal 0.087 0 -0.996
 outer loop
  vertex -3.295 0.59 5.146
  vertex -3.209 0.199 5.153
  vertex -3.344 0.198 5.142
 endloop
endfacet
facet normal 0.087 0 -0.996
 outer loop
  vertex -3.344 0.198 5.142
  vertex -3.209 0.199 5.153
  vertex -3.344 -0.198 5.142
 endloop
endfacet
facet normal 0.087 0 -0.996
 outer loop
  vertex -3.209 0.199 5.153
  vertex -3.209 -0.199 5.153
  vertex -3.344 -0.198 5.142
 endloop
endfacet
facet normal 0.087 -0 -0.996
 outer loop
  vertex -3.344 -0.198 5.142
  vertex -3.209 -0.199 5.153
  vertex -3.295 -0.59 5.146
 endloop
endfacet
facet normal 0.087 0 -0.996
 outer loop
  vertex -3.209 -0.199 5.153
  vertex -3.16 -0.593 5.158
  vertex -3.295 -0.59 5.146
 endloop
endfacet
facet normal 0.087 0 -0.996
 outer loop
  vertex -3.295 -0.59 5.146
  vertex -3.16 -0.593 5.158
  vertex -3.199 -0.974 5.154
 endloop
endfacet
facet normal 0.087 0 -0.996
 outer loop
  vertex -3.16 -0.593 5.158
  vertex -3.064 -0.978 5.166
  vertex -3.199 -0.974 5.154
 endloop
endfacet
facet normal 0.087 -0 -0.996
 outer loop
  vertex -3.199 -0.974 5.154
  vertex -3.064 -0.978 5.166
  vertex -3.057 -1.343 5.167
 endloop
endfacet
facet normal 0.087 -0 -0.996
 outer loop
  vertex -3.064 -0.978 5.166
  vertex -2.921 -1.348 5.179
  vertex -3.057 -1.343 5.167
 endloop
endfacet
facet normal 0.087 0 -0.996
 outer loop
  vertex -3.057 -1.343 5.167
  vertex -2.921 -1.348 5.179
  vertex -2.871 -1.691 5.183
 endloop
endfacet
facet normal 0.087 0 -0.996
 outer loop
  vertex -2.921 -1.348 5.179
  vertex -2.734 -1.698 5.195
  vertex -2.871 -1.691 5.183
 endloop
endfacet
facet normal 0.087 0 -0.996
 outer loop
  vertex -2.871 -1.691 5.183
  vertex -2.734 -1.698 5.195
  vertex -2.643 -2.014 5.203
 endloop
endfacet
facet normal 0.087 0 -0.996
 outer loop
  vertex -2.734 -1.698 5.195
  vertex -2.505 -2.022 5.215
  vertex -2.643 -2.014 5.203
 endloop
endfacet
facet normal 0.087 0 -0.996
 outer loop
  vertex -2.643 -2.014 5.203
  vertex -2.505 -2.022 5.215
  vertex -2.378 -2.306 5.226
 endloop
endfacet
facet normal 0.087 0 -0.996
 outer loop
  vertex -2.505 -2.022 5.215
  vertex -2.238 -2.316 5.238
  vertex -2.378 -2.306 5.226
 endloop
endfacet
facet normal 0.087 0 -0.996
 outer loop
  vertex -2.378 -2.306 5.226
  vertex -2.238 -2.316 5.238
  vertex -2.078 -2.563 5.252
 endloop
endfacet
facet normal 0.087 -0 -0.996
 outer loop
  vertex -2.238 -2.316 5.238
  vertex -1.938 -2.574 5.265
  vertex -2.078 -2.563 5.252
 endloop
endfacet
facet normal 0.087 0 -0.996
 outer loop
  vertex -2.078 -2.563 5.252
  vertex -1.938 -2.574 5.265
  vertex -1.75 -2.782 5.281
 endloop
endfacet
facet normal 0.087 0 -0.996
 outer loop
  vertex -1.938 -2.574 5.265
  vertex -1.608 -2.794 5.294
  vertex -1.75 -2.782 5.281
 endloop
endfacet
facet normal 0.087 0 -0.996
 outer loop
  vertex -1.75 -2.782 5.281
  vertex -1.608 -2.794 5.294
  vertex -1.397 -2.958 5.312
 endloop
endfacet
facet normal 0.087 -0 -0.996
 outer loop
  vertex -1.608 -2.794 5.294
  vertex -1.377 -2.915 5.314
  vertex -1.397 -2.958 5.312
 endloop
endfacet
facet normal 0.087 -0 -0.996
 outer loop
  vertex -1.397 -2.958 5.312
  vertex -1.377 -2.915 5.314
  vertex -1.254 -2.971 5.325
 endloop
endfacet
facet normal 0.087 -0 -0.996
 outer loop
  vertex -1.397 -2.958 5.312
  vertex -1.254 -2.971 5.325
  vertex -1.268 -3.01 5.323
 endloop
endfacet
facet normal 0.087 -0 -0.996
 outer loop
  vertex -1.268 -3.01 5.323
  vertex -1.254 -2.971 5.325
  vertex -1.026 -3.09 5.344
 endloop
endfacet
facet normal 0.087 -0 -0.996
 outer loop
  vertex -1.254 -2.971 5.325
  vertex -1.016 -3.061 5.345
  vertex -1.026 -3.09 5.344
 endloop
endfacet
facet normal 0.087 -0 -0.996
 outer loop
  vertex -1.026 -3.09 5.344
  vertex -1.016 -3.061 5.345
  vertex -0.881 -3.103 5.357
 endloop
endfacet
facet normal 0.087 -0 -0.996
 outer loop
  vertex -1.026 -3.09 5.344
  vertex -0.881 -3.103 5.357
  vertex -0.886 -3.126 5.357
 endloop
endfacet
facet normal 0.087 -0 -0.996
 outer loop
  vertex -0.886 -3.126 5.357
  vertex -0.881 -3.103 5.357
  vertex -0.641 -3.174 5.378
 endloop
endfacet
facet normal 0.087 0 -0.996
 outer loop
  vertex -0.881 -3.103 5.357
  vertex -0.638 -3.162 5.378
  vertex -0.641 -3.174 5.378
 endloop
endfacet
facet normal 0.087 0 -0.996
 outer loop
  vertex -0.641 -3.174 5.378
  vertex -0.638 -3.162 5.378
  vertex -0.494 -3.188 5.391
 endloop
endfacet
facet normal 0.087 -0.001 -0.996
 outer loop
  vertex -0.641 -3.174 5.378
  vertex -0.494 -3.188 5.391
  vertex -0.495 -3.194 5.391
 endloop
endfacet
facet normal 0.087 -0.001 -0.996
 outer loop
  vertex -0.495 -3.194 5.391
  vertex -0.494 -3.188 5.391
  vertex -0.372 -3.204 5.402
 endloop
endfacet
facet normal -0.087 0 0.996
 outer loop
  vertex 0.222 3.204 3.727
  vertex 0.295 3.195 3.733
  vertex 0.295 3.199 3.733
 endloop
endfacet
facet normal -0.087 0 0.996
 outer loop
  vertex 0.295 3.199 3.733
  vertex 0.295 3.195 3.733
  vertex 0.539 3.151 3.755
 endloop
endfacet
facet normal -0.087 -0 0.996
 outer loop
  vertex 0.295 3.199 3.733
  vertex 0.539 3.151 3.755
  vertex 0.541 3.166 3.755
 endloop
endfacet
facet normal -0.087 -0 0.996
 outer loop
  vertex 0.541 3.166 3.755
  vertex 0.539 3.151 3.755
  vertex 0.685 3.138 3.768
 endloop
endfacet
facet normal -0.087 0 0.996
 outer loop
  vertex 0.539 3.151 3.755
  vertex 0.679 3.117 3.767
  vertex 0.685 3.138 3.768
 endloop
endfacet
facet normal -0.087 0 0.996
 outer loop
  vertex 0.685 3.138 3.768
  vertex 0.679 3.117 3.767
  vertex 0.919 3.043 3.788
 endloop
endfacet
facet normal -0.087 -0 0.996
 outer loop
  vertex 0.685 3.138 3.768
  vertex 0.919 3.043 3.788
  vertex 0.929 3.074 3.789
 endloop
endfacet
facet normal -0.087 -0 0.996
 outer loop
  vertex 0.929 3.074 3.789
  vertex 0.919 3.043 3.788
  vertex 1.064 3.03 3.801
 endloop
endfacet
facet normal -0.087 -0 0.996
 outer loop
  vertex 0.919 3.043 3.788
  vertex 1.049 2.994 3.799
  vertex 1.064 3.03 3.801
 endloop
endfacet
facet normal -0.087 -0 0.996
 outer loop
  vertex 1.064 3.03 3.801
  vertex 1.049 2.994 3.799
  vertex 1.284 2.888 3.82
 endloop
endfacet
facet normal -0.087 0 0.996
 outer loop
  vertex 1.064 3.03 3.801
  vertex 1.284 2.888 3.82
  vertex 1.304 2.933 3.822
 endloop
endfacet
facet normal -0.087 0 0.996
 outer loop
  vertex 1.304 2.933 3.822
  vertex 1.284 2.888 3.82
  vertex 1.426 2.875 3.832
 endloop
endfacet
facet normal -0.087 -0 0.996
 outer loop
  vertex 1.284 2.888 3.82
  vertex 1.4 2.827 3.83
  vertex 1.426 2.875 3.832
 endloop
endfacet
facet normal -0.087 -0 0.996
 outer loop
  vertex 1.426 2.875 3.832
  vertex 1.4 2.827 3.83
  vertex 1.626 2.689 3.85
 endloop
endfacet
facet normal -0.087 -0 0.996
 outer loop
  vertex 1.426 2.875 3.832
  vertex 1.626 2.689 3.85
  vertex 1.768 2.678 3.862
 endloop
endfacet
facet normal -0.087 0 0.996
 outer loop
  vertex 1.768 2.678 3.862
  vertex 1.626 2.689 3.85
  vertex 1.942 2.45 3.878
 endloop
endfacet
facet normal -0.087 0 0.996
 outer loop
  vertex 1.768 2.678 3.862
  vertex 1.942 2.45 3.878
  vertex 2.082 2.439 3.89
 endloop
endfacet
facet normal -0.087 0 0.996
 outer loop
  vertex 2.082 2.439 3.89
  vertex 1.942 2.45 3.878
  vertex 2.226 2.173 3.902
 endloop
endfacet
facet normal -0.087 0 0.996
 outer loop
  vertex 2.082 2.439 3.89
  vertex 2.226 2.173 3.902
  vertex 2.365 2.164 3.915
 endloop
endfacet
facet normal -0.087 0 0.996
 outer loop
  vertex 2.365 2.164 3.915
  vertex 2.226 2.173 3.902
  vertex 2.474 1.864 3.924
 endloop
endfacet
facet normal -0.087 0 0.996
 outer loop
  vertex 2.365 2.164 3.915
  vertex 2.474 1.864 3.924
  vertex 2.612 1.856 3.936
 endloop
endfacet
facet normal -0.087 0 0.996
 outer loop
  vertex 2.612 1.856 3.936
  vertex 2.474 1.864 3.924
  vertex 2.683 1.526 3.942
 endloop
endfacet
facet normal -0.087 -0 0.996
 outer loop
  vertex 2.612 1.856 3.936
  vertex 2.683 1.526 3.942
  vertex 2.819 1.52 3.954
 endloop
endfacet
facet normal -0.087 -0 0.996
 outer loop
  vertex 2.819 1.52 3.954
  vertex 2.683 1.526 3.942
  vertex 2.848 1.165 3.957
 endloop
endfacet
facet normal -0.087 -0 0.996
 outer loop
  vertex 2.819 1.52 3.954
  vertex 2.848 1.165 3.957
  vertex 2.984 1.16 3.969
 endloop
endfacet
facet normal -0.087 -0 0.996
 outer loop
  vertex 2.984 1.16 3.969
  vertex 2.848 1.165 3.957
  vertex 2.968 0.787 3.967
 endloop
endfacet
facet normal -0.087 -0 0.996
 outer loop
  vertex 2.984 1.16 3.969
  vertex 2.968 0.787 3.967
  vertex 3.103 0.784 3.979
 endloop
endfacet
facet normal -0.087 -0 0.996
 outer loop
  vertex 3.103 0.784 3.979
  vertex 2.968 0.787 3.967
  vertex 3.041 0.396 3.974
 endloop
endfacet
facet normal -0.087 -0 0.996
 outer loop
  vertex 3.103 0.784 3.979
  vertex 3.041 0.396 3.974
  vertex 3.176 0.395 3.985
 endloop
endfacet
facet normal -0.087 -0 0.996
 outer loop
  vertex 3.176 0.395 3.985
  vertex 3.041 0.396 3.974
  vertex 3.065 0 3.976
 endloop
endfacet
facet normal -0.087 -0 0.996
 outer loop
  vertex 3.176 0.395 3.985
  vertex 3.065 0 3.976
  vertex 3.2 -0 3.988
 endloop
endfacet
facet normal -0.087 0 0.996
 outer loop
  vertex 3.2 -0 3.988
  vertex 3.065 0 3.976
  vertex 3.176 -0.395 3.985
 endloop
endfacet
facet normal -0.087 0 0.996
 outer loop
  vertex 3.065 0 3.976
  vertex 3.041 -0.396 3.974
  vertex 3.176 -0.395 3.985
 endloop
endfacet
facet normal -0.087 0 0.996
 outer loop
  vertex 3.176 -0.395 3.985
  vertex 3.041 -0.396 3.974
  vertex 3.103 -0.784 3.979
 endloop
endfacet
facet normal -0.087 0 0.996
 outer loop
  vertex 3.041 -0.396 3.974
  vertex 2.968 -0.787 3.967
  vertex 3.103 -0.784 3.979
 endloop
endfacet
facet normal -0.087 0 0.996
 outer loop
  vertex 3.103 -0.784 3.979
  vertex 2.968 -0.787 3.967
  vertex 2.984 -1.16 3.969
 endloop
endfacet
facet normal -0.087 0 0.996
 outer loop
  vertex 2.968 -0.787 3.967
  vertex 2.848 -1.165 3.957
  vertex 2.984 -1.16 3.969
 endloop
endfacet
facet normal -0.087 0 0.996
 outer loop
  vertex 2.984 -1.16 3.969
  vertex 2.848 -1.165 3.957
  vertex 2.819 -1.52 3.954
 endloop
endfacet
facet normal -0.087 0 0.996
 outer loop
  vertex 2.848 -1.165 3.957
  vertex 2.683 -1.526 3.942
  vertex 2.819 -1.52 3.954
 endloop
endfacet
facet normal -0.087 0 0.996
 outer loop
  vertex 2.819 -1.52 3.954
  vertex 2.683 -1.526 3.942
  vertex 2.612 -1.856 3.936
 endloop
endfacet
facet normal -0.087 -0 0.996
 outer loop
  vertex 2.683 -1.526 3.942
  vertex 2.474 -1.864 3.924
  vertex 2.612 -1.856 3.936
 endloop
endfacet
facet normal -0.087 -0 0.996
 outer loop
  vertex 2.612 -1.856 3.936
  vertex 2.474 -1.864 3.924
  vertex 2.365 -2.164 3.915
 endloop
endfacet
facet normal -0.087 -0 0.996
 outer loop
  vertex 2.474 -1.864 3.924
  vertex 2.226 -2.173 3.902
  vertex 2.365 -2.164 3.915
 endloop
endfacet
facet normal -0.087 -0 0.996
 outer loop
  vertex 2.365 -2.164 3.915
  vertex 2.226 -2.173 3.902
  vertex 2.082 -2.439 3.89
 endloop
endfacet
facet normal -0.087 -0 0.996
 outer loop
  vertex 2.226 -2.173 3.902
  vertex 1.942 -2.45 3.878
  vertex 2.082 -2.439 3.89
 endloop
endfacet
facet normal -0.087 -0 0.996
 outer loop
  vertex 2.082 -2.439 3.89
  vertex 1.942 -2.45 3.878
  vertex 1.768 -2.678 3.862
 endloop
endfacet
facet normal -0.087 -0 0.996
 outer loop
  vertex 1.942 -2.45 3.878
  vertex 1.626 -2.689 3.85
  vertex 1.768 -2.678 3.862
 endloop
endfacet
facet normal -0.087 0 0.996
 outer loop
  vertex 1.768 -2.678 3.862
  vertex 1.626 -2.689 3.85
  vertex 1.426 -2.875 3.832
 endloop
endfacet
facet normal -0.087 0 0.996
 outer loop
  vertex 1.626 -2.689 3.85
  vertex 1.4 -2.827 3.83
  vertex 1.426 -2.875 3.832
 endloop
endfacet
facet normal -0.087 0 0.996
 outer loop
  vertex 1.426 -2.875 3.832
  vertex 1.4 -2.827 3.83
  vertex 1.284 -2.888 3.82
 endloop
endfacet
facet normal -0.087 -0 0.996
 outer loop
  vertex 1.426 -2.875 3.832
  vertex 1.284 -2.888 3.82
  vertex 1.304 -2.933 3.822
 endloop
endfacet
facet normal -0.087 -0 0.996
 outer loop
  vertex 1.304 -2.933 3.822
  vertex 1.284 -2.888 3.82
  vertex 1.064 -3.03 3.801
 endloop
endfacet
facet normal -0.087 0 0.996
 outer loop
  vertex 1.284 -2.888 3.82
  vertex 1.049 -2.994 3.799
  vertex 1.064 -3.03 3.801
 endloop
endfacet
facet normal -0.087 0 0.996
 outer loop
  vertex 1.064 -3.03 3.801
  vertex 1.049 -2.994 3.799
  vertex 0.919 -3.043 3.788
 endloop
endfacet
facet normal -0.087 0 0.996
 outer loop
  vertex 1.064 -3.03 3.801
  vertex 0.919 -3.043 3.788
  vertex 0.929 -3.074 3.789
 endloop
endfacet
facet normal -0.087 0 0.996
 outer loop
  vertex 0.929 -3.074 3.789
  vertex 0.919 -3.043 3.788
  vertex 0.685 -3.138 3.768
 endloop
endfacet
facet normal -0.087 -0 0.996
 outer loop
  vertex 0.919 -3.043 3.788
  vertex 0.679 -3.117 3.767
  vertex 0.685 -3.138 3.768
 endloop
endfacet
facet normal -0.087 -0 0.996
 outer loop
  vertex 0.685 -3.138 3.768
  vertex 0.679 -3.117 3.767
  vertex 0.539 -3.151 3.755
 endloop
endfacet
facet normal -0.087 0 0.996
 outer loop
  vertex 0.685 -3.138 3.768
  vertex 0.539 -3.151 3.755
  vertex 0.541 -3.166 3.755
 endloop
endfacet
facet normal -0.087 0 0.996
 outer loop
  vertex 0.541 -3.166 3.755
  vertex 0.539 -3.151 3.755
  vertex 0.295 -3.199 3.733
 endloop
endfacet
facet normal -0.087 -0 0.996
 outer loop
  vertex 0.539 -3.151 3.755
  vertex 0.295 -3.195 3.733
  vertex 0.295 -3.199 3.733
 endloop
endfacet
facet normal -0.087 -0 0.996
 outer loop
  vertex 0.295 -3.199 3.733
  vertex 0.295 -3.195 3.733
  vertex 0.222 -3.204 3.727
 endloop
endfacet
facet normal 0.236 -0.665 -0.708
 outer loop
  vertex -0.886 3.126 3.643
  vertex -1.026 3.09 3.631
  vertex -1.178 3.862 2.855
 endloop
endfacet
facet normal 0.277 -0.653 -0.705
 outer loop
  vertex -1.178 3.862 2.855
  vertex -1.026 3.09 3.631
  vertex -1.268 3.01 3.61
 endloop
endfacet
facet normal 0.292 -0.651 -0.701
 outer loop
  vertex -1.178 3.862 2.855
  vertex -1.268 3.01 3.61
  vertex -1.643 3.698 2.814
 endloop
endfacet
facet normal 0.317 -0.639 -0.701
 outer loop
  vertex -1.643 3.698 2.814
  vertex -1.268 3.01 3.61
  vertex -1.397 2.958 3.599
 endloop
endfacet
facet normal 0.369 -0.616 -0.696
 outer loop
  vertex -1.643 3.698 2.814
  vertex -1.397 2.958 3.599
  vertex -2.084 3.477 2.776
 endloop
endfacet
facet normal 0.369 -0.616 -0.696
 outer loop
  vertex -2.084 3.477 2.776
  vertex -1.397 2.958 3.599
  vertex -1.75 2.782 3.568
 endloop
endfacet
facet normal 0.442 -0.574 -0.69
 outer loop
  vertex -2.084 3.477 2.776
  vertex -1.75 2.782 3.568
  vertex -2.494 3.204 2.74
 endloop
endfacet
facet normal 0.442 -0.574 -0.69
 outer loop
  vertex -2.494 3.204 2.74
  vertex -1.75 2.782 3.568
  vertex -2.078 2.563 3.539
 endloop
endfacet
facet normal 0.509 -0.523 -0.684
 outer loop
  vertex -2.494 3.204 2.74
  vertex -2.078 2.563 3.539
  vertex -2.868 2.883 2.707
 endloop
endfacet
facet normal 0.509 -0.523 -0.684
 outer loop
  vertex -2.868 2.883 2.707
  vertex -2.078 2.563 3.539
  vertex -2.378 2.306 3.513
 endloop
endfacet
facet normal 0.57 -0.464 -0.679
 outer loop
  vertex -2.868 2.883 2.707
  vertex -2.378 2.306 3.513
  vertex -3.2 2.517 2.678
 endloop
endfacet
facet normal 0.57 -0.464 -0.679
 outer loop
  vertex -3.2 2.517 2.678
  vertex -2.378 2.306 3.513
  vertex -2.643 2.014 3.49
 endloop
endfacet
facet normal 0.623 -0.398 -0.674
 outer loop
  vertex -3.2 2.517 2.678
  vertex -2.643 2.014 3.49
  vertex -3.485 2.114 2.653
 endloop
endfacet
facet normal 0.623 -0.398 -0.674
 outer loop
  vertex -3.485 2.114 2.653
  vertex -2.643 2.014 3.49
  vertex -2.871 1.691 3.47
 endloop
endfacet
facet normal 0.667 -0.326 -0.67
 outer loop
  vertex -3.485 2.114 2.653
  vertex -2.871 1.691 3.47
  vertex -3.718 1.678 2.633
 endloop
endfacet
facet normal 0.667 -0.326 -0.67
 outer loop
  vertex -3.718 1.678 2.633
  vertex -2.871 1.691 3.47
  vertex -3.057 1.343 3.453
 endloop
endfacet
facet normal 0.702 -0.249 -0.667
 outer loop
  vertex -3.718 1.678 2.633
  vertex -3.057 1.343 3.453
  vertex -3.895 1.217 2.617
 endloop
endfacet
facet normal 0.702 -0.249 -0.667
 outer loop
  vertex -3.895 1.217 2.617
  vertex -3.057 1.343 3.453
  vertex -3.199 0.974 3.441
 endloop
endfacet
facet normal 0.728 -0.168 -0.665
 outer loop
  vertex -3.895 1.217 2.617
  vertex -3.199 0.974 3.441
  vertex -4.016 0.738 2.607
 endloop
endfacet
facet normal 0.728 -0.168 -0.665
 outer loop
  vertex -4.016 0.738 2.607
  vertex -3.199 0.974 3.441
  vertex -3.295 0.59 3.432
 endloop
endfacet
facet normal 0.743 -0.085 -0.663
 outer loop
  vertex -4.016 0.738 2.607
  vertex -3.295 0.59 3.432
  vertex -4.076 0.247 2.601
 endloop
endfacet
facet normal 0.743 -0.085 -0.663
 outer loop
  vertex -4.076 0.247 2.601
  vertex -3.295 0.59 3.432
  vertex -3.344 0.198 3.428
 endloop
endfacet
facet normal 0.748 -0.021 -0.663
 outer loop
  vertex -4.076 0.247 2.601
  vertex -3.344 0.198 3.428
  vertex -4.084 0 2.601
 endloop
endfacet
facet normal 0.746 0 -0.666
 outer loop
  vertex -4.084 0 2.601
  vertex -3.344 0.198 3.428
  vertex -3.344 -0.198 3.428
 endloop
endfacet
facet normal 0.748 0.021 -0.663
 outer loop
  vertex -4.084 0 2.601
  vertex -3.344 -0.198 3.428
  vertex -4.076 -0.247 2.601
 endloop
endfacet
facet normal 0.743 0.085 -0.663
 outer loop
  vertex -4.076 -0.247 2.601
  vertex -3.344 -0.198 3.428
  vertex -4.016 -0.738 2.607
 endloop
endfacet
facet normal 0.21 -0.675 -0.708
 outer loop
  vertex -1.178 3.862 2.855
  vertex -0.697 3.968 2.897
  vertex -0.886 3.126 3.643
 endloop
endfacet
facet normal 0.195 -0.675 -0.712
 outer loop
  vertex -0.886 3.126 3.643
  vertex -0.697 3.968 2.897
  vertex -0.641 3.174 3.665
 endloop
endfacet
facet normal 0.153 -0.682 -0.716
 outer loop
  vertex -0.641 3.174 3.665
  vertex -0.697 3.968 2.897
  vertex -0.495 3.194 3.677
 endloop
endfacet
facet normal 0.127 -0.688 -0.715
 outer loop
  vertex -0.495 3.194 3.677
  vertex -0.697 3.968 2.897
  vertex -0.207 4.013 2.94
 endloop
endfacet
facet normal 0.124 -0.687 -0.716
 outer loop
  vertex -0.495 3.194 3.677
  vertex -0.207 4.013 2.94
  vertex -0.372 3.204 3.688
 endloop
endfacet
facet normal 0.098 -0.687 -0.72
 outer loop
  vertex -0.372 3.204 3.688
  vertex -0.207 4.013 2.94
  vertex -0.248 3.214 3.696
 endloop
endfacet
facet normal 0.069 -0.687 -0.723
 outer loop
  vertex -0.248 3.214 3.696
  vertex -0.207 4.013 2.94
  vertex -0.099 3.218 3.706
 endloop
endfacet
facet normal 0.042 -0.69 -0.722
 outer loop
  vertex -0.099 3.218 3.706
  vertex -0.207 4.013 2.94
  vertex 0.285 3.998 2.983
 endloop
endfacet
facet normal 0.026 -0.687 -0.727
 outer loop
  vertex -0.099 3.218 3.706
  vertex 0.285 3.998 2.983
  vertex 0.147 3.211 3.722
 endloop
endfacet
facet normal -0.008 -0.684 -0.73
 outer loop
  vertex 0.147 3.211 3.722
  vertex 0.285 3.998 2.983
  vertex 0.222 3.204 3.727
 endloop
endfacet
facet normal -0.024 -0.683 -0.73
 outer loop
  vertex 0.222 3.204 3.727
  vertex 0.285 3.998 2.983
  vertex 0.295 3.195 3.733
 endloop
endfacet
facet normal -0.043 -0.683 -0.73
 outer loop
  vertex 0.295 3.195 3.733
  vertex 0.285 3.998 2.983
  vertex 0.772 3.922 3.025
 endloop
endfacet
facet normal -0.057 -0.677 -0.734
 outer loop
  vertex 0.295 3.195 3.733
  vertex 0.772 3.922 3.025
  vertex 0.539 3.151 3.755
 endloop
endfacet
facet normal -0.098 -0.668 -0.738
 outer loop
  vertex 0.539 3.151 3.755
  vertex 0.772 3.922 3.025
  vertex 0.679 3.117 3.767
 endloop
endfacet
facet normal -0.125 -0.664 -0.737
 outer loop
  vertex 0.772 3.922 3.025
  vertex 1.246 3.787 3.067
  vertex 0.679 3.117 3.767
 endloop
endfacet
facet normal -0.139 -0.657 -0.741
 outer loop
  vertex 0.679 3.117 3.767
  vertex 1.246 3.787 3.067
  vertex 0.919 3.043 3.788
 endloop
endfacet
facet normal -0.178 -0.643 -0.745
 outer loop
  vertex 0.919 3.043 3.788
  vertex 1.246 3.787 3.067
  vertex 1.049 2.994 3.799
 endloop
endfacet
facet normal -0.205 -0.636 -0.744
 outer loop
  vertex 1.049 2.994 3.799
  vertex 1.246 3.787 3.067
  vertex 1.699 3.594 3.107
 endloop
endfacet
facet normal -0.217 -0.627 -0.748
 outer loop
  vertex 1.049 2.994 3.799
  vertex 1.699 3.594 3.107
  vertex 1.284 2.888 3.82
 endloop
endfacet
facet normal -0.254 -0.609 -0.751
 outer loop
  vertex 1.284 2.888 3.82
  vertex 1.699 3.594 3.107
  vertex 1.4 2.827 3.83
 endloop
endfacet
facet normal -0.281 -0.598 -0.751
 outer loop
  vertex 1.699 3.594 3.107
  vertex 2.126 3.347 3.144
  vertex 1.4 2.827 3.83
 endloop
endfacet
facet normal -0.291 -0.588 -0.754
 outer loop
  vertex 1.4 2.827 3.83
  vertex 2.126 3.347 3.144
  vertex 1.626 2.689 3.85
 endloop
endfacet
facet normal -0.35 -0.549 -0.759
 outer loop
  vertex 1.626 2.689 3.85
  vertex 2.126 3.347 3.144
  vertex 1.942 2.45 3.878
 endloop
endfacet
facet normal -0.35 -0.549 -0.759
 outer loop
  vertex 1.942 2.45 3.878
  vertex 2.126 3.347 3.144
  vertex 2.519 3.049 3.178
 endloop
endfacet
facet normal -0.414 -0.494 -0.765
 outer loop
  vertex 1.942 2.45 3.878
  vertex 2.519 3.049 3.178
  vertex 2.226 2.173 3.902
 endloop
endfacet
facet normal -0.414 -0.494 -0.765
 outer loop
  vertex 2.226 2.173 3.902
  vertex 2.519 3.049 3.178
  vertex 2.872 2.705 3.209
 endloop
endfacet
facet normal -0.471 -0.431 -0.77
 outer loop
  vertex 2.226 2.173 3.902
  vertex 2.872 2.705 3.209
  vertex 2.474 1.864 3.924
 endloop
endfacet
facet normal -0.471 -0.431 -0.77
 outer loop
  vertex 2.474 1.864 3.924
  vertex 2.872 2.705 3.209
  vertex 3.181 2.32 3.236
 endloop
endfacet
facet normal -0.52 -0.362 -0.774
 outer loop
  vertex 2.474 1.864 3.924
  vertex 3.181 2.32 3.236
  vertex 2.683 1.526 3.942
 endloop
endfacet
facet normal -0.52 -0.362 -0.774
 outer loop
  vertex 2.683 1.526 3.942
  vertex 3.181 2.32 3.236
  vertex 3.44 1.9 3.259
 endloop
endfacet
facet normal -0.559 -0.288 -0.777
 outer loop
  vertex 2.683 1.526 3.942
  vertex 3.44 1.9 3.259
  vertex 2.848 1.165 3.957
 endloop
endfacet
facet normal -0.559 -0.288 -0.777
 outer loop
  vertex 2.848 1.165 3.957
  vertex 3.44 1.9 3.259
  vertex 3.646 1.45 3.277
 endloop
endfacet
facet normal -0.59 -0.209 -0.78
 outer loop
  vertex 2.848 1.165 3.957
  vertex 3.646 1.45 3.277
  vertex 2.968 0.787 3.967
 endloop
endfacet
facet normal -0.59 -0.209 -0.78
 outer loop
  vertex 2.968 0.787 3.967
  vertex 3.646 1.45 3.277
  vertex 3.796 0.979 3.29
 endloop
endfacet
facet normal -0.611 -0.126 -0.782
 outer loop
  vertex 2.968 0.787 3.967
  vertex 3.796 0.979 3.29
  vertex 3.041 0.396 3.974
 endloop
endfacet
facet normal -0.611 -0.126 -0.782
 outer loop
  vertex 3.041 0.396 3.974
  vertex 3.796 0.979 3.29
  vertex 3.886 0.493 3.298
 endloop
endfacet
facet normal -0.621 -0.042 -0.783
 outer loop
  vertex 3.041 0.396 3.974
  vertex 3.886 0.493 3.298
  vertex 3.065 0 3.976
 endloop
endfacet
facet normal -0.621 -0.042 -0.783
 outer loop
  vertex 3.065 0 3.976
  vertex 3.886 0.493 3.298
  vertex 3.916 -0 3.3
 endloop
endfacet
facet normal -0.621 0.042 -0.783
 outer loop
  vertex 3.065 0 3.976
  vertex 3.916 -0 3.3
  vertex 3.041 -0.396 3.974
 endloop
endfacet
facet normal -0.621 0.042 -0.783
 outer loop
  vertex 3.041 -0.396 3.974
  vertex 3.916 -0 3.3
  vertex 3.886 -0.493 3.298
 endloop
endfacet
facet normal -0.611 0.126 -0.782
 outer loop
  vertex 3.041 -0.396 3.974
  vertex 3.886 -0.493 3.298
  vertex 2.968 -0.787 3.967
 endloop
endfacet
facet normal -0.611 0.126 -0.782
 outer loop
  vertex 2.968 -0.787 3.967
  vertex 3.886 -0.493 3.298
  vertex 3.796 -0.979 3.29
 endloop
endfacet
facet normal -0.59 0.209 -0.78
 outer loop
  vertex 2.968 -0.787 3.967
  vertex 3.796 -0.979 3.29
  vertex 2.848 -1.165 3.957
 endloop
endfacet
facet normal -0.59 0.209 -0.78
 outer loop
  vertex 2.848 -1.165 3.957
  vertex 3.796 -0.979 3.29
  vertex 3.646 -1.45 3.277
 endloop
endfacet
facet normal -0.559 0.288 -0.777
 outer loop
  vertex 2.848 -1.165 3.957
  vertex 3.646 -1.45 3.277
  vertex 2.683 -1.526 3.942
 endloop
endfacet
facet normal -0.559 0.288 -0.777
 outer loop
  vertex 2.683 -1.526 3.942
  vertex 3.646 -1.45 3.277
  vertex 3.44 -1.9 3.259
 endloop
endfacet
facet normal -0.52 0.362 -0.774
 outer loop
  vertex 2.683 -1.526 3.942
  vertex 3.44 -1.9 3.259
  vertex 2.474 -1.864 3.924
 endloop
endfacet
facet normal -0.52 0.362 -0.774
 outer loop
  vertex 2.474 -1.864 3.924
  vertex 3.44 -1.9 3.259
  vertex 3.181 -2.32 3.236
 endloop
endfacet
facet normal -0.471 0.431 -0.77
 outer loop
  vertex 2.474 -1.864 3.924
  vertex 3.181 -2.32 3.236
  vertex 2.226 -2.173 3.902
 endloop
endfacet
facet normal -0.471 0.431 -0.77
 outer loop
  vertex 2.226 -2.173 3.902
  vertex 3.181 -2.32 3.236
  vertex 2.872 -2.705 3.209
 endloop
endfacet
facet normal -0.414 0.494 -0.765
 outer loop
  vertex 2.226 -2.173 3.902
  vertex 2.872 -2.705 3.209
  vertex 1.942 -2.45 3.878
 endloop
endfacet
facet normal -0.414 0.494 -0.765
 outer loop
  vertex 1.942 -2.45 3.878
  vertex 2.872 -2.705 3.209
  vertex 2.519 -3.049 3.178
 endloop
endfacet
facet normal -0.35 0.549 -0.759
 outer loop
  vertex 1.942 -2.45 3.878
  vertex 2.519 -3.049 3.178
  vertex 1.626 -2.689 3.85
 endloop
endfacet
facet normal -0.35 0.549 -0.759
 outer loop
  vertex 1.626 -2.689 3.85
  vertex 2.519 -3.049 3.178
  vertex 2.126 -3.347 3.144
 endloop
endfacet
facet normal -0.291 0.588 -0.754
 outer loop
  vertex 1.626 -2.689 3.85
  vertex 2.126 -3.347 3.144
  vertex 1.4 -2.827 3.83
 endloop
endfacet
facet normal -0.281 0.598 -0.751
 outer loop
  vertex 1.4 -2.827 3.83
  vertex 2.126 -3.347 3.144
  vertex 1.699 -3.594 3.107
 endloop
endfacet
facet normal -0.254 0.609 -0.751
 outer loop
  vertex 1.4 -2.827 3.83
  vertex 1.699 -3.594 3.107
  vertex 1.284 -2.888 3.82
 endloop
endfacet
facet normal -0.217 0.627 -0.748
 outer loop
  vertex 1.284 -2.888 3.82
  vertex 1.699 -3.594 3.107
  vertex 1.049 -2.994 3.799
 endloop
endfacet
facet normal -0.205 0.636 -0.744
 outer loop
  vertex 1.699 -3.594 3.107
  vertex 1.246 -3.787 3.067
  vertex 1.049 -2.994 3.799
 endloop
endfacet
facet normal -0.178 0.643 -0.745
 outer loop
  vertex 1.049 -2.994 3.799
  vertex 1.246 -3.787 3.067
  vertex 0.919 -3.043 3.788
 endloop
endfacet
facet normal -0.139 0.657 -0.741
 outer loop
  vertex 0.919 -3.043 3.788
  vertex 1.246 -3.787 3.067
  vertex 0.679 -3.117 3.767
 endloop
endfacet
facet normal -0.125 0.664 -0.737
 outer loop
  vertex 0.679 -3.117 3.767
  vertex 1.246 -3.787 3.067
  vertex 0.772 -3.922 3.025
 endloop
endfacet
facet normal -0.098 0.668 -0.738
 outer loop
  vertex 0.679 -3.117 3.767
  vertex 0.772 -3.922 3.025
  vertex 0.539 -3.151 3.755
 endloop
endfacet
facet normal -0.057 0.677 -0.734
 outer loop
  vertex 0.539 -3.151 3.755
  vertex 0.772 -3.922 3.025
  vertex 0.295 -3.195 3.733
 endloop
endfacet
facet normal -0.043 0.683 -0.73
 outer loop
  vertex 0.772 -3.922 3.025
  vertex 0.285 -3.998 2.983
  vertex 0.295 -3.195 3.733
 endloop
endfacet
facet normal -0.024 0.683 -0.73
 outer loop
  vertex 0.295 -3.195 3.733
  vertex 0.285 -3.998 2.983
  vertex 0.222 -3.204 3.727
 endloop
endfacet
facet normal 0.098 0.687 -0.72
 outer loop
  vertex -0.372 -3.204 3.688
  vertex -0.248 -3.214 3.696
  vertex -0.207 -4.013 2.94
 endloop
endfacet
facet normal 0.069 0.687 -0.723
 outer loop
  vertex -0.207 -4.013 2.94
  vertex -0.248 -3.214 3.696
  vertex -0.099 -3.218 3.706
 endloop
endfacet
facet normal 0.042 0.69 -0.722
 outer loop
  vertex -0.207 -4.013 2.94
  vertex -0.099 -3.218 3.706
  vertex 0.285 -3.998 2.983
 endloop
endfacet
facet normal 0.026 0.687 -0.727
 outer loop
  vertex 0.285 -3.998 2.983
  vertex -0.099 -3.218 3.706
  vertex 0.147 -3.211 3.722
 endloop
endfacet
facet normal -0.008 0.684 -0.73
 outer loop
  vertex 0.285 -3.998 2.983
  vertex 0.147 -3.211 3.722
  vertex 0.222 -3.204 3.727
 endloop
endfacet
facet normal 0.124 0.687 -0.716
 outer loop
  vertex -0.372 -3.204 3.688
  vertex -0.207 -4.013 2.94
  vertex -0.495 -3.194 3.677
 endloop
endfacet
facet normal 0.127 0.688 -0.715
 outer loop
  vertex -0.495 -3.194 3.677
  vertex -0.207 -4.013 2.94
  vertex -0.697 -3.968 2.897
 endloop
endfacet
facet normal 0.153 0.682 -0.716
 outer loop
  vertex -0.495 -3.194 3.677
  vertex -0.697 -3.968 2.897
  vertex -0.641 -3.174 3.665
 endloop
endfacet
facet normal 0.195 0.675 -0.712
 outer loop
  vertex -0.641 -3.174 3.665
  vertex -0.697 -3.968 2.897
  vertex -0.886 -3.126 3.643
 endloop
endfacet
facet normal 0.21 0.675 -0.708
 outer loop
  vertex -0.697 -3.968 2.897
  vertex -1.178 -3.862 2.855
  vertex -0.886 -3.126 3.643
 endloop
endfacet
facet normal 0.236 0.665 -0.708
 outer loop
  vertex -0.886 -3.126 3.643
  vertex -1.178 -3.862 2.855
  vertex -1.026 -3.09 3.631
 endloop
endfacet
facet normal 0.277 0.653 -0.705
 outer loop
  vertex -1.026 -3.09 3.631
  vertex -1.178 -3.862 2.855
  vertex -1.268 -3.01 3.61
 endloop
endfacet
facet normal 0.292 0.651 -0.701
 outer loop
  vertex -1.268 -3.01 3.61
  vertex -1.178 -3.862 2.855
  vertex -1.643 -3.698 2.814
 endloop
endfacet
facet normal 0.317 0.639 -0.701
 outer loop
  vertex -1.268 -3.01 3.61
  vertex -1.643 -3.698 2.814
  vertex -1.397 -2.958 3.599
 endloop
endfacet
facet normal 0.369 0.616 -0.696
 outer loop
  vertex -1.397 -2.958 3.599
  vertex -1.643 -3.698 2.814
  vertex -1.75 -2.782 3.568
 endloop
endfacet
facet normal 0.369 0.616 -0.696
 outer loop
  vertex -1.643 -3.698 2.814
  vertex -2.084 -3.477 2.776
  vertex -1.75 -2.782 3.568
 endloop
endfacet
facet normal 0.442 0.574 -0.69
 outer loop
  vertex -1.75 -2.782 3.568
  vertex -2.084 -3.477 2.776
  vertex -2.078 -2.563 3.539
 endloop
endfacet
facet normal 0.442 0.574 -0.69
 outer loop
  vertex -2.084 -3.477 2.776
  vertex -2.494 -3.204 2.74
  vertex -2.078 -2.563 3.539
 endloop
endfacet
facet normal 0.509 0.523 -0.684
 outer loop
  vertex -2.078 -2.563 3.539
  vertex -2.494 -3.204 2.74
  vertex -2.378 -2.306 3.513
 endloop
endfacet
facet normal 0.509 0.523 -0.684
 outer loop
  vertex -2.494 -3.204 2.74
  vertex -2.868 -2.883 2.707
  vertex -2.378 -2.306 3.513
 endloop
endfacet
facet normal 0.57 0.464 -0.679
 outer loop
  vertex -2.378 -2.306 3.513
  vertex -2.868 -2.883 2.707
  vertex -2.643 -2.014 3.49
 endloop
endfacet
facet normal 0.57 0.464 -0.679
 outer loop
  vertex -2.868 -2.883 2.707
  vertex -3.2 -2.517 2.678
  vertex -2.643 -2.014 3.49
 endloop
endfacet
facet normal 0.623 0.398 -0.674
 outer loop
  vertex -2.643 -2.014 3.49
  vertex -3.2 -2.517 2.678
  vertex -2.871 -1.691 3.47
 endloop
endfacet
facet normal 0.623 0.398 -0.674
 outer loop
  vertex -3.2 -2.517 2.678
  vertex -3.485 -2.114 2.653
  vertex -2.871 -1.691 3.47
 endloop
endfacet
facet normal 0.667 0.326 -0.67
 outer loop
  vertex -2.871 -1.691 3.47
  vertex -3.485 -2.114 2.653
  vertex -3.057 -1.343 3.453
 endloop
endfacet
facet normal 0.667 0.326 -0.67
 outer loop
  vertex -3.485 -2.114 2.653
  vertex -3.718 -1.678 2.633
  vertex -3.057 -1.343 3.453
 endloop
endfacet
facet normal 0.702 0.249 -0.667
 outer loop
  vertex -3.057 -1.343 3.453
  vertex -3.718 -1.678 2.633
  vertex -3.199 -0.974 3.441
 endloop
endfacet
facet normal 0.702 0.249 -0.667
 outer loop
  vertex -3.718 -1.678 2.633
  vertex -3.895 -1.217 2.617
  vertex -3.199 -0.974 3.441
 endloop
endfacet
facet normal 0.728 0.168 -0.665
 outer loop
  vertex -3.199 -0.974 3.441
  vertex -3.895 -1.217 2.617
  vertex -3.295 -0.59 3.432
 endloop
endfacet
facet normal 0.728 0.168 -0.665
 outer loop
  vertex -3.895 -1.217 2.617
  vertex -4.016 -0.738 2.607
  vertex -3.295 -0.59 3.432
 endloop
endfacet
facet normal 0.743 0.085 -0.663
 outer loop
  vertex -3.295 -0.59 3.432
  vertex -4.016 -0.738 2.607
  vertex -3.344 -0.198 3.428
 endloop
endfacet
facet normal 0.029 -0.681 0.732
 outer loop
  vertex -0.494 3.188 1.964
  vertex -0.372 3.204 1.975
  vertex -0.68 3.968 2.698
 endloop
endfacet
facet normal 0.003 -0.687 0.727
 outer loop
  vertex -0.68 3.968 2.698
  vertex -0.372 3.204 1.975
  vertex -0.248 3.214 1.983
 endloop
endfacet
facet normal 0 -0.688 0.726
 outer loop
  vertex -0.68 3.968 2.698
  vertex -0.248 3.214 1.983
  vertex -0.189 4.013 2.741
 endloop
endfacet
facet normal -0.026 -0.686 0.727
 outer loop
  vertex -0.189 4.013 2.741
  vertex -0.248 3.214 1.983
  vertex -0.099 3.218 1.993
 endloop
endfacet
facet normal -0.069 -0.688 0.723
 outer loop
  vertex -0.189 4.013 2.741
  vertex -0.099 3.218 1.993
  vertex 0.147 3.211 2.009
 endloop
endfacet
facet normal -0.084 -0.69 0.719
 outer loop
  vertex -0.189 4.013 2.741
  vertex 0.147 3.211 2.009
  vertex 0.303 3.998 2.784
 endloop
endfacet
facet normal -0.103 -0.687 0.719
 outer loop
  vertex 0.303 3.998 2.784
  vertex 0.147 3.211 2.009
  vertex 0.222 3.204 2.014
 endloop
endfacet
facet normal -0.119 -0.685 0.719
 outer loop
  vertex 0.303 3.998 2.784
  vertex 0.222 3.204 2.014
  vertex 0.295 3.199 2.02
 endloop
endfacet
facet normal -0.153 -0.682 0.715
 outer loop
  vertex 0.295 3.199 2.02
  vertex 0.541 3.166 2.042
  vertex 0.303 3.998 2.784
 endloop
endfacet
facet normal -0.169 -0.682 0.711
 outer loop
  vertex 0.303 3.998 2.784
  vertex 0.541 3.166 2.042
  vertex 0.789 3.922 2.826
 endloop
endfacet
facet normal -0.194 -0.675 0.712
 outer loop
  vertex 0.541 3.166 2.042
  vertex 0.685 3.138 2.054
  vertex 0.789 3.922 2.826
 endloop
endfacet
facet normal -0.236 -0.665 0.708
 outer loop
  vertex 0.789 3.922 2.826
  vertex 0.685 3.138 2.054
  vertex 0.929 3.074 2.075
 endloop
endfacet
facet normal -0.251 -0.664 0.704
 outer loop
  vertex 0.789 3.922 2.826
  vertex 0.929 3.074 2.075
  vertex 1.263 3.787 2.868
 endloop
endfacet
facet normal -0.277 -0.653 0.705
 outer loop
  vertex 1.263 3.787 2.868
  vertex 0.929 3.074 2.075
  vertex 1.064 3.03 2.087
 endloop
endfacet
facet normal -0.317 -0.639 0.701
 outer loop
  vertex 1.263 3.787 2.868
  vertex 1.064 3.03 2.087
  vertex 1.304 2.933 2.108
 endloop
endfacet
facet normal -0.331 -0.636 0.697
 outer loop
  vertex 1.263 3.787 2.868
  vertex 1.304 2.933 2.108
  vertex 1.717 3.594 2.907
 endloop
endfacet
facet normal -0.356 -0.622 0.698
 outer loop
  vertex 1.717 3.594 2.907
  vertex 1.304 2.933 2.108
  vertex 1.426 2.875 2.119
 endloop
endfacet
facet normal -0.406 -0.596 0.693
 outer loop
  vertex 1.717 3.594 2.907
  vertex 1.426 2.875 2.119
  vertex 2.143 3.347 2.945
 endloop
endfacet
facet normal -0.406 -0.596 0.693
 outer loop
  vertex 2.143 3.347 2.945
  vertex 1.426 2.875 2.119
  vertex 1.768 2.678 2.149
 endloop
endfacet
facet normal -0.476 -0.549 0.687
 outer loop
  vertex 2.143 3.347 2.945
  vertex 1.768 2.678 2.149
  vertex 2.536 3.049 2.979
 endloop
endfacet
facet normal -0.476 -0.549 0.687
 outer loop
  vertex 2.536 3.049 2.979
  vertex 1.768 2.678 2.149
  vertex 2.082 2.439 2.176
 endloop
endfacet
facet normal -0.54 -0.494 0.681
 outer loop
  vertex 2.536 3.049 2.979
  vertex 2.082 2.439 2.176
  vertex 2.89 2.705 3.01
 endloop
endfacet
facet normal -0.54 -0.494 0.681
 outer loop
  vertex 2.89 2.705 3.01
  vertex 2.082 2.439 2.176
  vertex 2.365 2.164 2.201
 endloop
endfacet
facet normal -0.597 -0.431 0.676
 outer loop
  vertex 2.89 2.705 3.01
  vertex 2.365 2.164 2.201
  vertex 3.199 2.32 3.037
 endloop
endfacet
facet normal -0.597 -0.431 0.676
 outer loop
  vertex 3.199 2.32 3.037
  vertex 2.365 2.164 2.201
  vertex 2.612 1.856 2.223
 endloop
endfacet
facet normal -0.646 -0.362 0.672
 outer loop
  vertex 3.199 2.32 3.037
  vertex 2.612 1.856 2.223
  vertex 3.458 1.9 3.06
 endloop
endfacet
facet normal -0.646 -0.362 0.672
 outer loop
  vertex 3.458 1.9 3.06
  vertex 2.612 1.856 2.223
  vertex 2.819 1.52 2.241
 endloop
endfacet
facet normal -0.686 -0.288 0.668
 outer loop
  vertex 3.458 1.9 3.06
  vertex 2.819 1.52 2.241
  vertex 3.664 1.45 3.078
 endloop
endfacet
facet normal -0.686 -0.288 0.668
 outer loop
  vertex 3.664 1.45 3.078
  vertex 2.819 1.52 2.241
  vertex 2.984 1.16 2.255
 endloop
endfacet
facet normal -0.716 -0.209 0.666
 outer loop
  vertex 3.664 1.45 3.078
  vertex 2.984 1.16 2.255
  vertex 3.813 0.979 3.091
 endloop
endfacet
facet normal -0.716 -0.209 0.666
 outer loop
  vertex 3.813 0.979 3.091
  vertex 2.984 1.16 2.255
  vertex 3.103 0.784 2.266
 endloop
endfacet
facet normal -0.737 -0.126 0.664
 outer loop
  vertex 3.813 0.979 3.091
  vertex 3.103 0.784 2.266
  vertex 3.903 0.493 3.099
 endloop
endfacet
facet normal -0.737 -0.126 0.664
 outer loop
  vertex 3.903 0.493 3.099
  vertex 3.103 0.784 2.266
  vertex 3.176 0.395 2.272
 endloop
endfacet
facet normal -0.747 -0.042 0.663
 outer loop
  vertex 3.903 0.493 3.099
  vertex 3.176 0.395 2.272
  vertex 3.934 -0 3.101
 endloop
endfacet
facet normal -0.747 -0.042 0.663
 outer loop
  vertex 3.934 -0 3.101
  vertex 3.176 0.395 2.272
  vertex 3.2 -0 2.274
 endloop
endfacet
facet normal -0.747 0.042 0.663
 outer loop
  vertex 3.934 -0 3.101
  vertex 3.2 -0 2.274
  vertex 3.903 -0.493 3.099
 endloop
endfacet
facet normal -0.747 0.042 0.663
 outer loop
  vertex 3.903 -0.493 3.099
  vertex 3.2 -0 2.274
  vertex 3.176 -0.395 2.272
 endloop
endfacet
facet normal -0.737 0.126 0.664
 outer loop
  vertex 3.903 -0.493 3.099
  vertex 3.176 -0.395 2.272
  vertex 3.813 -0.979 3.091
 endloop
endfacet
facet normal -0.737 0.126 0.664
 outer loop
  vertex 3.813 -0.979 3.091
  vertex 3.176 -0.395 2.272
  vertex 3.103 -0.784 2.266
 endloop
endfacet
facet normal -0.716 0.209 0.666
 outer loop
  vertex 3.813 -0.979 3.091
  vertex 3.103 -0.784 2.266
  vertex 3.664 -1.45 3.078
 endloop
endfacet
facet normal -0.716 0.209 0.666
 outer loop
  vertex 3.664 -1.45 3.078
  vertex 3.103 -0.784 2.266
  vertex 2.984 -1.16 2.255
 endloop
endfacet
facet normal -0.686 0.288 0.668
 outer loop
  vertex 3.664 -1.45 3.078
  vertex 2.984 -1.16 2.255
  vertex 3.458 -1.9 3.06
 endloop
endfacet
facet normal -0.686 0.288 0.668
 outer loop
  vertex 3.458 -1.9 3.06
  vertex 2.984 -1.16 2.255
  vertex 2.819 -1.52 2.241
 endloop
endfacet
facet normal -0.646 0.362 0.672
 outer loop
  vertex 3.458 -1.9 3.06
  vertex 2.819 -1.52 2.241
  vertex 3.199 -2.32 3.037
 endloop
endfacet
facet normal -0.646 0.362 0.672
 outer loop
  vertex 3.199 -2.32 3.037
  vertex 2.819 -1.52 2.241
  vertex 2.612 -1.856 2.223
 endloop
endfacet
facet normal -0.597 0.431 0.676
 outer loop
  vertex 3.199 -2.32 3.037
  vertex 2.612 -1.856 2.223
  vertex 2.89 -2.705 3.01
 endloop
endfacet
facet normal -0.597 0.431 0.676
 outer loop
  vertex 2.89 -2.705 3.01
  vertex 2.612 -1.856 2.223
  vertex 2.365 -2.164 2.201
 endloop
endfacet
facet normal -0.54 0.494 0.681
 outer loop
  vertex 2.89 -2.705 3.01
  vertex 2.365 -2.164 2.201
  vertex 2.536 -3.049 2.979
 endloop
endfacet
facet normal -0.54 0.494 0.681
 outer loop
  vertex 2.536 -3.049 2.979
  vertex 2.365 -2.164 2.201
  vertex 2.082 -2.439 2.176
 endloop
endfacet
facet normal -0.476 0.549 0.687
 outer loop
  vertex 2.536 -3.049 2.979
  vertex 2.082 -2.439 2.176
  vertex 2.143 -3.347 2.945
 endloop
endfacet
facet normal -0.476 0.549 0.687
 outer loop
  vertex 2.143 -3.347 2.945
  vertex 2.082 -2.439 2.176
  vertex 1.768 -2.678 2.149
 endloop
endfacet
facet normal -0.406 0.596 0.693
 outer loop
  vertex 2.143 -3.347 2.945
  vertex 1.768 -2.678 2.149
  vertex 1.717 -3.594 2.907
 endloop
endfacet
facet normal -0.406 0.596 0.693
 outer loop
  vertex 1.717 -3.594 2.907
  vertex 1.768 -2.678 2.149
  vertex 1.426 -2.875 2.119
 endloop
endfacet
facet normal -0.356 0.622 0.698
 outer loop
  vertex 1.717 -3.594 2.907
  vertex 1.426 -2.875 2.119
  vertex 1.304 -2.933 2.108
 endloop
endfacet
facet normal -0.331 0.636 0.697
 outer loop
  vertex 1.717 -3.594 2.907
  vertex 1.304 -2.933 2.108
  vertex 1.263 -3.787 2.868
 endloop
endfacet
facet normal -0.317 0.639 0.701
 outer loop
  vertex 1.263 -3.787 2.868
  vertex 1.304 -2.933 2.108
  vertex 1.064 -3.03 2.087
 endloop
endfacet
facet normal -0.277 0.653 0.705
 outer loop
  vertex 1.263 -3.787 2.868
  vertex 1.064 -3.03 2.087
  vertex 0.929 -3.074 2.075
 endloop
endfacet
facet normal -0.251 0.664 0.704
 outer loop
  vertex 1.263 -3.787 2.868
  vertex 0.929 -3.074 2.075
  vertex 0.789 -3.922 2.826
 endloop
endfacet
facet normal -0.236 0.665 0.708
 outer loop
  vertex 0.789 -3.922 2.826
  vertex 0.929 -3.074 2.075
  vertex 0.685 -3.138 2.054
 endloop
endfacet
facet normal -0.194 0.675 0.712
 outer loop
  vertex 0.789 -3.922 2.826
  vertex 0.685 -3.138 2.054
  vertex 0.541 -3.166 2.042
 endloop
endfacet
facet normal -0.169 0.682 0.711
 outer loop
  vertex 0.789 -3.922 2.826
  vertex 0.541 -3.166 2.042
  vertex 0.303 -3.998 2.784
 endloop
endfacet
facet normal -0.153 0.682 0.715
 outer loop
  vertex 0.303 -3.998 2.784
  vertex 0.541 -3.166 2.042
  vertex 0.295 -3.199 2.02
 endloop
endfacet
facet normal -0.119 0.685 0.719
 outer loop
  vertex 0.303 -3.998 2.784
  vertex 0.295 -3.199 2.02
  vertex 0.222 -3.204 2.014
 endloop
endfacet
facet normal -0.103 0.687 0.719
 outer loop
  vertex 0.222 -3.204 2.014
  vertex 0.147 -3.211 2.009
  vertex 0.303 -3.998 2.784
 endloop
endfacet
facet normal -0.084 0.69 0.719
 outer loop
  vertex 0.303 -3.998 2.784
  vertex 0.147 -3.211 2.009
  vertex -0.189 -4.013 2.741
 endloop
endfacet
facet normal -0.069 0.688 0.723
 outer loop
  vertex 0.147 -3.211 2.009
  vertex -0.099 -3.218 1.993
  vertex -0.189 -4.013 2.741
 endloop
endfacet
facet normal -0.026 0.686 0.727
 outer loop
  vertex -0.189 -4.013 2.741
  vertex -0.099 -3.218 1.993
  vertex -0.248 -3.214 1.983
 endloop
endfacet
facet normal 0 0.688 0.726
 outer loop
  vertex -0.189 -4.013 2.741
  vertex -0.248 -3.214 1.983
  vertex -0.68 -3.968 2.698
 endloop
endfacet
facet normal 0.003 0.687 0.727
 outer loop
  vertex -0.68 -3.968 2.698
  vertex -0.248 -3.214 1.983
  vertex -0.372 -3.204 1.975
 endloop
endfacet
facet normal 0.029 0.681 0.732
 outer loop
  vertex -0.68 -3.968 2.698
  vertex -0.372 -3.204 1.975
  vertex -0.494 -3.188 1.964
 endloop
endfacet
facet normal 0.057 0.677 0.734
 outer loop
  vertex -0.494 -3.188 1.964
  vertex -0.638 -3.162 1.951
  vertex -0.68 -3.968 2.698
 endloop
endfacet
facet normal 0.084 0.675 0.733
 outer loop
  vertex -0.68 -3.968 2.698
  vertex -0.638 -3.162 1.951
  vertex -1.161 -3.862 2.656
 endloop
endfacet
facet normal 0.098 0.668 0.737
 outer loop
  vertex -0.638 -3.162 1.951
  vertex -0.881 -3.103 1.93
  vertex -1.161 -3.862 2.656
 endloop
endfacet
facet normal 0.139 0.657 0.741
 outer loop
  vertex -1.161 -3.862 2.656
  vertex -0.881 -3.103 1.93
  vertex -1.016 -3.061 1.918
 endloop
endfacet
facet normal 0.166 0.651 0.74
 outer loop
  vertex -1.161 -3.862 2.656
  vertex -1.016 -3.061 1.918
  vertex -1.625 -3.698 2.615
 endloop
endfacet
facet normal 0.179 0.643 0.744
 outer loop
  vertex -1.625 -3.698 2.615
  vertex -1.016 -3.061 1.918
  vertex -1.254 -2.971 1.898
 endloop
endfacet
facet normal 0.217 0.627 0.748
 outer loop
  vertex -1.625 -3.698 2.615
  vertex -1.254 -2.971 1.898
  vertex -1.377 -2.915 1.887
 endloop
endfacet
facet normal 0.244 0.618 0.747
 outer loop
  vertex -1.625 -3.698 2.615
  vertex -1.377 -2.915 1.887
  vertex -2.066 -3.477 2.576
 endloop
endfacet
facet normal 0.255 0.609 0.751
 outer loop
  vertex -2.066 -3.477 2.576
  vertex -1.377 -2.915 1.887
  vertex -1.608 -2.794 1.867
 endloop
endfacet
facet normal 0.315 0.574 0.756
 outer loop
  vertex -2.066 -3.477 2.576
  vertex -1.608 -2.794 1.867
  vertex -2.477 -3.204 2.54
 endloop
endfacet
facet normal 0.315 0.574 0.756
 outer loop
  vertex -2.477 -3.204 2.54
  vertex -1.608 -2.794 1.867
  vertex -1.938 -2.574 1.838
 endloop
endfacet
facet normal 0.383 0.523 0.762
 outer loop
  vertex -2.477 -3.204 2.54
  vertex -1.938 -2.574 1.838
  vertex -2.851 -2.883 2.508
 endloop
endfacet
facet normal 0.383 0.523 0.762
 outer loop
  vertex -2.851 -2.883 2.508
  vertex -1.938 -2.574 1.838
  vertex -2.238 -2.316 1.811
 endloop
endfacet
facet normal 0.443 0.464 0.767
 outer loop
  vertex -2.851 -2.883 2.508
  vertex -2.238 -2.316 1.811
  vertex -3.183 -2.517 2.479
 endloop
endfacet
facet normal 0.443 0.464 0.767
 outer loop
  vertex -3.183 -2.517 2.479
  vertex -2.238 -2.316 1.811
  vertex -2.505 -2.022 1.788
 endloop
endfacet
facet normal 0.496 0.398 0.772
 outer loop
  vertex -3.183 -2.517 2.479
  vertex -2.505 -2.022 1.788
  vertex -3.467 -2.114 2.454
 endloop
endfacet
facet normal 0.496 0.398 0.772
 outer loop
  vertex -3.467 -2.114 2.454
  vertex -2.505 -2.022 1.788
  vertex -2.734 -1.698 1.768
 endloop
endfacet
facet normal 0.541 0.326 0.776
 outer loop
  vertex -3.467 -2.114 2.454
  vertex -2.734 -1.698 1.768
  vertex -3.7 -1.678 2.433
 endloop
endfacet
facet normal 0.541 0.326 0.776
 outer loop
  vertex -3.7 -1.678 2.433
  vertex -2.734 -1.698 1.768
  vertex -2.921 -1.348 1.752
 endloop
endfacet
facet normal 0.576 0.249 0.779
 outer loop
  vertex -3.7 -1.678 2.433
  vertex -2.921 -1.348 1.752
  vertex -3.878 -1.217 2.418
 endloop
endfacet
facet normal 0.576 0.249 0.779
 outer loop
  vertex -3.878 -1.217 2.418
  vertex -2.921 -1.348 1.752
  vertex -3.064 -0.978 1.739
 endloop
endfacet
facet normal 0.601 0.168 0.781
 outer loop
  vertex -3.878 -1.217 2.418
  vertex -3.064 -0.978 1.739
  vertex -3.998 -0.738 2.407
 endloop
endfacet
facet normal 0.601 0.168 0.781
 outer loop
  vertex -3.998 -0.738 2.407
  vertex -3.064 -0.978 1.739
  vertex -3.16 -0.593 1.731
 endloop
endfacet
facet normal 0.617 0.085 0.782
 outer loop
  vertex -3.998 -0.738 2.407
  vertex -3.16 -0.593 1.731
  vertex -4.059 -0.247 2.402
 endloop
endfacet
facet normal 0.617 0.085 0.782
 outer loop
  vertex -4.059 -0.247 2.402
  vertex -3.16 -0.593 1.731
  vertex -3.209 -0.199 1.727
 endloop
endfacet
facet normal 0.621 0.021 0.783
 outer loop
  vertex -4.059 -0.247 2.402
  vertex -3.209 -0.199 1.727
  vertex -4.066 0 2.401
 endloop
endfacet
facet normal 0.618 0 0.786
 outer loop
  vertex -4.066 0 2.401
  vertex -3.209 -0.199 1.727
  vertex -3.209 0.199 1.727
 endloop
endfacet
facet normal 0.621 -0.021 0.783
 outer loop
  vertex -4.066 0 2.401
  vertex -3.209 0.199 1.727
  vertex -4.059 0.247 2.402
 endloop
endfacet
facet normal 0.617 -0.085 0.782
 outer loop
  vertex -4.059 0.247 2.402
  vertex -3.209 0.199 1.727
  vertex -3.998 0.738 2.407
 endloop
endfacet
facet normal 0.617 -0.085 0.782
 outer loop
  vertex -3.209 0.199 1.727
  vertex -3.16 0.593 1.731
  vertex -3.998 0.738 2.407
 endloop
endfacet
facet normal 0.601 -0.168 0.781
 outer loop
  vertex -3.998 0.738 2.407
  vertex -3.16 0.593 1.731
  vertex -3.878 1.217 2.418
 endloop
endfacet
facet normal 0.601 -0.168 0.781
 outer loop
  vertex -3.16 0.593 1.731
  vertex -3.064 0.978 1.739
  vertex -3.878 1.217 2.418
 endloop
endfacet
facet normal 0.576 -0.249 0.779
 outer loop
  vertex -3.878 1.217 2.418
  vertex -3.064 0.978 1.739
  vertex -3.7 1.678 2.433
 endloop
endfacet
facet normal 0.576 -0.249 0.779
 outer loop
  vertex -3.064 0.978 1.739
  vertex -2.921 1.348 1.752
  vertex -3.7 1.678 2.433
 endloop
endfacet
facet normal 0.541 -0.326 0.776
 outer loop
  vertex -3.7 1.678 2.433
  vertex -2.921 1.348 1.752
  vertex -3.467 2.114 2.454
 endloop
endfacet
facet normal 0.541 -0.326 0.776
 outer loop
  vertex -2.921 1.348 1.752
  vertex -2.734 1.698 1.768
  vertex -3.467 2.114 2.454
 endloop
endfacet
facet normal 0.496 -0.398 0.772
 outer loop
  vertex -3.467 2.114 2.454
  vertex -2.734 1.698 1.768
  vertex -3.183 2.517 2.479
 endloop
endfacet
facet normal 0.496 -0.398 0.772
 outer loop
  vertex -2.734 1.698 1.768
  vertex -2.505 2.022 1.788
  vertex -3.183 2.517 2.479
 endloop
endfacet
facet normal 0.443 -0.464 0.767
 outer loop
  vertex -3.183 2.517 2.479
  vertex -2.505 2.022 1.788
  vertex -2.851 2.883 2.508
 endloop
endfacet
facet normal 0.443 -0.464 0.767
 outer loop
  vertex -2.505 2.022 1.788
  vertex -2.238 2.316 1.811
  vertex -2.851 2.883 2.508
 endloop
endfacet
facet normal 0.383 -0.523 0.762
 outer loop
  vertex -2.851 2.883 2.508
  vertex -2.238 2.316 1.811
  vertex -2.477 3.204 2.54
 endloop
endfacet
facet normal 0.383 -0.523 0.762
 outer loop
  vertex -2.238 2.316 1.811
  vertex -1.938 2.574 1.838
  vertex -2.477 3.204 2.54
 endloop
endfacet
facet normal 0.315 -0.574 0.756
 outer loop
  vertex -2.477 3.204 2.54
  vertex -1.938 2.574 1.838
  vertex -2.066 3.477 2.576
 endloop
endfacet
facet normal 0.315 -0.574 0.756
 outer loop
  vertex -1.938 2.574 1.838
  vertex -1.608 2.794 1.867
  vertex -2.066 3.477 2.576
 endloop
endfacet
facet normal 0.255 -0.609 0.751
 outer loop
  vertex -2.066 3.477 2.576
  vertex -1.608 2.794 1.867
  vertex -1.377 2.915 1.887
 endloop
endfacet
facet normal 0.244 -0.618 0.747
 outer loop
  vertex -2.066 3.477 2.576
  vertex -1.377 2.915 1.887
  vertex -1.625 3.698 2.615
 endloop
endfacet
facet normal 0.217 -0.627 0.748
 outer loop
  vertex -1.625 3.698 2.615
  vertex -1.377 2.915 1.887
  vertex -1.254 2.971 1.898
 endloop
endfacet
facet normal 0.179 -0.643 0.744
 outer loop
  vertex -1.625 3.698 2.615
  vertex -1.254 2.971 1.898
  vertex -1.016 3.061 1.918
 endloop
endfacet
facet normal 0.166 -0.651 0.74
 outer loop
  vertex -1.625 3.698 2.615
  vertex -1.016 3.061 1.918
  vertex -1.161 3.862 2.656
 endloop
endfacet
facet normal 0.139 -0.657 0.741
 outer loop
  vertex -1.161 3.862 2.656
  vertex -1.016 3.061 1.918
  vertex -0.881 3.103 1.93
 endloop
endfacet
facet normal 0.098 -0.668 0.737
 outer loop
  vertex -1.161 3.862 2.656
  vertex -0.881 3.103 1.93
  vertex -0.638 3.162 1.951
 endloop
endfacet
facet normal 0.084 -0.675 0.733
 outer loop
  vertex -1.161 3.862 2.656
  vertex -0.638 3.162 1.951
  vertex -0.68 3.968 2.698
 endloop
endfacet
facet normal 0.057 -0.677 0.734
 outer loop
  vertex -0.68 3.968 2.698
  vertex -0.638 3.162 1.951
  vertex -0.494 3.188 1.964
 endloop
endfacet
facet normal 0.996 0.031 0.087
 outer loop
  vertex -4.076 -0.247 2.601
  vertex -4.059 -0.247 2.402
  vertex -4.084 0 2.601
 endloop
endfacet
facet normal 0.996 0.031 0.087
 outer loop
  vertex -4.084 0 2.601
  vertex -4.059 -0.247 2.402
  vertex -4.066 0 2.401
 endloop
endfacet
facet normal 0.996 -0.031 0.087
 outer loop
  vertex -4.084 0 2.601
  vertex -4.066 0 2.401
  vertex -4.076 0.247 2.601
 endloop
endfacet
facet normal 0.996 -0.031 0.087
 outer loop
  vertex -4.076 0.247 2.601
  vertex -4.066 0 2.401
  vertex -4.059 0.247 2.402
 endloop
endfacet
facet normal 0.989 -0.123 0.086
 outer loop
  vertex -4.076 0.247 2.601
  vertex -4.059 0.247 2.402
  vertex -4.016 0.738 2.607
 endloop
endfacet
facet normal 0.989 -0.123 0.086
 outer loop
  vertex -4.016 0.738 2.607
  vertex -4.059 0.247 2.402
  vertex -3.998 0.738 2.407
 endloop
endfacet
facet normal 0.966 -0.244 0.085
 outer loop
  vertex -4.016 0.738 2.607
  vertex -3.998 0.738 2.407
  vertex -3.895 1.217 2.617
 endloop
endfacet
facet normal 0.966 -0.244 0.085
 outer loop
  vertex -3.895 1.217 2.617
  vertex -3.998 0.738 2.407
  vertex -3.878 1.217 2.418
 endloop
endfacet
facet normal 0.929 -0.361 0.081
 outer loop
  vertex -3.895 1.217 2.617
  vertex -3.878 1.217 2.418
  vertex -3.718 1.678 2.633
 endloop
endfacet
facet normal 0.929 -0.361 0.081
 outer loop
  vertex -3.718 1.678 2.633
  vertex -3.878 1.217 2.418
  vertex -3.7 1.678 2.433
 endloop
endfacet
facet normal 0.878 -0.473 0.077
 outer loop
  vertex -3.718 1.678 2.633
  vertex -3.7 1.678 2.433
  vertex -3.485 2.114 2.653
 endloop
endfacet
facet normal 0.878 -0.473 0.077
 outer loop
  vertex -3.485 2.114 2.653
  vertex -3.7 1.678 2.433
  vertex -3.467 2.114 2.454
 endloop
endfacet
facet normal 0.813 -0.578 0.071
 outer loop
  vertex -3.485 2.114 2.653
  vertex -3.467 2.114 2.454
  vertex -3.2 2.517 2.678
 endloop
endfacet
facet normal 0.813 -0.578 0.071
 outer loop
  vertex -3.2 2.517 2.678
  vertex -3.467 2.114 2.454
  vertex -3.183 2.517 2.479
 endloop
endfacet
facet normal 0.736 -0.674 0.064
 outer loop
  vertex -3.2 2.517 2.678
  vertex -3.183 2.517 2.479
  vertex -2.868 2.883 2.707
 endloop
endfacet
facet normal 0.736 -0.674 0.064
 outer loop
  vertex -2.868 2.883 2.707
  vertex -3.183 2.517 2.479
  vertex -2.851 2.883 2.508
 endloop
endfacet
facet normal 0.648 -0.759 0.057
 outer loop
  vertex -2.868 2.883 2.707
  vertex -2.851 2.883 2.508
  vertex -2.494 3.204 2.74
 endloop
endfacet
facet normal 0.648 -0.759 0.057
 outer loop
  vertex -2.494 3.204 2.74
  vertex -2.851 2.883 2.508
  vertex -2.477 3.204 2.54
 endloop
endfacet
facet normal 0.55 -0.834 0.048
 outer loop
  vertex -2.494 3.204 2.74
  vertex -2.477 3.204 2.54
  vertex -2.084 3.477 2.776
 endloop
endfacet
facet normal 0.55 -0.834 0.048
 outer loop
  vertex -2.084 3.477 2.776
  vertex -2.477 3.204 2.54
  vertex -2.066 3.477 2.576
 endloop
endfacet
facet normal 0.444 -0.895 0.039
 outer loop
  vertex -2.084 3.477 2.776
  vertex -2.066 3.477 2.576
  vertex -1.643 3.698 2.814
 endloop
endfacet
facet normal 0.444 -0.895 0.039
 outer loop
  vertex -1.643 3.698 2.814
  vertex -2.066 3.477 2.576
  vertex -1.625 3.698 2.615
 endloop
endfacet
facet normal 0.331 -0.943 0.029
 outer loop
  vertex -1.643 3.698 2.814
  vertex -1.625 3.698 2.615
  vertex -1.178 3.862 2.855
 endloop
endfacet
facet normal 0.331 -0.943 0.029
 outer loop
  vertex -1.178 3.862 2.855
  vertex -1.625 3.698 2.615
  vertex -1.161 3.862 2.656
 endloop
endfacet
facet normal 0.213 -0.977 0.019
 outer loop
  vertex -1.178 3.862 2.855
  vertex -1.161 3.862 2.656
  vertex -0.697 3.968 2.897
 endloop
endfacet
facet normal 0.213 -0.977 0.019
 outer loop
  vertex -0.697 3.968 2.897
  vertex -1.161 3.862 2.656
  vertex -0.68 3.968 2.698
 endloop
endfacet
facet normal 0.092 -0.996 0.008
 outer loop
  vertex -0.697 3.968 2.897
  vertex -0.68 3.968 2.698
  vertex -0.207 4.013 2.94
 endloop
endfacet
facet normal 0.092 -0.996 0.008
 outer loop
  vertex -0.207 4.013 2.94
  vertex -0.68 3.968 2.698
  vertex -0.189 4.013 2.741
 endloop
endfacet
facet normal -0.031 -1 -0.003
 outer loop
  vertex -0.207 4.013 2.94
  vertex -0.189 4.013 2.741
  vertex 0.285 3.998 2.983
 endloop
endfacet
facet normal -0.031 -1 -0.003
 outer loop
  vertex 0.285 3.998 2.983
  vertex -0.189 4.013 2.741
  vertex 0.303 3.998 2.784
 endloop
endfacet
facet normal -0.153 -0.988 -0.013
 outer loop
  vertex 0.285 3.998 2.983
  vertex 0.303 3.998 2.784
  vertex 0.772 3.922 3.025
 endloop
endfacet
facet normal -0.153 -0.988 -0.013
 outer loop
  vertex 0.772 3.922 3.025
  vertex 0.303 3.998 2.784
  vertex 0.789 3.922 2.826
 endloop
endfacet
facet normal -0.273 -0.962 -0.024
 outer loop
  vertex 0.772 3.922 3.025
  vertex 0.789 3.922 2.826
  vertex 1.246 3.787 3.067
 endloop
endfacet
facet normal -0.273 -0.962 -0.024
 outer loop
  vertex 1.246 3.787 3.067
  vertex 0.789 3.922 2.826
  vertex 1.263 3.787 2.868
 endloop
endfacet
facet normal -0.388 -0.921 -0.034
 outer loop
  vertex 1.246 3.787 3.067
  vertex 1.263 3.787 2.868
  vertex 1.699 3.594 3.107
 endloop
endfacet
facet normal -0.388 -0.921 -0.034
 outer loop
  vertex 1.699 3.594 3.107
  vertex 1.263 3.787 2.868
  vertex 1.717 3.594 2.907
 endloop
endfacet
facet normal -0.498 -0.866 -0.044
 outer loop
  vertex 1.699 3.594 3.107
  vertex 1.717 3.594 2.907
  vertex 2.126 3.347 3.144
 endloop
endfacet
facet normal -0.498 -0.866 -0.044
 outer loop
  vertex 2.126 3.347 3.144
  vertex 1.717 3.594 2.907
  vertex 2.143 3.347 2.945
 endloop
endfacet
facet normal -0.6 -0.798 -0.053
 outer loop
  vertex 2.126 3.347 3.144
  vertex 2.143 3.347 2.945
  vertex 2.519 3.049 3.178
 endloop
endfacet
facet normal -0.6 -0.798 -0.053
 outer loop
  vertex 2.519 3.049 3.178
  vertex 2.143 3.347 2.945
  vertex 2.536 3.049 2.979
 endloop
endfacet
facet normal -0.693 -0.718 -0.061
 outer loop
  vertex 2.519 3.049 3.178
  vertex 2.536 3.049 2.979
  vertex 2.872 2.705 3.209
 endloop
endfacet
facet normal -0.693 -0.718 -0.061
 outer loop
  vertex 2.872 2.705 3.209
  vertex 2.536 3.049 2.979
  vertex 2.89 2.705 3.01
 endloop
endfacet
facet normal -0.776 -0.627 -0.068
 outer loop
  vertex 2.872 2.705 3.209
  vertex 2.89 2.705 3.01
  vertex 3.181 2.32 3.236
 endloop
endfacet
facet normal -0.776 -0.627 -0.068
 outer loop
  vertex 3.181 2.32 3.236
  vertex 2.89 2.705 3.01
  vertex 3.199 2.32 3.037
 endloop
endfacet
facet normal -0.847 -0.526 -0.074
 outer loop
  vertex 3.181 2.32 3.236
  vertex 3.199 2.32 3.037
  vertex 3.44 1.9 3.259
 endloop
endfacet
facet normal -0.847 -0.526 -0.074
 outer loop
  vertex 3.44 1.9 3.259
  vertex 3.199 2.32 3.037
  vertex 3.458 1.9 3.06
 endloop
endfacet
facet normal -0.905 -0.418 -0.079
 outer loop
  vertex 3.44 1.9 3.259
  vertex 3.458 1.9 3.06
  vertex 3.646 1.45 3.277
 endloop
endfacet
facet normal -0.905 -0.418 -0.079
 outer loop
  vertex 3.646 1.45 3.277
  vertex 3.458 1.9 3.06
  vertex 3.664 1.45 3.078
 endloop
endfacet
facet normal -0.949 -0.303 -0.083
 outer loop
  vertex 3.646 1.45 3.277
  vertex 3.664 1.45 3.078
  vertex 3.796 0.979 3.29
 endloop
endfacet
facet normal -0.949 -0.303 -0.083
 outer loop
  vertex 3.796 0.979 3.29
  vertex 3.664 1.45 3.078
  vertex 3.813 0.979 3.091
 endloop
endfacet
facet normal -0.979 -0.184 -0.086
 outer loop
  vertex 3.796 0.979 3.29
  vertex 3.813 0.979 3.091
  vertex 3.886 0.493 3.298
 endloop
endfacet
facet normal -0.979 -0.184 -0.086
 outer loop
  vertex 3.886 0.493 3.298
  vertex 3.813 0.979 3.091
  vertex 3.903 0.493 3.099
 endloop
endfacet
facet normal -0.994 -0.062 -0.087
 outer loop
  vertex 3.886 0.493 3.298
  vertex 3.903 0.493 3.099
  vertex 3.916 -0 3.3
 endloop
endfacet
facet normal -0.994 -0.062 -0.087
 outer loop
  vertex 3.916 -0 3.3
  vertex 3.903 0.493 3.099
  vertex 3.934 -0 3.101
 endloop
endfacet
facet normal -0.994 0.062 -0.087
 outer loop
  vertex 3.916 -0 3.3
  vertex 3.934 -0 3.101
  vertex 3.886 -0.493 3.298
 endloop
endfacet
facet normal -0.994 0.062 -0.087
 outer loop
  vertex 3.886 -0.493 3.298
  vertex 3.934 -0 3.101
  vertex 3.903 -0.493 3.099
 endloop
endfacet
facet normal -0.979 0.184 -0.086
 outer loop
  vertex 3.886 -0.493 3.298
  vertex 3.903 -0.493 3.099
  vertex 3.796 -0.979 3.29
 endloop
endfacet
facet normal -0.979 0.184 -0.086
 outer loop
  vertex 3.796 -0.979 3.29
  vertex 3.903 -0.493 3.099
  vertex 3.813 -0.979 3.091
 endloop
endfacet
facet normal -0.949 0.303 -0.083
 outer loop
  vertex 3.796 -0.979 3.29
  vertex 3.813 -0.979 3.091
  vertex 3.646 -1.45 3.277
 endloop
endfacet
facet normal -0.949 0.303 -0.083
 outer loop
  vertex 3.646 -1.45 3.277
  vertex 3.813 -0.979 3.091
  vertex 3.664 -1.45 3.078
 endloop
endfacet
facet normal -0.905 0.418 -0.079
 outer loop
  vertex 3.646 -1.45 3.277
  vertex 3.664 -1.45 3.078
  vertex 3.44 -1.9 3.259
 endloop
endfacet
facet normal -0.905 0.418 -0.079
 outer loop
  vertex 3.44 -1.9 3.259
  vertex 3.664 -1.45 3.078
  vertex 3.458 -1.9 3.06
 endloop
endfacet
facet normal -0.847 0.526 -0.074
 outer loop
  vertex 3.44 -1.9 3.259
  vertex 3.458 -1.9 3.06
  vertex 3.181 -2.32 3.236
 endloop
endfacet
facet normal -0.847 0.526 -0.074
 outer loop
  vertex 3.181 -2.32 3.236
  vertex 3.458 -1.9 3.06
  vertex 3.199 -2.32 3.037
 endloop
endfacet
facet normal -0.776 0.627 -0.068
 outer loop
  vertex 3.181 -2.32 3.236
  vertex 3.199 -2.32 3.037
  vertex 2.872 -2.705 3.209
 endloop
endfacet
facet normal -0.776 0.627 -0.068
 outer loop
  vertex 2.872 -2.705 3.209
  vertex 3.199 -2.32 3.037
  vertex 2.89 -2.705 3.01
 endloop
endfacet
facet normal -0.693 0.718 -0.061
 outer loop
  vertex 2.872 -2.705 3.209
  vertex 2.89 -2.705 3.01
  vertex 2.519 -3.049 3.178
 endloop
endfacet
facet normal -0.693 0.718 -0.061
 outer loop
  vertex 2.519 -3.049 3.178
  vertex 2.89 -2.705 3.01
  vertex 2.536 -3.049 2.979
 endloop
endfacet
facet normal -0.6 0.798 -0.053
 outer loop
  vertex 2.519 -3.049 3.178
  vertex 2.536 -3.049 2.979
  vertex 2.126 -3.347 3.144
 endloop
endfacet
facet normal -0.6 0.798 -0.053
 outer loop
  vertex 2.126 -3.347 3.144
  vertex 2.536 -3.049 2.979
  vertex 2.143 -3.347 2.945
 endloop
endfacet
facet normal -0.498 0.866 -0.044
 outer loop
  vertex 2.126 -3.347 3.144
  vertex 2.143 -3.347 2.945
  vertex 1.699 -3.594 3.107
 endloop
endfacet
facet normal -0.498 0.866 -0.044
 outer loop
  vertex 1.699 -3.594 3.107
  vertex 2.143 -3.347 2.945
  vertex 1.717 -3.594 2.907
 endloop
endfacet
facet normal -0.388 0.921 -0.034
 outer loop
  vertex 1.699 -3.594 3.107
  vertex 1.717 -3.594 2.907
  vertex 1.246 -3.787 3.067
 endloop
endfacet
facet normal -0.388 0.921 -0.034
 outer loop
  vertex 1.246 -3.787 3.067
  vertex 1.717 -3.594 2.907
  vertex 1.263 -3.787 2.868
 endloop
endfacet
facet normal -0.273 0.962 -0.024
 outer loop
  vertex 1.246 -3.787 3.067
  vertex 1.263 -3.787 2.868
  vertex 0.772 -3.922 3.025
 endloop
endfacet
facet normal -0.273 0.962 -0.024
 outer loop
  vertex 0.772 -3.922 3.025
  vertex 1.263 -3.787 2.868
  vertex 0.789 -3.922 2.826
 endloop
endfacet
facet normal -0.153 0.988 -0.013
 outer loop
  vertex 0.772 -3.922 3.025
  vertex 0.789 -3.922 2.826
  vertex 0.285 -3.998 2.983
 endloop
endfacet
facet normal -0.153 0.988 -0.013
 outer loop
  vertex 0.285 -3.998 2.983
  vertex 0.789 -3.922 2.826
  vertex 0.303 -3.998 2.784
 endloop
endfacet
facet normal -0.031 1 -0.003
 outer loop
  vertex 0.285 -3.998 2.983
  vertex 0.303 -3.998 2.784
  vertex -0.207 -4.013 2.94
 endloop
endfacet
facet normal -0.031 1 -0.003
 outer loop
  vertex -0.207 -4.013 2.94
  vertex 0.303 -3.998 2.784
  vertex -0.189 -4.013 2.741
 endloop
endfacet
facet normal 0.092 0.996 0.008
 outer loop
  vertex -0.207 -4.013 2.94
  vertex -0.189 -4.013 2.741
  vertex -0.697 -3.968 2.897
 endloop
endfacet
facet normal 0.092 0.996 0.008
 outer loop
  vertex -0.697 -3.968 2.897
  vertex -0.189 -4.013 2.741
  vertex -0.68 -3.968 2.698
 endloop
endfacet
facet normal 0.213 0.977 0.019
 outer loop
  vertex -0.697 -3.968 2.897
  vertex -0.68 -3.968 2.698
  vertex -1.178 -3.862 2.855
 endloop
endfacet
facet normal 0.213 0.977 0.019
 outer loop
  vertex -1.178 -3.862 2.855
  vertex -0.68 -3.968 2.698
  vertex -1.161 -3.862 2.656
 endloop
endfacet
facet normal 0.331 0.943 0.029
 outer loop
  vertex -1.178 -3.862 2.855
  vertex -1.161 -3.862 2.656
  vertex -1.643 -3.698 2.814
 endloop
endfacet
facet normal 0.331 0.943 0.029
 outer loop
  vertex -1.643 -3.698 2.814
  vertex -1.161 -3.862 2.656
  vertex -1.625 -3.698 2.615
 endloop
endfacet
facet normal 0.444 0.895 0.039
 outer loop
  vertex -1.643 -3.698 2.814
  vertex -1.625 -3.698 2.615
  vertex -2.084 -3.477 2.776
 endloop
endfacet
facet normal 0.444 0.895 0.039
 outer loop
  vertex -2.084 -3.477 2.776
  vertex -1.625 -3.698 2.615
  vertex -2.066 -3.477 2.576
 endloop
endfacet
facet normal 0.55 0.834 0.048
 outer loop
  vertex -2.084 -3.477 2.776
  vertex -2.066 -3.477 2.576
  vertex -2.494 -3.204 2.74
 endloop
endfacet
facet normal 0.55 0.834 0.048
 outer loop
  vertex -2.494 -3.204 2.74
  vertex -2.066 -3.477 2.576
  vertex -2.477 -3.204 2.54
 endloop
endfacet
facet normal 0.648 0.759 0.057
 outer loop
  vertex -2.494 -3.204 2.74
  vertex -2.477 -3.204 2.54
  vertex -2.868 -2.883 2.707
 endloop
endfacet
facet normal 0.648 0.759 0.057
 outer loop
  vertex -2.868 -2.883 2.707
  vertex -2.477 -3.204 2.54
  vertex -2.851 -2.883 2.508
 endloop
endfacet
facet normal 0.736 0.674 0.064
 outer loop
  vertex -2.868 -2.883 2.707
  vertex -2.851 -2.883 2.508
  vertex -3.2 -2.517 2.678
 endloop
endfacet
facet normal 0.736 0.674 0.064
 outer loop
  vertex -3.2 -2.517 2.678
  vertex -2.851 -2.883 2.508
  vertex -3.183 -2.517 2.479
 endloop
endfacet
facet normal 0.813 0.578 0.071
 outer loop
  vertex -3.2 -2.517 2.678
  vertex -3.183 -2.517 2.479
  vertex -3.485 -2.114 2.653
 endloop
endfacet
facet normal 0.813 0.578 0.071
 outer loop
  vertex -3.485 -2.114 2.653
  vertex -3.183 -2.517 2.479
  vertex -3.467 -2.114 2.454
 endloop
endfacet
facet normal 0.878 0.473 0.077
 outer loop
  vertex -3.485 -2.114 2.653
  vertex -3.467 -2.114 2.454
  vertex -3.718 -1.678 2.633
 endloop
endfacet
facet normal 0.878 0.473 0.077
 outer loop
  vertex -3.718 -1.678 2.633
  vertex -3.467 -2.114 2.454
  vertex -3.7 -1.678 2.433
 endloop
endfacet
facet normal 0.929 0.361 0.081
 outer loop
  vertex -3.718 -1.678 2.633
  vertex -3.7 -1.678 2.433
  vertex -3.895 -1.217 2.617
 endloop
endfacet
facet normal 0.929 0.361 0.081
 outer loop
  vertex -3.895 -1.217 2.617
  vertex -3.7 -1.678 2.433
  vertex -3.878 -1.217 2.418
 endloop
endfacet
facet normal 0.966 0.244 0.085
 outer loop
  vertex -3.895 -1.217 2.617
  vertex -3.878 -1.217 2.418
  vertex -4.016 -0.738 2.607
 endloop
endfacet
facet normal 0.966 0.244 0.085
 outer loop
  vertex -4.016 -0.738 2.607
  vertex -3.878 -1.217 2.418
  vertex -3.998 -0.738 2.407
 endloop
endfacet
facet normal 0.989 0.123 0.086
 outer loop
  vertex -4.016 -0.738 2.607
  vertex -3.998 -0.738 2.407
  vertex -4.076 -0.247 2.601
 endloop
endfacet
facet normal 0.989 0.123 0.086
 outer loop
  vertex -4.076 -0.247 2.601
  vertex -3.998 -0.738 2.407
  vertex -4.059 -0.247 2.402
 endloop
endfacet
facet normal 0.087 -0.001 -0.996
 outer loop
  vertex -0.372 3.204 3.688
  vertex -0.494 3.188 3.678
  vertex -0.495 3.194 3.677
 endloop
endfacet
facet normal 0.087 -0.001 -0.996
 outer loop
  vertex -0.495 3.194 3.677
  vertex -0.494 3.188 3.678
  vertex -0.641 3.174 3.665
 endloop
endfacet
facet normal 0.087 -0 -0.996
 outer loop
  vertex -0.494 3.188 3.678
  vertex -0.638 3.162 3.665
  vertex -0.641 3.174 3.665
 endloop
endfacet
facet normal 0.087 -0 -0.996
 outer loop
  vertex -0.641 3.174 3.665
  vertex -0.638 3.162 3.665
  vertex -0.881 3.103 3.644
 endloop
endfacet
facet normal 0.087 -0 -0.996
 outer loop
  vertex -0.641 3.174 3.665
  vertex -0.881 3.103 3.644
  vertex -0.886 3.126 3.643
 endloop
endfacet
facet normal 0.087 -0 -0.996
 outer loop
  vertex -0.886 3.126 3.643
  vertex -0.881 3.103 3.644
  vertex -1.026 3.09 3.631
 endloop
endfacet
facet normal 0.087 -0 -0.996
 outer loop
  vertex -0.881 3.103 3.644
  vertex -1.016 3.061 3.632
  vertex -1.026 3.09 3.631
 endloop
endfacet
facet normal 0.087 -0 -0.996
 outer loop
  vertex -1.026 3.09 3.631
  vertex -1.016 3.061 3.632
  vertex -1.254 2.971 3.611
 endloop
endfacet
facet normal 0.087 0 -0.996
 outer loop
  vertex -1.026 3.09 3.631
  vertex -1.254 2.971 3.611
  vertex -1.268 3.01 3.61
 endloop
endfacet
facet normal 0.087 0 -0.996
 outer loop
  vertex -1.268 3.01 3.61
  vertex -1.254 2.971 3.611
  vertex -1.397 2.958 3.599
 endloop
endfacet
facet normal 0.087 -0 -0.996
 outer loop
  vertex -1.254 2.971 3.611
  vertex -1.377 2.915 3.6
  vertex -1.397 2.958 3.599
 endloop
endfacet
facet normal 0.087 -0 -0.996
 outer loop
  vertex -1.397 2.958 3.599
  vertex -1.377 2.915 3.6
  vertex -1.608 2.794 3.58
 endloop
endfacet
facet normal 0.087 0 -0.996
 outer loop
  vertex -1.397 2.958 3.599
  vertex -1.608 2.794 3.58
  vertex -1.75 2.782 3.568
 endloop
endfacet
facet normal 0.087 0 -0.996
 outer loop
  vertex -1.75 2.782 3.568
  vertex -1.608 2.794 3.58
  vertex -1.938 2.574 3.551
 endloop
endfacet
facet normal 0.087 0 -0.996
 outer loop
  vertex -1.75 2.782 3.568
  vertex -1.938 2.574 3.551
  vertex -2.078 2.563 3.539
 endloop
endfacet
facet normal 0.087 0 -0.996
 outer loop
  vertex -2.078 2.563 3.539
  vertex -1.938 2.574 3.551
  vertex -2.238 2.316 3.525
 endloop
endfacet
facet normal 0.087 0 -0.996
 outer loop
  vertex -2.078 2.563 3.539
  vertex -2.238 2.316 3.525
  vertex -2.378 2.306 3.513
 endloop
endfacet
facet normal 0.087 0 -0.996
 outer loop
  vertex -2.378 2.306 3.513
  vertex -2.238 2.316 3.525
  vertex -2.505 2.022 3.502
 endloop
endfacet
facet normal 0.087 0 -0.996
 outer loop
  vertex -2.378 2.306 3.513
  vertex -2.505 2.022 3.502
  vertex -2.643 2.014 3.49
 endloop
endfacet
facet normal 0.087 -0 -0.996
 outer loop
  vertex -2.643 2.014 3.49
  vertex -2.505 2.022 3.502
  vertex -2.734 1.698 3.482
 endloop
endfacet
facet normal 0.087 -0 -0.996
 outer loop
  vertex -2.643 2.014 3.49
  vertex -2.734 1.698 3.482
  vertex -2.871 1.691 3.47
 endloop
endfacet
facet normal 0.087 0 -0.996
 outer loop
  vertex -2.871 1.691 3.47
  vertex -2.734 1.698 3.482
  vertex -2.921 1.348 3.465
 endloop
endfacet
facet normal 0.087 0 -0.996
 outer loop
  vertex -2.871 1.691 3.47
  vertex -2.921 1.348 3.465
  vertex -3.057 1.343 3.453
 endloop
endfacet
facet normal 0.087 -0 -0.996
 outer loop
  vertex -3.057 1.343 3.453
  vertex -2.921 1.348 3.465
  vertex -3.064 0.978 3.453
 endloop
endfacet
facet normal 0.087 -0 -0.996
 outer loop
  vertex -3.057 1.343 3.453
  vertex -3.064 0.978 3.453
  vertex -3.199 0.974 3.441
 endloop
endfacet
facet normal 0.087 -0 -0.996
 outer loop
  vertex -3.199 0.974 3.441
  vertex -3.064 0.978 3.453
  vertex -3.16 0.593 3.444
 endloop
endfacet
facet normal 0.087 -0 -0.996
 outer loop
  vertex -3.199 0.974 3.441
  vertex -3.16 0.593 3.444
  vertex -3.295 0.59 3.432
 endloop
endfacet
facet normal 0.087 0 -0.996
 outer loop
  vertex -3.295 0.59 3.432
  vertex -3.16 0.593 3.444
  vertex -3.209 0.199 3.44
 endloop
endfacet
facet normal 0.087 -0 -0.996
 outer loop
  vertex -3.295 0.59 3.432
  vertex -3.209 0.199 3.44
  vertex -3.344 0.198 3.428
 endloop
endfacet
facet normal 0.087 0 -0.996
 outer loop
  vertex -3.344 0.198 3.428
  vertex -3.209 0.199 3.44
  vertex -3.344 -0.198 3.428
 endloop
endfacet
facet normal 0.087 0 -0.996
 outer loop
  vertex -3.209 0.199 3.44
  vertex -3.209 -0.199 3.44
  vertex -3.344 -0.198 3.428
 endloop
endfacet
facet normal 0.087 0 -0.996
 outer loop
  vertex -3.344 -0.198 3.428
  vertex -3.209 -0.199 3.44
  vertex -3.295 -0.59 3.432
 endloop
endfacet
facet normal 0.087 -0 -0.996
 outer loop
  vertex -3.209 -0.199 3.44
  vertex -3.16 -0.593 3.444
  vertex -3.295 -0.59 3.432
 endloop
endfacet
facet normal 0.087 0 -0.996
 outer loop
  vertex -3.295 -0.59 3.432
  vertex -3.16 -0.593 3.444
  vertex -3.199 -0.974 3.441
 endloop
endfacet
facet normal 0.087 0 -0.996
 outer loop
  vertex -3.16 -0.593 3.444
  vertex -3.064 -0.978 3.453
  vertex -3.199 -0.974 3.441
 endloop
endfacet
facet normal 0.087 0 -0.996
 outer loop
  vertex -3.199 -0.974 3.441
  vertex -3.064 -0.978 3.453
  vertex -3.057 -1.343 3.453
 endloop
endfacet
facet normal 0.087 0 -0.996
 outer loop
  vertex -3.064 -0.978 3.453
  vertex -2.921 -1.348 3.465
  vertex -3.057 -1.343 3.453
 endloop
endfacet
facet normal 0.087 -0 -0.996
 outer loop
  vertex -3.057 -1.343 3.453
  vertex -2.921 -1.348 3.465
  vertex -2.871 -1.691 3.47
 endloop
endfacet
facet normal 0.087 -0 -0.996
 outer loop
  vertex -2.921 -1.348 3.465
  vertex -2.734 -1.698 3.482
  vertex -2.871 -1.691 3.47
 endloop
endfacet
facet normal 0.087 0 -0.996
 outer loop
  vertex -2.871 -1.691 3.47
  vertex -2.734 -1.698 3.482
  vertex -2.643 -2.014 3.49
 endloop
endfacet
facet normal 0.087 0 -0.996
 outer loop
  vertex -2.734 -1.698 3.482
  vertex -2.505 -2.022 3.502
  vertex -2.643 -2.014 3.49
 endloop
endfacet
facet normal 0.087 -0 -0.996
 outer loop
  vertex -2.643 -2.014 3.49
  vertex -2.505 -2.022 3.502
  vertex -2.378 -2.306 3.513
 endloop
endfacet
facet normal 0.087 -0 -0.996
 outer loop
  vertex -2.505 -2.022 3.502
  vertex -2.238 -2.316 3.525
  vertex -2.378 -2.306 3.513
 endloop
endfacet
facet normal 0.087 -0 -0.996
 outer loop
  vertex -2.378 -2.306 3.513
  vertex -2.238 -2.316 3.525
  vertex -2.078 -2.563 3.539
 endloop
endfacet
facet normal 0.087 -0 -0.996
 outer loop
  vertex -2.238 -2.316 3.525
  vertex -1.938 -2.574 3.551
  vertex -2.078 -2.563 3.539
 endloop
endfacet
facet normal 0.087 -0 -0.996
 outer loop
  vertex -2.078 -2.563 3.539
  vertex -1.938 -2.574 3.551
  vertex -1.75 -2.782 3.568
 endloop
endfacet
facet normal 0.087 -0 -0.996
 outer loop
  vertex -1.938 -2.574 3.551
  vertex -1.608 -2.794 3.58
  vertex -1.75 -2.782 3.568
 endloop
endfacet
facet normal 0.087 -0 -0.996
 outer loop
  vertex -1.75 -2.782 3.568
  vertex -1.608 -2.794 3.58
  vertex -1.397 -2.958 3.599
 endloop
endfacet
facet normal 0.087 0 -0.996
 outer loop
  vertex -1.608 -2.794 3.58
  vertex -1.377 -2.915 3.6
  vertex -1.397 -2.958 3.599
 endloop
endfacet
facet normal 0.087 0 -0.996
 outer loop
  vertex -1.397 -2.958 3.599
  vertex -1.377 -2.915 3.6
  vertex -1.254 -2.971 3.611
 endloop
endfacet
facet normal 0.087 -0 -0.996
 outer loop
  vertex -1.397 -2.958 3.599
  vertex -1.254 -2.971 3.611
  vertex -1.268 -3.01 3.61
 endloop
endfacet
facet normal 0.087 -0 -0.996
 outer loop
  vertex -1.268 -3.01 3.61
  vertex -1.254 -2.971 3.611
  vertex -1.026 -3.09 3.631
 endloop
endfacet
facet normal 0.087 0 -0.996
 outer loop
  vertex -1.254 -2.971 3.611
  vertex -1.016 -3.061 3.632
  vertex -1.026 -3.09 3.631
 endloop
endfacet
facet normal 0.087 0 -0.996
 outer loop
  vertex -1.026 -3.09 3.631
  vertex -1.016 -3.061 3.632
  vertex -0.881 -3.103 3.644
 endloop
endfacet
facet normal 0.087 0 -0.996
 outer loop
  vertex -1.026 -3.09 3.631
  vertex -0.881 -3.103 3.644
  vertex -0.886 -3.126 3.643
 endloop
endfacet
facet normal 0.087 0 -0.996
 outer loop
  vertex -0.886 -3.126 3.643
  vertex -0.881 -3.103 3.644
  vertex -0.641 -3.174 3.665
 endloop
endfacet
facet normal 0.087 0 -0.996
 outer loop
  vertex -0.881 -3.103 3.644
  vertex -0.638 -3.162 3.665
  vertex -0.641 -3.174 3.665
 endloop
endfacet
facet normal 0.087 0 -0.996
 outer loop
  vertex -0.641 -3.174 3.665
  vertex -0.638 -3.162 3.665
  vertex -0.494 -3.188 3.678
 endloop
endfacet
facet normal 0.087 0.001 -0.996
 outer loop
  vertex -0.641 -3.174 3.665
  vertex -0.494 -3.188 3.678
  vertex -0.495 -3.194 3.677
 endloop
endfacet
facet normal 0.087 0.001 -0.996
 outer loop
  vertex -0.495 -3.194 3.677
  vertex -0.494 -3.188 3.678
  vertex -0.372 -3.204 3.688
 endloop
endfacet
facet normal -0.087 0 0.996
 outer loop
  vertex 0.222 3.204 2.014
  vertex 0.295 3.195 2.02
  vertex 0.295 3.199 2.02
 endloop
endfacet
facet normal -0.087 0 0.996
 outer loop
  vertex 0.295 3.199 2.02
  vertex 0.295 3.195 2.02
  vertex 0.539 3.151 2.041
 endloop
endfacet
facet normal -0.087 -0 0.996
 outer loop
  vertex 0.295 3.199 2.02
  vertex 0.539 3.151 2.041
  vertex 0.541 3.166 2.042
 endloop
endfacet
facet normal -0.087 -0 0.996
 outer loop
  vertex 0.541 3.166 2.042
  vertex 0.539 3.151 2.041
  vertex 0.685 3.138 2.054
 endloop
endfacet
facet normal -0.087 0 0.996
 outer loop
  vertex 0.539 3.151 2.041
  vertex 0.679 3.117 2.054
  vertex 0.685 3.138 2.054
 endloop
endfacet
facet normal -0.087 0 0.996
 outer loop
  vertex 0.685 3.138 2.054
  vertex 0.679 3.117 2.054
  vertex 0.919 3.043 2.075
 endloop
endfacet
facet normal -0.087 0 0.996
 outer loop
  vertex 0.685 3.138 2.054
  vertex 0.919 3.043 2.075
  vertex 0.929 3.074 2.075
 endloop
endfacet
facet normal -0.087 0 0.996
 outer loop
  vertex 0.929 3.074 2.075
  vertex 0.919 3.043 2.075
  vertex 1.064 3.03 2.087
 endloop
endfacet
facet normal -0.087 0 0.996
 outer loop
  vertex 0.919 3.043 2.075
  vertex 1.049 2.994 2.086
  vertex 1.064 3.03 2.087
 endloop
endfacet
facet normal -0.087 0 0.996
 outer loop
  vertex 1.064 3.03 2.087
  vertex 1.049 2.994 2.086
  vertex 1.284 2.888 2.107
 endloop
endfacet
facet normal -0.087 0 0.996
 outer loop
  vertex 1.064 3.03 2.087
  vertex 1.284 2.888 2.107
  vertex 1.304 2.933 2.108
 endloop
endfacet
facet normal -0.087 0 0.996
 outer loop
  vertex 1.304 2.933 2.108
  vertex 1.284 2.888 2.107
  vertex 1.426 2.875 2.119
 endloop
endfacet
facet normal -0.087 -0 0.996
 outer loop
  vertex 1.284 2.888 2.107
  vertex 1.4 2.827 2.117
  vertex 1.426 2.875 2.119
 endloop
endfacet
facet normal -0.087 0 0.996
 outer loop
  vertex 1.426 2.875 2.119
  vertex 1.4 2.827 2.117
  vertex 1.626 2.689 2.136
 endloop
endfacet
facet normal -0.087 0 0.996
 outer loop
  vertex 1.426 2.875 2.119
  vertex 1.626 2.689 2.136
  vertex 1.768 2.678 2.149
 endloop
endfacet
facet normal -0.087 -0 0.996
 outer loop
  vertex 1.768 2.678 2.149
  vertex 1.626 2.689 2.136
  vertex 1.942 2.45 2.164
 endloop
endfacet
facet normal -0.087 -0 0.996
 outer loop
  vertex 1.768 2.678 2.149
  vertex 1.942 2.45 2.164
  vertex 2.082 2.439 2.176
 endloop
endfacet
facet normal -0.087 0 0.996
 outer loop
  vertex 2.082 2.439 2.176
  vertex 1.942 2.45 2.164
  vertex 2.226 2.173 2.189
 endloop
endfacet
facet normal -0.087 -0 0.996
 outer loop
  vertex 2.082 2.439 2.176
  vertex 2.226 2.173 2.189
  vertex 2.365 2.164 2.201
 endloop
endfacet
facet normal -0.087 0 0.996
 outer loop
  vertex 2.365 2.164 2.201
  vertex 2.226 2.173 2.189
  vertex 2.474 1.864 2.211
 endloop
endfacet
facet normal -0.087 0 0.996
 outer loop
  vertex 2.365 2.164 2.201
  vertex 2.474 1.864 2.211
  vertex 2.612 1.856 2.223
 endloop
endfacet
facet normal -0.087 0 0.996
 outer loop
  vertex 2.612 1.856 2.223
  vertex 2.474 1.864 2.211
  vertex 2.683 1.526 2.229
 endloop
endfacet
facet normal -0.087 -0 0.996
 outer loop
  vertex 2.612 1.856 2.223
  vertex 2.683 1.526 2.229
  vertex 2.819 1.52 2.241
 endloop
endfacet
facet normal -0.087 -0 0.996
 outer loop
  vertex 2.819 1.52 2.241
  vertex 2.683 1.526 2.229
  vertex 2.848 1.165 2.243
 endloop
endfacet
facet normal -0.087 -0 0.996
 outer loop
  vertex 2.819 1.52 2.241
  vertex 2.848 1.165 2.243
  vertex 2.984 1.16 2.255
 endloop
endfacet
facet normal -0.087 -0 0.996
 outer loop
  vertex 2.984 1.16 2.255
  vertex 2.848 1.165 2.243
  vertex 2.968 0.787 2.254
 endloop
endfacet
facet normal -0.087 -0 0.996
 outer loop
  vertex 2.984 1.16 2.255
  vertex 2.968 0.787 2.254
  vertex 3.103 0.784 2.266
 endloop
endfacet
facet normal -0.087 -0 0.996
 outer loop
  vertex 3.103 0.784 2.266
  vertex 2.968 0.787 2.254
  vertex 3.041 0.396 2.26
 endloop
endfacet
facet normal -0.087 0 0.996
 outer loop
  vertex 3.103 0.784 2.266
  vertex 3.041 0.396 2.26
  vertex 3.176 0.395 2.272
 endloop
endfacet
facet normal -0.087 0 0.996
 outer loop
  vertex 3.176 0.395 2.272
  vertex 3.041 0.396 2.26
  vertex 3.065 0 2.262
 endloop
endfacet
facet normal -0.087 -0 0.996
 outer loop
  vertex 3.176 0.395 2.272
  vertex 3.065 0 2.262
  vertex 3.2 -0 2.274
 endloop
endfacet
facet normal -0.087 0 0.996
 outer loop
  vertex 3.2 -0 2.274
  vertex 3.065 0 2.262
  vertex 3.176 -0.395 2.272
 endloop
endfacet
facet normal -0.087 -0 0.996
 outer loop
  vertex 3.065 0 2.262
  vertex 3.041 -0.396 2.26
  vertex 3.176 -0.395 2.272
 endloop
endfacet
facet normal -0.087 -0 0.996
 outer loop
  vertex 3.176 -0.395 2.272
  vertex 3.041 -0.396 2.26
  vertex 3.103 -0.784 2.266
 endloop
endfacet
facet normal -0.087 0 0.996
 outer loop
  vertex 3.041 -0.396 2.26
  vertex 2.968 -0.787 2.254
  vertex 3.103 -0.784 2.266
 endloop
endfacet
facet normal -0.087 0 0.996
 outer loop
  vertex 3.103 -0.784 2.266
  vertex 2.968 -0.787 2.254
  vertex 2.984 -1.16 2.255
 endloop
endfacet
facet normal -0.087 0 0.996
 outer loop
  vertex 2.968 -0.787 2.254
  vertex 2.848 -1.165 2.243
  vertex 2.984 -1.16 2.255
 endloop
endfacet
facet normal -0.087 0 0.996
 outer loop
  vertex 2.984 -1.16 2.255
  vertex 2.848 -1.165 2.243
  vertex 2.819 -1.52 2.241
 endloop
endfacet
facet normal -0.087 0 0.996
 outer loop
  vertex 2.848 -1.165 2.243
  vertex 2.683 -1.526 2.229
  vertex 2.819 -1.52 2.241
 endloop
endfacet
facet normal -0.087 0 0.996
 outer loop
  vertex 2.819 -1.52 2.241
  vertex 2.683 -1.526 2.229
  vertex 2.612 -1.856 2.223
 endloop
endfacet
facet normal -0.087 -0 0.996
 outer loop
  vertex 2.683 -1.526 2.229
  vertex 2.474 -1.864 2.211
  vertex 2.612 -1.856 2.223
 endloop
endfacet
facet normal -0.087 -0 0.996
 outer loop
  vertex 2.612 -1.856 2.223
  vertex 2.474 -1.864 2.211
  vertex 2.365 -2.164 2.201
 endloop
endfacet
facet normal -0.087 -0 0.996
 outer loop
  vertex 2.474 -1.864 2.211
  vertex 2.226 -2.173 2.189
  vertex 2.365 -2.164 2.201
 endloop
endfacet
facet normal -0.087 0 0.996
 outer loop
  vertex 2.365 -2.164 2.201
  vertex 2.226 -2.173 2.189
  vertex 2.082 -2.439 2.176
 endloop
endfacet
facet normal -0.087 -0 0.996
 outer loop
  vertex 2.226 -2.173 2.189
  vertex 1.942 -2.45 2.164
  vertex 2.082 -2.439 2.176
 endloop
endfacet
facet normal -0.087 0 0.996
 outer loop
  vertex 2.082 -2.439 2.176
  vertex 1.942 -2.45 2.164
  vertex 1.768 -2.678 2.149
 endloop
endfacet
facet normal -0.087 0 0.996
 outer loop
  vertex 1.942 -2.45 2.164
  vertex 1.626 -2.689 2.136
  vertex 1.768 -2.678 2.149
 endloop
endfacet
facet normal -0.087 -0 0.996
 outer loop
  vertex 1.768 -2.678 2.149
  vertex 1.626 -2.689 2.136
  vertex 1.426 -2.875 2.119
 endloop
endfacet
facet normal -0.087 -0 0.996
 outer loop
  vertex 1.626 -2.689 2.136
  vertex 1.4 -2.827 2.117
  vertex 1.426 -2.875 2.119
 endloop
endfacet
facet normal -0.087 0 0.996
 outer loop
  vertex 1.426 -2.875 2.119
  vertex 1.4 -2.827 2.117
  vertex 1.284 -2.888 2.107
 endloop
endfacet
facet normal -0.087 -0 0.996
 outer loop
  vertex 1.426 -2.875 2.119
  vertex 1.284 -2.888 2.107
  vertex 1.304 -2.933 2.108
 endloop
endfacet
facet normal -0.087 -0 0.996
 outer loop
  vertex 1.304 -2.933 2.108
  vertex 1.284 -2.888 2.107
  vertex 1.064 -3.03 2.087
 endloop
endfacet
facet normal -0.087 -0 0.996
 outer loop
  vertex 1.284 -2.888 2.107
  vertex 1.049 -2.994 2.086
  vertex 1.064 -3.03 2.087
 endloop
endfacet
facet normal -0.087 -0 0.996
 outer loop
  vertex 1.064 -3.03 2.087
  vertex 1.049 -2.994 2.086
  vertex 0.919 -3.043 2.075
 endloop
endfacet
facet normal -0.087 -0 0.996
 outer loop
  vertex 1.064 -3.03 2.087
  vertex 0.919 -3.043 2.075
  vertex 0.929 -3.074 2.075
 endloop
endfacet
facet normal -0.087 -0 0.996
 outer loop
  vertex 0.929 -3.074 2.075
  vertex 0.919 -3.043 2.075
  vertex 0.685 -3.138 2.054
 endloop
endfacet
facet normal -0.087 -0 0.996
 outer loop
  vertex 0.919 -3.043 2.075
  vertex 0.679 -3.117 2.054
  vertex 0.685 -3.138 2.054
 endloop
endfacet
facet normal -0.087 -0 0.996
 outer loop
  vertex 0.685 -3.138 2.054
  vertex 0.679 -3.117 2.054
  vertex 0.539 -3.151 2.041
 endloop
endfacet
facet normal -0.087 0 0.996
 outer loop
  vertex 0.685 -3.138 2.054
  vertex 0.539 -3.151 2.041
  vertex 0.541 -3.166 2.042
 endloop
endfacet
facet normal -0.087 0 0.996
 outer loop
  vertex 0.541 -3.166 2.042
  vertex 0.539 -3.151 2.041
  vertex 0.295 -3.199 2.02
 endloop
endfacet
facet normal -0.087 -0 0.996
 outer loop
  vertex 0.539 -3.151 2.041
  vertex 0.295 -3.195 2.02
  vertex 0.295 -3.199 2.02
 endloop
endfacet
facet normal -0.087 -0 0.996
 outer loop
  vertex 0.295 -3.199 2.02
  vertex 0.295 -3.195 2.02
  vertex 0.222 -3.204 2.014
 endloop
endfacet
facet normal 0.236 -0.665 -0.708
 outer loop
  vertex -0.886 3.126 1.93
  vertex -1.026 3.09 1.918
  vertex -1.178 3.862 1.141
 endloop
endfacet
facet normal 0.277 -0.653 -0.705
 outer loop
  vertex -1.178 3.862 1.141
  vertex -1.026 3.09 1.918
  vertex -1.268 3.01 1.896
 endloop
endfacet
facet normal 0.292 -0.651 -0.701
 outer loop
  vertex -1.178 3.862 1.141
  vertex -1.268 3.01 1.896
  vertex -1.643 3.698 1.101
 endloop
endfacet
facet normal 0.316 -0.639 -0.701
 outer loop
  vertex -1.643 3.698 1.101
  vertex -1.268 3.01 1.896
  vertex -1.397 2.958 1.885
 endloop
endfacet
facet normal 0.369 -0.616 -0.696
 outer loop
  vertex -1.643 3.698 1.101
  vertex -1.397 2.958 1.885
  vertex -2.084 3.477 1.062
 endloop
endfacet
facet normal 0.369 -0.616 -0.696
 outer loop
  vertex -2.084 3.477 1.062
  vertex -1.397 2.958 1.885
  vertex -1.75 2.782 1.854
 endloop
endfacet
facet normal 0.442 -0.574 -0.69
 outer loop
  vertex -2.084 3.477 1.062
  vertex -1.75 2.782 1.854
  vertex -2.494 3.204 1.026
 endloop
endfacet
facet normal 0.442 -0.574 -0.69
 outer loop
  vertex -2.494 3.204 1.026
  vertex -1.75 2.782 1.854
  vertex -2.078 2.563 1.825
 endloop
endfacet
facet normal 0.509 -0.523 -0.684
 outer loop
  vertex -2.494 3.204 1.026
  vertex -2.078 2.563 1.825
  vertex -2.868 2.883 0.993
 endloop
endfacet
facet normal 0.509 -0.523 -0.684
 outer loop
  vertex -2.868 2.883 0.993
  vertex -2.078 2.563 1.825
  vertex -2.378 2.306 1.799
 endloop
endfacet
facet normal 0.57 -0.464 -0.679
 outer loop
  vertex -2.868 2.883 0.993
  vertex -2.378 2.306 1.799
  vertex -3.2 2.517 0.964
 endloop
endfacet
facet normal 0.57 -0.464 -0.679
 outer loop
  vertex -3.2 2.517 0.964
  vertex -2.378 2.306 1.799
  vertex -2.643 2.014 1.776
 endloop
endfacet
facet normal 0.623 -0.398 -0.674
 outer loop
  vertex -3.2 2.517 0.964
  vertex -2.643 2.014 1.776
  vertex -3.485 2.114 0.94
 endloop
endfacet
facet normal 0.623 -0.398 -0.674
 outer loop
  vertex -3.485 2.114 0.94
  vertex -2.643 2.014 1.776
  vertex -2.871 1.691 1.756
 endloop
endfacet
facet normal 0.667 -0.326 -0.67
 outer loop
  vertex -3.485 2.114 0.94
  vertex -2.871 1.691 1.756
  vertex -3.718 1.678 0.919
 endloop
endfacet
facet normal 0.667 -0.326 -0.67
 outer loop
  vertex -3.718 1.678 0.919
  vertex -2.871 1.691 1.756
  vertex -3.057 1.343 1.74
 endloop
endfacet
facet normal 0.702 -0.249 -0.667
 outer loop
  vertex -3.718 1.678 0.919
  vertex -3.057 1.343 1.74
  vertex -3.895 1.217 0.904
 endloop
endfacet
facet normal 0.702 -0.249 -0.667
 outer loop
  vertex -3.895 1.217 0.904
  vertex -3.057 1.343 1.74
  vertex -3.199 0.974 1.727
 endloop
endfacet
facet normal 0.728 -0.168 -0.665
 outer loop
  vertex -3.895 1.217 0.904
  vertex -3.199 0.974 1.727
  vertex -4.016 0.738 0.893
 endloop
endfacet
facet normal 0.728 -0.168 -0.665
 outer loop
  vertex -4.016 0.738 0.893
  vertex -3.199 0.974 1.727
  vertex -3.295 0.59 1.719
 endloop
endfacet
facet normal 0.743 -0.085 -0.663
 outer loop
  vertex -4.016 0.738 0.893
  vertex -3.295 0.59 1.719
  vertex -4.076 0.247 0.888
 endloop
endfacet
facet normal 0.743 -0.085 -0.663
 outer loop
  vertex -4.076 0.247 0.888
  vertex -3.295 0.59 1.719
  vertex -3.344 0.198 1.715
 endloop
endfacet
facet normal 0.748 -0.021 -0.663
 outer loop
  vertex -4.076 0.247 0.888
  vertex -3.344 0.198 1.715
  vertex -4.084 0 0.887
 endloop
endfacet
facet normal 0.746 0 -0.666
 outer loop
  vertex -4.084 0 0.887
  vertex -3.344 0.198 1.715
  vertex -3.344 -0.198 1.715
 endloop
endfacet
facet normal 0.748 0.021 -0.663
 outer loop
  vertex -4.084 0 0.887
  vertex -3.344 -0.198 1.715
  vertex -4.076 -0.247 0.888
 endloop
endfacet
facet normal 0.743 0.085 -0.663
 outer loop
  vertex -4.076 -0.247 0.888
  vertex -3.344 -0.198 1.715
  vertex -4.016 -0.738 0.893
 endloop
endfacet
facet normal 0.21 -0.675 -0.708
 outer loop
  vertex -1.178 3.862 1.141
  vertex -0.697 3.968 1.183
  vertex -0.886 3.126 1.93
 endloop
endfacet
facet normal 0.195 -0.675 -0.712
 outer loop
  vertex -0.886 3.126 1.93
  vertex -0.697 3.968 1.183
  vertex -0.641 3.174 1.951
 endloop
endfacet
facet normal 0.153 -0.682 -0.716
 outer loop
  vertex -0.641 3.174 1.951
  vertex -0.697 3.968 1.183
  vertex -0.495 3.194 1.964
 endloop
endfacet
facet normal 0.127 -0.688 -0.715
 outer loop
  vertex -0.495 3.194 1.964
  vertex -0.697 3.968 1.183
  vertex -0.207 4.013 1.226
 endloop
endfacet
facet normal 0.124 -0.687 -0.716
 outer loop
  vertex -0.495 3.194 1.964
  vertex -0.207 4.013 1.226
  vertex -0.372 3.204 1.975
 endloop
endfacet
facet normal 0.098 -0.687 -0.72
 outer loop
  vertex -0.372 3.204 1.975
  vertex -0.207 4.013 1.226
  vertex -0.248 3.214 1.983
 endloop
endfacet
facet normal 0.069 -0.687 -0.723
 outer loop
  vertex -0.248 3.214 1.983
  vertex -0.207 4.013 1.226
  vertex -0.099 3.218 1.993
 endloop
endfacet
facet normal 0.042 -0.69 -0.722
 outer loop
  vertex -0.099 3.218 1.993
  vertex -0.207 4.013 1.226
  vertex 0.285 3.998 1.269
 endloop
endfacet
facet normal 0.026 -0.687 -0.727
 outer loop
  vertex -0.099 3.218 1.993
  vertex 0.285 3.998 1.269
  vertex 0.147 3.211 2.009
 endloop
endfacet
facet normal -0.008 -0.684 -0.73
 outer loop
  vertex 0.147 3.211 2.009
  vertex 0.285 3.998 1.269
  vertex 0.222 3.204 2.014
 endloop
endfacet
facet normal -0.024 -0.683 -0.73
 outer loop
  vertex 0.222 3.204 2.014
  vertex 0.285 3.998 1.269
  vertex 0.295 3.195 2.02
 endloop
endfacet
facet normal -0.043 -0.683 -0.73
 outer loop
  vertex 0.295 3.195 2.02
  vertex 0.285 3.998 1.269
  vertex 0.772 3.922 1.312
 endloop
endfacet
facet normal -0.057 -0.677 -0.734
 outer loop
  vertex 0.295 3.195 2.02
  vertex 0.772 3.922 1.312
  vertex 0.539 3.151 2.041
 endloop
endfacet
facet normal -0.098 -0.668 -0.738
 outer loop
  vertex 0.539 3.151 2.041
  vertex 0.772 3.922 1.312
  vertex 0.679 3.117 2.054
 endloop
endfacet
facet normal -0.125 -0.664 -0.737
 outer loop
  vertex 0.772 3.922 1.312
  vertex 1.246 3.787 1.353
  vertex 0.679 3.117 2.054
 endloop
endfacet
facet normal -0.139 -0.657 -0.741
 outer loop
  vertex 0.679 3.117 2.054
  vertex 1.246 3.787 1.353
  vertex 0.919 3.043 2.075
 endloop
endfacet
facet normal -0.178 -0.643 -0.745
 outer loop
  vertex 0.919 3.043 2.075
  vertex 1.246 3.787 1.353
  vertex 1.049 2.994 2.086
 endloop
endfacet
facet normal -0.205 -0.636 -0.744
 outer loop
  vertex 1.049 2.994 2.086
  vertex 1.246 3.787 1.353
  vertex 1.699 3.594 1.393
 endloop
endfacet
facet normal -0.217 -0.627 -0.748
 outer loop
  vertex 1.049 2.994 2.086
  vertex 1.699 3.594 1.393
  vertex 1.284 2.888 2.107
 endloop
endfacet
facet normal -0.254 -0.609 -0.751
 outer loop
  vertex 1.284 2.888 2.107
  vertex 1.699 3.594 1.393
  vertex 1.4 2.827 2.117
 endloop
endfacet
facet normal -0.281 -0.598 -0.751
 outer loop
  vertex 1.699 3.594 1.393
  vertex 2.126 3.347 1.43
  vertex 1.4 2.827 2.117
 endloop
endfacet
facet normal -0.291 -0.588 -0.754
 outer loop
  vertex 1.4 2.827 2.117
  vertex 2.126 3.347 1.43
  vertex 1.626 2.689 2.136
 endloop
endfacet
facet normal -0.35 -0.549 -0.759
 outer loop
  vertex 1.626 2.689 2.136
  vertex 2.126 3.347 1.43
  vertex 1.942 2.45 2.164
 endloop
endfacet
facet normal -0.35 -0.549 -0.759
 outer loop
  vertex 1.942 2.45 2.164
  vertex 2.126 3.347 1.43
  vertex 2.519 3.049 1.465
 endloop
endfacet
facet normal -0.414 -0.494 -0.765
 outer loop
  vertex 1.942 2.45 2.164
  vertex 2.519 3.049 1.465
  vertex 2.226 2.173 2.189
 endloop
endfacet
facet normal -0.414 -0.494 -0.765
 outer loop
  vertex 2.226 2.173 2.189
  vertex 2.519 3.049 1.465
  vertex 2.872 2.705 1.496
 endloop
endfacet
facet normal -0.471 -0.431 -0.77
 outer loop
  vertex 2.226 2.173 2.189
  vertex 2.872 2.705 1.496
  vertex 2.474 1.864 2.211
 endloop
endfacet
facet normal -0.471 -0.431 -0.77
 outer loop
  vertex 2.474 1.864 2.211
  vertex 2.872 2.705 1.496
  vertex 3.181 2.32 1.523
 endloop
endfacet
facet normal -0.52 -0.362 -0.774
 outer loop
  vertex 2.474 1.864 2.211
  vertex 3.181 2.32 1.523
  vertex 2.683 1.526 2.229
 endloop
endfacet
facet normal -0.52 -0.362 -0.774
 outer loop
  vertex 2.683 1.526 2.229
  vertex 3.181 2.32 1.523
  vertex 3.44 1.9 1.545
 endloop
endfacet
facet normal -0.559 -0.288 -0.777
 outer loop
  vertex 2.683 1.526 2.229
  vertex 3.44 1.9 1.545
  vertex 2.848 1.165 2.243
 endloop
endfacet
facet normal -0.559 -0.288 -0.777
 outer loop
  vertex 2.848 1.165 2.243
  vertex 3.44 1.9 1.545
  vertex 3.646 1.45 1.563
 endloop
endfacet
facet normal -0.59 -0.209 -0.78
 outer loop
  vertex 2.848 1.165 2.243
  vertex 3.646 1.45 1.563
  vertex 2.968 0.787 2.254
 endloop
endfacet
facet normal -0.59 -0.209 -0.78
 outer loop
  vertex 2.968 0.787 2.254
  vertex 3.646 1.45 1.563
  vertex 3.796 0.979 1.576
 endloop
endfacet
facet normal -0.611 -0.126 -0.782
 outer loop
  vertex 2.968 0.787 2.254
  vertex 3.796 0.979 1.576
  vertex 3.041 0.396 2.26
 endloop
endfacet
facet normal -0.611 -0.126 -0.782
 outer loop
  vertex 3.041 0.396 2.26
  vertex 3.796 0.979 1.576
  vertex 3.886 0.493 1.584
 endloop
endfacet
facet normal -0.621 -0.042 -0.783
 outer loop
  vertex 3.041 0.396 2.26
  vertex 3.886 0.493 1.584
  vertex 3.065 0 2.262
 endloop
endfacet
facet normal -0.621 -0.042 -0.783
 outer loop
  vertex 3.065 0 2.262
  vertex 3.886 0.493 1.584
  vertex 3.916 -0 1.587
 endloop
endfacet
facet normal -0.621 0.042 -0.783
 outer loop
  vertex 3.065 0 2.262
  vertex 3.916 -0 1.587
  vertex 3.041 -0.396 2.26
 endloop
endfacet
facet normal -0.621 0.042 -0.783
 outer loop
  vertex 3.041 -0.396 2.26
  vertex 3.916 -0 1.587
  vertex 3.886 -0.493 1.584
 endloop
endfacet
facet normal -0.611 0.126 -0.782
 outer loop
  vertex 3.041 -0.396 2.26
  vertex 3.886 -0.493 1.584
  vertex 2.968 -0.787 2.254
 endloop
endfacet
facet normal -0.611 0.126 -0.782
 outer loop
  vertex 2.968 -0.787 2.254
  vertex 3.886 -0.493 1.584
  vertex 3.796 -0.979 1.576
 endloop
endfacet
facet normal -0.59 0.209 -0.78
 outer loop
  vertex 2.968 -0.787 2.254
  vertex 3.796 -0.979 1.576
  vertex 2.848 -1.165 2.243
 endloop
endfacet
facet normal -0.59 0.209 -0.78
 outer loop
  vertex 2.848 -1.165 2.243
  vertex 3.796 -0.979 1.576
  vertex 3.646 -1.45 1.563
 endloop
endfacet
facet normal -0.559 0.288 -0.777
 outer loop
  vertex 2.848 -1.165 2.243
  vertex 3.646 -1.45 1.563
  vertex 2.683 -1.526 2.229
 endloop
endfacet
facet normal -0.559 0.288 -0.777
 outer loop
  vertex 2.683 -1.526 2.229
  vertex 3.646 -1.45 1.563
  vertex 3.44 -1.9 1.545
 endloop
endfacet
facet normal -0.52 0.362 -0.774
 outer loop
  vertex 2.683 -1.526 2.229
  vertex 3.44 -1.9 1.545
  vertex 2.474 -1.864 2.211
 endloop
endfacet
facet normal -0.52 0.362 -0.774
 outer loop
  vertex 2.474 -1.864 2.211
  vertex 3.44 -1.9 1.545
  vertex 3.181 -2.32 1.523
 endloop
endfacet
facet normal -0.471 0.431 -0.77
 outer loop
  vertex 2.474 -1.864 2.211
  vertex 3.181 -2.32 1.523
  vertex 2.226 -2.173 2.189
 endloop
endfacet
facet normal -0.471 0.431 -0.77
 outer loop
  vertex 2.226 -2.173 2.189
  vertex 3.181 -2.32 1.523
  vertex 2.872 -2.705 1.496
 endloop
endfacet
facet normal -0.414 0.494 -0.765
 outer loop
  vertex 2.226 -2.173 2.189
  vertex 2.872 -2.705 1.496
  vertex 1.942 -2.45 2.164
 endloop
endfacet
facet normal -0.414 0.494 -0.765
 outer loop
  vertex 1.942 -2.45 2.164
  vertex 2.872 -2.705 1.496
  vertex 2.519 -3.049 1.465
 endloop
endfacet
facet normal -0.35 0.549 -0.759
 outer loop
  vertex 1.942 -2.45 2.164
  vertex 2.519 -3.049 1.465
  vertex 1.626 -2.689 2.136
 endloop
endfacet
facet normal -0.35 0.549 -0.759
 outer loop
  vertex 1.626 -2.689 2.136
  vertex 2.519 -3.049 1.465
  vertex 2.126 -3.347 1.43
 endloop
endfacet
facet normal -0.291 0.588 -0.754
 outer loop
  vertex 1.626 -2.689 2.136
  vertex 2.126 -3.347 1.43
  vertex 1.4 -2.827 2.117
 endloop
endfacet
facet normal -0.281 0.598 -0.751
 outer loop
  vertex 1.4 -2.827 2.117
  vertex 2.126 -3.347 1.43
  vertex 1.699 -3.594 1.393
 endloop
endfacet
facet normal -0.254 0.609 -0.751
 outer loop
  vertex 1.4 -2.827 2.117
  vertex 1.699 -3.594 1.393
  vertex 1.284 -2.888 2.107
 endloop
endfacet
facet normal -0.217 0.627 -0.748
 outer loop
  vertex 1.284 -2.888 2.107
  vertex 1.699 -3.594 1.393
  vertex 1.049 -2.994 2.086
 endloop
endfacet
facet normal -0.205 0.636 -0.744
 outer loop
  vertex 1.699 -3.594 1.393
  vertex 1.246 -3.787 1.353
  vertex 1.049 -2.994 2.086
 endloop
endfacet
facet normal -0.178 0.643 -0.745
 outer loop
  vertex 1.049 -2.994 2.086
  vertex 1.246 -3.787 1.353
  vertex 0.919 -3.043 2.075
 endloop
endfacet
facet normal -0.139 0.657 -0.741
 outer loop
  vertex 0.919 -3.043 2.075
  vertex 1.246 -3.787 1.353
  vertex 0.679 -3.117 2.054
 endloop
endfacet
facet normal -0.125 0.664 -0.737
 outer loop
  vertex 0.679 -3.117 2.054
  vertex 1.246 -3.787 1.353
  vertex 0.772 -3.922 1.312
 endloop
endfacet
facet normal -0.098 0.668 -0.738
 outer loop
  vertex 0.679 -3.117 2.054
  vertex 0.772 -3.922 1.312
  vertex 0.539 -3.151 2.041
 endloop
endfacet
facet normal -0.057 0.677 -0.734
 outer loop
  vertex 0.539 -3.151 2.041
  vertex 0.772 -3.922 1.312
  vertex 0.295 -3.195 2.02
 endloop
endfacet
facet normal -0.043 0.683 -0.73
 outer loop
  vertex 0.772 -3.922 1.312
  vertex 0.285 -3.998 1.269
  vertex 0.295 -3.195 2.02
 endloop
endfacet
facet normal -0.024 0.683 -0.73
 outer loop
  vertex 0.295 -3.195 2.02
  vertex 0.285 -3.998 1.269
  vertex 0.222 -3.204 2.014
 endloop
endfacet
facet normal 0.098 0.687 -0.72
 outer loop
  vertex -0.372 -3.204 1.975
  vertex -0.248 -3.214 1.983
  vertex -0.207 -4.013 1.226
 endloop
endfacet
facet normal 0.069 0.687 -0.723
 outer loop
  vertex -0.207 -4.013 1.226
  vertex -0.248 -3.214 1.983
  vertex -0.099 -3.218 1.993
 endloop
endfacet
facet normal 0.042 0.69 -0.722
 outer loop
  vertex -0.207 -4.013 1.226
  vertex -0.099 -3.218 1.993
  vertex 0.285 -3.998 1.269
 endloop
endfacet
facet normal 0.026 0.687 -0.727
 outer loop
  vertex 0.285 -3.998 1.269
  vertex -0.099 -3.218 1.993
  vertex 0.147 -3.211 2.009
 endloop
endfacet
facet normal -0.008 0.684 -0.73
 outer loop
  vertex 0.285 -3.998 1.269
  vertex 0.147 -3.211 2.009
  vertex 0.222 -3.204 2.014
 endloop
endfacet
facet normal 0.124 0.687 -0.716
 outer loop
  vertex -0.372 -3.204 1.975
  vertex -0.207 -4.013 1.226
  vertex -0.495 -3.194 1.964
 endloop
endfacet
facet normal 0.127 0.688 -0.715
 outer loop
  vertex -0.495 -3.194 1.964
  vertex -0.207 -4.013 1.226
  vertex -0.697 -3.968 1.183
 endloop
endfacet
facet normal 0.153 0.682 -0.716
 outer loop
  vertex -0.495 -3.194 1.964
  vertex -0.697 -3.968 1.183
  vertex -0.641 -3.174 1.951
 endloop
endfacet
facet normal 0.195 0.675 -0.712
 outer loop
  vertex -0.641 -3.174 1.951
  vertex -0.697 -3.968 1.183
  vertex -0.886 -3.126 1.93
 endloop
endfacet
facet normal 0.21 0.675 -0.708
 outer loop
  vertex -0.697 -3.968 1.183
  vertex -1.178 -3.862 1.141
  vertex -0.886 -3.126 1.93
 endloop
endfacet
facet normal 0.236 0.665 -0.708
 outer loop
  vertex -0.886 -3.126 1.93
  vertex -1.178 -3.862 1.141
  vertex -1.026 -3.09 1.918
 endloop
endfacet
facet normal 0.277 0.653 -0.705
 outer loop
  vertex -1.026 -3.09 1.918
  vertex -1.178 -3.862 1.141
  vertex -1.268 -3.01 1.896
 endloop
endfacet
facet normal 0.292 0.651 -0.701
 outer loop
  vertex -1.268 -3.01 1.896
  vertex -1.178 -3.862 1.141
  vertex -1.643 -3.698 1.101
 endloop
endfacet
facet normal 0.316 0.639 -0.701
 outer loop
  vertex -1.268 -3.01 1.896
  vertex -1.643 -3.698 1.101
  vertex -1.397 -2.958 1.885
 endloop
endfacet
facet normal 0.369 0.616 -0.696
 outer loop
  vertex -1.397 -2.958 1.885
  vertex -1.643 -3.698 1.101
  vertex -1.75 -2.782 1.854
 endloop
endfacet
facet normal 0.369 0.616 -0.696
 outer loop
  vertex -1.643 -3.698 1.101
  vertex -2.084 -3.477 1.062
  vertex -1.75 -2.782 1.854
 endloop
endfacet
facet normal 0.442 0.574 -0.69
 outer loop
  vertex -1.75 -2.782 1.854
  vertex -2.084 -3.477 1.062
  vertex -2.078 -2.563 1.825
 endloop
endfacet
facet normal 0.442 0.574 -0.69
 outer loop
  vertex -2.084 -3.477 1.062
  vertex -2.494 -3.204 1.026
  vertex -2.078 -2.563 1.825
 endloop
endfacet
facet normal 0.509 0.523 -0.684
 outer loop
  vertex -2.078 -2.563 1.825
  vertex -2.494 -3.204 1.026
  vertex -2.378 -2.306 1.799
 endloop
endfacet
facet normal 0.509 0.523 -0.684
 outer loop
  vertex -2.494 -3.204 1.026
  vertex -2.868 -2.883 0.993
  vertex -2.378 -2.306 1.799
 endloop
endfacet
facet normal 0.57 0.464 -0.679
 outer loop
  vertex -2.378 -2.306 1.799
  vertex -2.868 -2.883 0.993
  vertex -2.643 -2.014 1.776
 endloop
endfacet
facet normal 0.57 0.464 -0.679
 outer loop
  vertex -2.868 -2.883 0.993
  vertex -3.2 -2.517 0.964
  vertex -2.643 -2.014 1.776
 endloop
endfacet
facet normal 0.623 0.398 -0.674
 outer loop
  vertex -2.643 -2.014 1.776
  vertex -3.2 -2.517 0.964
  vertex -2.871 -1.691 1.756
 endloop
endfacet
facet normal 0.623 0.398 -0.674
 outer loop
  vertex -3.2 -2.517 0.964
  vertex -3.485 -2.114 0.94
  vertex -2.871 -1.691 1.756
 endloop
endfacet
facet normal 0.667 0.326 -0.67
 outer loop
  vertex -2.871 -1.691 1.756
  vertex -3.485 -2.114 0.94
  vertex -3.057 -1.343 1.74
 endloop
endfacet
facet normal 0.667 0.326 -0.67
 outer loop
  vertex -3.485 -2.114 0.94
  vertex -3.718 -1.678 0.919
  vertex -3.057 -1.343 1.74
 endloop
endfacet
facet normal 0.702 0.249 -0.667
 outer loop
  vertex -3.057 -1.343 1.74
  vertex -3.718 -1.678 0.919
  vertex -3.199 -0.974 1.727
 endloop
endfacet
facet normal 0.702 0.249 -0.667
 outer loop
  vertex -3.718 -1.678 0.919
  vertex -3.895 -1.217 0.904
  vertex -3.199 -0.974 1.727
 endloop
endfacet
facet normal 0.728 0.168 -0.665
 outer loop
  vertex -3.199 -0.974 1.727
  vertex -3.895 -1.217 0.904
  vertex -3.295 -0.59 1.719
 endloop
endfacet
facet normal 0.728 0.168 -0.665
 outer loop
  vertex -3.895 -1.217 0.904
  vertex -4.016 -0.738 0.893
  vertex -3.295 -0.59 1.719
 endloop
endfacet
facet normal 0.743 0.085 -0.663
 outer loop
  vertex -3.295 -0.59 1.719
  vertex -4.016 -0.738 0.893
  vertex -3.344 -0.198 1.715
 endloop
endfacet
facet normal 0.621 -0.021 0.783
 outer loop
  vertex -3.697 0.227 0.402
  vertex -4.059 0.247 0.689
  vertex -3.705 0 0.401
 endloop
endfacet
facet normal 0.621 -0.021 0.783
 outer loop
  vertex -3.705 0 0.401
  vertex -4.059 0.247 0.689
  vertex -4.066 0 0.688
 endloop
endfacet
facet normal 0.621 0.021 0.783
 outer loop
  vertex -3.705 0 0.401
  vertex -4.066 0 0.688
  vertex -3.697 -0.227 0.402
 endloop
endfacet
facet normal 0.621 0.021 0.783
 outer loop
  vertex -3.697 -0.227 0.402
  vertex -4.066 0 0.688
  vertex -4.059 -0.247 0.689
 endloop
endfacet
facet normal 0.619 0.064 0.783
 outer loop
  vertex -3.697 -0.227 0.402
  vertex -4.059 -0.247 0.689
  vertex -3.675 -0.455 0.402
 endloop
endfacet
facet normal 0.625 0.085 0.776
 outer loop
  vertex -3.675 -0.455 0.402
  vertex -4.059 -0.247 0.689
  vertex -3.998 -0.738 0.694
 endloop
endfacet
facet normal 0.614 0.106 0.783
 outer loop
  vertex -3.675 -0.455 0.402
  vertex -3.998 -0.738 0.694
  vertex -3.639 -0.676 0.404
 endloop
endfacet
facet normal 0.606 0.148 0.782
 outer loop
  vertex -3.639 -0.676 0.404
  vertex -3.998 -0.738 0.694
  vertex -3.586 -0.902 0.406
 endloop
endfacet
facet normal 0.619 -0.064 0.783
 outer loop
  vertex -3.697 0.227 0.402
  vertex -3.675 0.455 0.402
  vertex -4.059 0.247 0.689
 endloop
endfacet
facet normal 0.625 -0.085 0.776
 outer loop
  vertex -4.059 0.247 0.689
  vertex -3.675 0.455 0.402
  vertex -3.998 0.738 0.694
 endloop
endfacet
facet normal 0.614 -0.106 0.783
 outer loop
  vertex -3.675 0.455 0.402
  vertex -3.639 0.676 0.404
  vertex -3.998 0.738 0.694
 endloop
endfacet
facet normal 0.606 -0.148 0.782
 outer loop
  vertex -3.998 0.738 0.694
  vertex -3.639 0.676 0.404
  vertex -3.586 0.902 0.406
 endloop
endfacet
facet normal 0.609 -0.17 0.775
 outer loop
  vertex -3.998 0.738 0.694
  vertex -3.586 0.902 0.406
  vertex -3.878 1.217 0.704
 endloop
endfacet
facet normal 0.595 -0.189 0.781
 outer loop
  vertex -3.878 1.217 0.704
  vertex -3.586 0.902 0.406
  vertex -3.522 1.113 0.408
 endloop
endfacet
facet normal 0.582 -0.229 0.78
 outer loop
  vertex -3.878 1.217 0.704
  vertex -3.522 1.113 0.408
  vertex -3.439 1.332 0.411
 endloop
endfacet
facet normal 0.583 -0.251 0.772
 outer loop
  vertex -3.878 1.217 0.704
  vertex -3.439 1.332 0.411
  vertex -3.7 1.678 0.72
 endloop
endfacet
facet normal 0.567 -0.269 0.779
 outer loop
  vertex -3.7 1.678 0.72
  vertex -3.439 1.332 0.411
  vertex -3.35 1.53 0.414
 endloop
endfacet
facet normal 0.549 -0.307 0.777
 outer loop
  vertex -3.7 1.678 0.72
  vertex -3.35 1.53 0.414
  vertex -3.239 1.739 0.418
 endloop
endfacet
facet normal 0.547 -0.329 0.77
 outer loop
  vertex -3.7 1.678 0.72
  vertex -3.239 1.739 0.418
  vertex -3.467 2.114 0.74
 endloop
endfacet
facet normal 0.529 -0.345 0.775
 outer loop
  vertex -3.467 2.114 0.74
  vertex -3.239 1.739 0.418
  vertex -3.126 1.921 0.422
 endloop
endfacet
facet normal 0.507 -0.381 0.773
 outer loop
  vertex -3.467 2.114 0.74
  vertex -3.126 1.921 0.422
  vertex -2.988 2.115 0.427
 endloop
endfacet
facet normal 0.502 -0.401 0.766
 outer loop
  vertex -3.467 2.114 0.74
  vertex -2.988 2.115 0.427
  vertex -3.183 2.517 0.765
 endloop
endfacet
facet normal 0.482 -0.415 0.771
 outer loop
  vertex -3.183 2.517 0.765
  vertex -2.988 2.115 0.427
  vertex -2.855 2.278 0.432
 endloop
endfacet
facet normal 0.456 -0.448 0.769
 outer loop
  vertex -3.183 2.517 0.765
  vertex -2.855 2.278 0.432
  vertex -2.692 2.454 0.437
 endloop
endfacet
facet normal 0.449 -0.468 0.762
 outer loop
  vertex -3.183 2.517 0.765
  vertex -2.692 2.454 0.437
  vertex -2.851 2.883 0.794
 endloop
endfacet
facet normal 0.427 -0.48 0.766
 outer loop
  vertex -2.851 2.883 0.794
  vertex -2.692 2.454 0.437
  vertex -2.542 2.596 0.443
 endloop
endfacet
facet normal 0.397 -0.509 0.764
 outer loop
  vertex -2.851 2.883 0.794
  vertex -2.542 2.596 0.443
  vertex -2.356 2.75 0.449
 endloop
endfacet
facet normal 0.387 -0.527 0.757
 outer loop
  vertex -2.851 2.883 0.794
  vertex -2.356 2.75 0.449
  vertex -2.477 3.204 0.827
 endloop
endfacet
facet normal 0.375 -0.532 0.759
 outer loop
  vertex -2.477 3.204 0.827
  vertex -2.356 2.75 0.449
  vertex -2.288 2.802 0.452
 endloop
endfacet
facet normal 0.358 -0.542 0.76
 outer loop
  vertex -2.477 3.204 0.827
  vertex -2.288 2.802 0.452
  vertex -2.192 2.871 0.455
 endloop
endfacet
facet normal 0.331 -0.562 0.758
 outer loop
  vertex -2.192 2.871 0.455
  vertex -1.988 3 0.462
  vertex -2.477 3.204 0.827
 endloop
endfacet
facet normal 0.319 -0.578 0.751
 outer loop
  vertex -2.477 3.204 0.827
  vertex -1.988 3 0.462
  vertex -2.066 3.477 0.863
 endloop
endfacet
facet normal 0.296 -0.586 0.755
 outer loop
  vertex -1.988 3 0.462
  vertex -1.812 3.098 0.469
  vertex -2.066 3.477 0.863
 endloop
endfacet
facet normal 0.259 -0.607 0.752
 outer loop
  vertex -2.066 3.477 0.863
  vertex -1.812 3.098 0.469
  vertex -1.594 3.2 0.476
 endloop
endfacet
facet normal 0.245 -0.621 0.745
 outer loop
  vertex -2.066 3.477 0.863
  vertex -1.594 3.2 0.476
  vertex -1.625 3.698 0.901
 endloop
endfacet
facet normal 0.221 -0.625 0.748
 outer loop
  vertex -1.625 3.698 0.901
  vertex -1.594 3.2 0.476
  vertex -1.409 3.274 0.483
 endloop
endfacet
facet normal 0.182 -0.642 0.745
 outer loop
  vertex -1.625 3.698 0.901
  vertex -1.409 3.274 0.483
  vertex -1.18 3.348 0.491
 endloop
endfacet
facet normal 0.167 -0.654 0.738
 outer loop
  vertex -1.625 3.698 0.901
  vertex -1.18 3.348 0.491
  vertex -1.161 3.862 0.942
 endloop
endfacet
facet normal 0.142 -0.656 0.741
 outer loop
  vertex -1.161 3.862 0.942
  vertex -1.18 3.348 0.491
  vertex -0.989 3.397 0.498
 endloop
endfacet
facet normal 0.102 -0.667 0.738
 outer loop
  vertex -1.161 3.862 0.942
  vertex -0.989 3.397 0.498
  vertex -0.754 3.442 0.506
 endloop
endfacet
facet normal 0.085 -0.677 0.731
 outer loop
  vertex -1.161 3.862 0.942
  vertex -0.754 3.442 0.506
  vertex -0.68 3.968 0.984
 endloop
endfacet
facet normal 0.06 -0.676 0.734
 outer loop
  vertex -0.68 3.968 0.984
  vertex -0.754 3.442 0.506
  vertex -0.56 3.467 0.513
 endloop
endfacet
facet normal 0.019 -0.683 0.731
 outer loop
  vertex -0.68 3.968 0.984
  vertex -0.56 3.467 0.513
  vertex -0.323 3.482 0.521
 endloop
endfacet
facet normal 0.001 -0.69 0.724
 outer loop
  vertex -0.68 3.968 0.984
  vertex -0.323 3.482 0.521
  vertex -0.189 4.013 1.027
 endloop
endfacet
facet normal -0.023 -0.686 0.727
 outer loop
  vertex -0.189 4.013 1.027
  vertex -0.323 3.482 0.521
  vertex -0.129 3.483 0.528
 endloop
endfacet
facet normal -0.065 -0.688 0.723
 outer loop
  vertex -0.189 4.013 1.027
  vertex -0.129 3.483 0.528
  vertex 0.107 3.469 0.536
 endloop
endfacet
facet normal -0.084 -0.692 0.717
 outer loop
  vertex -0.189 4.013 1.027
  vertex 0.107 3.469 0.536
  vertex 0.303 3.998 1.07
 endloop
endfacet
facet normal -0.108 -0.686 0.72
 outer loop
  vertex 0.303 3.998 1.07
  vertex 0.107 3.469 0.536
  vertex 0.298 3.446 0.543
 endloop
endfacet
facet normal -0.149 -0.682 0.716
 outer loop
  vertex 0.303 3.998 1.07
  vertex 0.298 3.446 0.543
  vertex 0.528 3.404 0.551
 endloop
endfacet
facet normal -0.169 -0.684 0.71
 outer loop
  vertex 0.303 3.998 1.07
  vertex 0.528 3.404 0.551
  vertex 0.789 3.922 1.113
 endloop
endfacet
facet normal -0.191 -0.675 0.712
 outer loop
  vertex 0.789 3.922 1.113
  vertex 0.528 3.404 0.551
  vertex 0.714 3.359 0.558
 endloop
endfacet
facet normal -0.232 -0.666 0.709
 outer loop
  vertex 0.789 3.922 1.113
  vertex 0.714 3.359 0.558
  vertex 0.936 3.29 0.566
 endloop
endfacet
facet normal -0.252 -0.666 0.703
 outer loop
  vertex 0.789 3.922 1.113
  vertex 0.936 3.29 0.566
  vertex 1.263 3.787 1.154
 endloop
endfacet
facet normal -0.273 -0.655 0.705
 outer loop
  vertex 1.263 3.787 1.154
  vertex 0.936 3.29 0.566
  vertex 1.114 3.222 0.572
 endloop
endfacet
facet normal -0.312 -0.64 0.702
 outer loop
  vertex 1.263 3.787 1.154
  vertex 1.114 3.222 0.572
  vertex 1.324 3.128 0.579
 endloop
endfacet
facet normal -0.332 -0.637 0.696
 outer loop
  vertex 1.263 3.787 1.154
  vertex 1.324 3.128 0.579
  vertex 1.717 3.594 1.194
 endloop
endfacet
facet normal -0.351 -0.624 0.698
 outer loop
  vertex 1.717 3.594 1.194
  vertex 1.324 3.128 0.579
  vertex 1.493 3.039 0.585
 endloop
endfacet
facet normal -0.389 -0.605 0.695
 outer loop
  vertex 1.717 3.594 1.194
  vertex 1.493 3.039 0.585
  vertex 1.687 2.922 0.592
 endloop
endfacet
facet normal -0.407 -0.599 0.689
 outer loop
  vertex 1.717 3.594 1.194
  vertex 1.687 2.922 0.592
  vertex 2.143 3.347 1.231
 endloop
endfacet
facet normal -0.425 -0.584 0.692
 outer loop
  vertex 2.143 3.347 1.231
  vertex 1.687 2.922 0.592
  vertex 1.844 2.814 0.598
 endloop
endfacet
facet normal -0.461 -0.56 0.689
 outer loop
  vertex 2.143 3.347 1.231
  vertex 1.844 2.814 0.598
  vertex 2.021 2.676 0.604
 endloop
endfacet
facet normal -0.478 -0.552 0.683
 outer loop
  vertex 2.143 3.347 1.231
  vertex 2.021 2.676 0.604
  vertex 2.536 3.049 1.266
 endloop
endfacet
facet normal -0.494 -0.535 0.686
 outer loop
  vertex 2.536 3.049 1.266
  vertex 2.021 2.676 0.604
  vertex 2.165 2.55 0.609
 endloop
endfacet
facet normal -0.526 -0.507 0.683
 outer loop
  vertex 2.536 3.049 1.266
  vertex 2.165 2.55 0.609
  vertex 2.322 2.395 0.615
 endloop
endfacet
facet normal -0.543 -0.496 0.678
 outer loop
  vertex 2.536 3.049 1.266
  vertex 2.322 2.395 0.615
  vertex 2.89 2.705 1.296
 endloop
endfacet
facet normal -0.556 -0.477 0.68
 outer loop
  vertex 2.89 2.705 1.296
  vertex 2.322 2.395 0.615
  vertex 2.45 2.252 0.619
 endloop
endfacet
facet normal -0.584 -0.446 0.678
 outer loop
  vertex 2.89 2.705 1.296
  vertex 2.45 2.252 0.619
  vertex 2.586 2.081 0.624
 endloop
endfacet
facet normal -0.6 -0.433 0.673
 outer loop
  vertex 2.89 2.705 1.296
  vertex 2.586 2.081 0.624
  vertex 3.199 2.32 1.323
 endloop
endfacet
facet normal -0.611 -0.413 0.676
 outer loop
  vertex 3.199 2.32 1.323
  vertex 2.586 2.081 0.624
  vertex 2.697 1.923 0.628
 endloop
endfacet
facet normal -0.635 -0.379 0.673
 outer loop
  vertex 3.199 2.32 1.323
  vertex 2.697 1.923 0.628
  vertex 2.811 1.74 0.632
 endloop
endfacet
facet normal -0.649 -0.364 0.669
 outer loop
  vertex 3.199 2.32 1.323
  vertex 2.811 1.74 0.632
  vertex 3.458 1.9 1.346
 endloop
endfacet
facet normal -0.657 -0.343 0.671
 outer loop
  vertex 3.458 1.9 1.346
  vertex 2.811 1.74 0.632
  vertex 2.903 1.57 0.635
 endloop
endfacet
facet normal -0.677 -0.306 0.67
 outer loop
  vertex 3.458 1.9 1.346
  vertex 2.903 1.57 0.635
  vertex 2.993 1.377 0.638
 endloop
endfacet
facet normal -0.689 -0.289 0.665
 outer loop
  vertex 3.458 1.9 1.346
  vertex 2.993 1.377 0.638
  vertex 3.664 1.45 1.364
 endloop
endfacet
facet normal -0.694 -0.267 0.668
 outer loop
  vertex 3.664 1.45 1.364
  vertex 2.993 1.377 0.638
  vertex 3.066 1.195 0.641
 endloop
endfacet
facet normal -0.71 -0.228 0.667
 outer loop
  vertex 3.664 1.45 1.364
  vertex 3.066 1.195 0.641
  vertex 3.132 0.996 0.643
 endloop
endfacet
facet normal -0.719 -0.21 0.662
 outer loop
  vertex 3.664 1.45 1.364
  vertex 3.132 0.996 0.643
  vertex 3.813 0.979 1.377
 endloop
endfacet
facet normal -0.722 -0.188 0.666
 outer loop
  vertex 3.813 0.979 1.377
  vertex 3.132 0.996 0.643
  vertex 3.183 0.805 0.645
 endloop
endfacet
facet normal -0.732 -0.147 0.665
 outer loop
  vertex 3.813 0.979 1.377
  vertex 3.183 0.805 0.645
  vertex 3.225 0.603 0.646
 endloop
endfacet
facet normal -0.74 -0.127 0.661
 outer loop
  vertex 3.813 0.979 1.377
  vertex 3.225 0.603 0.646
  vertex 3.903 0.493 1.385
 endloop
endfacet
facet normal -0.74 -0.105 0.664
 outer loop
  vertex 3.903 0.493 1.385
  vertex 3.225 0.603 0.646
  vertex 3.254 0.405 0.647
 endloop
endfacet
facet normal -0.745 -0.063 0.664
 outer loop
  vertex 3.903 0.493 1.385
  vertex 3.254 0.405 0.647
  vertex 3.272 0.202 0.648
 endloop
endfacet
facet normal -0.75 -0.043 0.66
 outer loop
  vertex 3.903 0.493 1.385
  vertex 3.272 0.202 0.648
  vertex 3.934 -0 1.388
 endloop
endfacet
facet normal -0.748 -0.021 0.663
 outer loop
  vertex 3.934 -0 1.388
  vertex 3.272 0.202 0.648
  vertex 3.278 -0 0.648
 endloop
endfacet
facet normal -0.748 0.021 0.663
 outer loop
  vertex 3.934 -0 1.388
  vertex 3.278 -0 0.648
  vertex 3.272 -0.202 0.648
 endloop
endfacet
facet normal -0.75 0.043 0.66
 outer loop
  vertex 3.934 -0 1.388
  vertex 3.272 -0.202 0.648
  vertex 3.903 -0.493 1.385
 endloop
endfacet
facet normal -0.745 0.063 0.664
 outer loop
  vertex 3.903 -0.493 1.385
  vertex 3.272 -0.202 0.648
  vertex 3.254 -0.405 0.647
 endloop
endfacet
facet normal -0.74 0.105 0.664
 outer loop
  vertex 3.903 -0.493 1.385
  vertex 3.254 -0.405 0.647
  vertex 3.225 -0.603 0.646
 endloop
endfacet
facet normal -0.74 0.127 0.661
 outer loop
  vertex 3.903 -0.493 1.385
  vertex 3.225 -0.603 0.646
  vertex 3.813 -0.979 1.377
 endloop
endfacet
facet normal -0.732 0.147 0.665
 outer loop
  vertex 3.813 -0.979 1.377
  vertex 3.225 -0.603 0.646
  vertex 3.183 -0.805 0.645
 endloop
endfacet
facet normal -0.722 0.188 0.666
 outer loop
  vertex 3.813 -0.979 1.377
  vertex 3.183 -0.805 0.645
  vertex 3.132 -0.996 0.643
 endloop
endfacet
facet normal -0.719 0.21 0.662
 outer loop
  vertex 3.813 -0.979 1.377
  vertex 3.132 -0.996 0.643
  vertex 3.664 -1.45 1.364
 endloop
endfacet
facet normal -0.71 0.228 0.667
 outer loop
  vertex 3.664 -1.45 1.364
  vertex 3.132 -0.996 0.643
  vertex 3.066 -1.195 0.641
 endloop
endfacet
facet normal -0.694 0.267 0.668
 outer loop
  vertex 3.664 -1.45 1.364
  vertex 3.066 -1.195 0.641
  vertex 2.993 -1.377 0.638
 endloop
endfacet
facet normal -0.689 0.289 0.665
 outer loop
  vertex 3.664 -1.45 1.364
  vertex 2.993 -1.377 0.638
  vertex 3.458 -1.9 1.346
 endloop
endfacet
facet normal -0.677 0.306 0.67
 outer loop
  vertex 3.458 -1.9 1.346
  vertex 2.993 -1.377 0.638
  vertex 2.903 -1.57 0.635
 endloop
endfacet
facet normal -0.657 0.343 0.671
 outer loop
  vertex 3.458 -1.9 1.346
  vertex 2.903 -1.57 0.635
  vertex 2.811 -1.74 0.632
 endloop
endfacet
facet normal -0.649 0.364 0.669
 outer loop
  vertex 3.458 -1.9 1.346
  vertex 2.811 -1.74 0.632
  vertex 3.199 -2.32 1.323
 endloop
endfacet
facet normal -0.635 0.379 0.673
 outer loop
  vertex 3.199 -2.32 1.323
  vertex 2.811 -1.74 0.632
  vertex 2.697 -1.923 0.628
 endloop
endfacet
facet normal -0.611 0.413 0.676
 outer loop
  vertex 3.199 -2.32 1.323
  vertex 2.697 -1.923 0.628
  vertex 2.586 -2.081 0.624
 endloop
endfacet
facet normal -0.6 0.433 0.673
 outer loop
  vertex 3.199 -2.32 1.323
  vertex 2.586 -2.081 0.624
  vertex 2.89 -2.705 1.296
 endloop
endfacet
facet normal -0.584 0.446 0.678
 outer loop
  vertex 2.89 -2.705 1.296
  vertex 2.586 -2.081 0.624
  vertex 2.45 -2.252 0.619
 endloop
endfacet
facet normal -0.556 0.477 0.68
 outer loop
  vertex 2.89 -2.705 1.296
  vertex 2.45 -2.252 0.619
  vertex 2.322 -2.395 0.615
 endloop
endfacet
facet normal -0.543 0.496 0.678
 outer loop
  vertex 2.89 -2.705 1.296
  vertex 2.322 -2.395 0.615
  vertex 2.536 -3.049 1.266
 endloop
endfacet
facet normal -0.526 0.507 0.683
 outer loop
  vertex 2.536 -3.049 1.266
  vertex 2.322 -2.395 0.615
  vertex 2.165 -2.55 0.609
 endloop
endfacet
facet normal -0.494 0.535 0.686
 outer loop
  vertex 2.536 -3.049 1.266
  vertex 2.165 -2.55 0.609
  vertex 2.021 -2.676 0.604
 endloop
endfacet
facet normal -0.478 0.552 0.683
 outer loop
  vertex 2.536 -3.049 1.266
  vertex 2.021 -2.676 0.604
  vertex 2.143 -3.347 1.231
 endloop
endfacet
facet normal -0.461 0.56 0.689
 outer loop
  vertex 2.143 -3.347 1.231
  vertex 2.021 -2.676 0.604
  vertex 1.844 -2.814 0.598
 endloop
endfacet
facet normal -0.425 0.584 0.692
 outer loop
  vertex 2.143 -3.347 1.231
  vertex 1.844 -2.814 0.598
  vertex 1.687 -2.922 0.592
 endloop
endfacet
facet normal -0.407 0.599 0.689
 outer loop
  vertex 2.143 -3.347 1.231
  vertex 1.687 -2.922 0.592
  vertex 1.717 -3.594 1.194
 endloop
endfacet
facet normal -0.389 0.605 0.695
 outer loop
  vertex 1.717 -3.594 1.194
  vertex 1.687 -2.922 0.592
  vertex 1.493 -3.039 0.585
 endloop
endfacet
facet normal -0.351 0.624 0.698
 outer loop
  vertex 1.717 -3.594 1.194
  vertex 1.493 -3.039 0.585
  vertex 1.324 -3.128 0.579
 endloop
endfacet
facet normal -0.332 0.637 0.696
 outer loop
  vertex 1.717 -3.594 1.194
  vertex 1.324 -3.128 0.579
  vertex 1.263 -3.787 1.154
 endloop
endfacet
facet normal -0.312 0.64 0.702
 outer loop
  vertex 1.263 -3.787 1.154
  vertex 1.324 -3.128 0.579
  vertex 1.114 -3.222 0.572
 endloop
endfacet
facet normal -0.273 0.655 0.705
 outer loop
  vertex 1.263 -3.787 1.154
  vertex 1.114 -3.222 0.572
  vertex 0.936 -3.29 0.566
 endloop
endfacet
facet normal -0.252 0.666 0.703
 outer loop
  vertex 1.263 -3.787 1.154
  vertex 0.936 -3.29 0.566
  vertex 0.789 -3.922 1.113
 endloop
endfacet
facet normal -0.232 0.666 0.709
 outer loop
  vertex 0.789 -3.922 1.113
  vertex 0.936 -3.29 0.566
  vertex 0.714 -3.359 0.558
 endloop
endfacet
facet normal -0.191 0.675 0.712
 outer loop
  vertex 0.789 -3.922 1.113
  vertex 0.714 -3.359 0.558
  vertex 0.528 -3.404 0.551
 endloop
endfacet
facet normal -0.169 0.684 0.71
 outer loop
  vertex 0.789 -3.922 1.113
  vertex 0.528 -3.404 0.551
  vertex 0.303 -3.998 1.07
 endloop
endfacet
facet normal -0.149 0.682 0.716
 outer loop
  vertex 0.303 -3.998 1.07
  vertex 0.528 -3.404 0.551
  vertex 0.298 -3.446 0.543
 endloop
endfacet
facet normal -0.108 0.686 0.72
 outer loop
  vertex 0.303 -3.998 1.07
  vertex 0.298 -3.446 0.543
  vertex 0.107 -3.469 0.536
 endloop
endfacet
facet normal -0.084 0.692 0.717
 outer loop
  vertex 0.303 -3.998 1.07
  vertex 0.107 -3.469 0.536
  vertex -0.189 -4.013 1.027
 endloop
endfacet
facet normal -0.065 0.688 0.723
 outer loop
  vertex -0.189 -4.013 1.027
  vertex 0.107 -3.469 0.536
  vertex -0.129 -3.483 0.528
 endloop
endfacet
facet normal -0.023 0.686 0.727
 outer loop
  vertex -0.189 -4.013 1.027
  vertex -0.129 -3.483 0.528
  vertex -0.323 -3.482 0.521
 endloop
endfacet
facet normal 0.001 0.69 0.724
 outer loop
  vertex -0.189 -4.013 1.027
  vertex -0.323 -3.482 0.521
  vertex -0.68 -3.968 0.984
 endloop
endfacet
facet normal 0.019 0.683 0.731
 outer loop
  vertex -0.68 -3.968 0.984
  vertex -0.323 -3.482 0.521
  vertex -0.56 -3.467 0.513
 endloop
endfacet
facet normal 0.06 0.676 0.734
 outer loop
  vertex -0.68 -3.968 0.984
  vertex -0.56 -3.467 0.513
  vertex -0.754 -3.442 0.506
 endloop
endfacet
facet normal 0.085 0.677 0.731
 outer loop
  vertex -0.68 -3.968 0.984
  vertex -0.754 -3.442 0.506
  vertex -1.161 -3.862 0.942
 endloop
endfacet
facet normal 0.102 0.667 0.738
 outer loop
  vertex -1.161 -3.862 0.942
  vertex -0.754 -3.442 0.506
  vertex -0.989 -3.397 0.498
 endloop
endfacet
facet normal 0.142 0.656 0.741
 outer loop
  vertex -1.161 -3.862 0.942
  vertex -0.989 -3.397 0.498
  vertex -1.18 -3.348 0.491
 endloop
endfacet
facet normal 0.167 0.654 0.738
 outer loop
  vertex -1.161 -3.862 0.942
  vertex -1.18 -3.348 0.491
  vertex -1.625 -3.698 0.901
 endloop
endfacet
facet normal 0.182 0.642 0.745
 outer loop
  vertex -1.625 -3.698 0.901
  vertex -1.18 -3.348 0.491
  vertex -1.409 -3.274 0.483
 endloop
endfacet
facet normal 0.221 0.625 0.748
 outer loop
  vertex -1.625 -3.698 0.901
  vertex -1.409 -3.274 0.483
  vertex -1.594 -3.2 0.476
 endloop
endfacet
facet normal 0.245 0.621 0.745
 outer loop
  vertex -1.625 -3.698 0.901
  vertex -1.594 -3.2 0.476
  vertex -2.066 -3.477 0.863
 endloop
endfacet
facet normal 0.259 0.607 0.752
 outer loop
  vertex -2.066 -3.477 0.863
  vertex -1.594 -3.2 0.476
  vertex -1.812 -3.098 0.469
 endloop
endfacet
facet normal 0.296 0.586 0.755
 outer loop
  vertex -2.066 -3.477 0.863
  vertex -1.812 -3.098 0.469
  vertex -1.988 -3 0.462
 endloop
endfacet
facet normal 0.319 0.578 0.751
 outer loop
  vertex -2.066 -3.477 0.863
  vertex -1.988 -3 0.462
  vertex -2.477 -3.204 0.827
 endloop
endfacet
facet normal 0.331 0.562 0.758
 outer loop
  vertex -2.477 -3.204 0.827
  vertex -1.988 -3 0.462
  vertex -2.192 -2.871 0.455
 endloop
endfacet
facet normal 0.365 0.537 0.761
 outer loop
  vertex -2.477 -3.204 0.827
  vertex -2.192 -2.871 0.455
  vertex -2.356 -2.75 0.449
 endloop
endfacet
facet normal 0.387 0.527 0.757
 outer loop
  vertex -2.477 -3.204 0.827
  vertex -2.356 -2.75 0.449
  vertex -2.851 -2.883 0.794
 endloop
endfacet
facet normal 0.397 0.509 0.764
 outer loop
  vertex -2.851 -2.883 0.794
  vertex -2.356 -2.75 0.449
  vertex -2.542 -2.596 0.443
 endloop
endfacet
facet normal 0.427 0.48 0.766
 outer loop
  vertex -2.851 -2.883 0.794
  vertex -2.542 -2.596 0.443
  vertex -2.692 -2.454 0.437
 endloop
endfacet
facet normal 0.449 0.468 0.762
 outer loop
  vertex -2.851 -2.883 0.794
  vertex -2.692 -2.454 0.437
  vertex -3.183 -2.517 0.765
 endloop
endfacet
facet normal 0.456 0.448 0.769
 outer loop
  vertex -3.183 -2.517 0.765
  vertex -2.692 -2.454 0.437
  vertex -2.855 -2.278 0.432
 endloop
endfacet
facet normal 0.482 0.415 0.771
 outer loop
  vertex -3.183 -2.517 0.765
  vertex -2.855 -2.278 0.432
  vertex -2.988 -2.115 0.427
 endloop
endfacet
facet normal 0.502 0.401 0.766
 outer loop
  vertex -3.183 -2.517 0.765
  vertex -2.988 -2.115 0.427
  vertex -3.467 -2.114 0.74
 endloop
endfacet
facet normal 0.507 0.381 0.773
 outer loop
  vertex -3.467 -2.114 0.74
  vertex -2.988 -2.115 0.427
  vertex -3.126 -1.921 0.422
 endloop
endfacet
facet normal 0.529 0.345 0.775
 outer loop
  vertex -3.467 -2.114 0.74
  vertex -3.126 -1.921 0.422
  vertex -3.239 -1.739 0.418
 endloop
endfacet
facet normal 0.547 0.329 0.77
 outer loop
  vertex -3.467 -2.114 0.74
  vertex -3.239 -1.739 0.418
  vertex -3.7 -1.678 0.72
 endloop
endfacet
facet normal 0.549 0.307 0.777
 outer loop
  vertex -3.7 -1.678 0.72
  vertex -3.239 -1.739 0.418
  vertex -3.35 -1.53 0.414
 endloop
endfacet
facet normal 0.567 0.269 0.779
 outer loop
  vertex -3.7 -1.678 0.72
  vertex -3.35 -1.53 0.414
  vertex -3.439 -1.332 0.411
 endloop
endfacet
facet normal 0.583 0.251 0.772
 outer loop
  vertex -3.7 -1.678 0.72
  vertex -3.439 -1.332 0.411
  vertex -3.878 -1.217 0.704
 endloop
endfacet
facet normal 0.582 0.229 0.78
 outer loop
  vertex -3.878 -1.217 0.704
  vertex -3.439 -1.332 0.411
  vertex -3.522 -1.113 0.408
 endloop
endfacet
facet normal 0.595 0.189 0.781
 outer loop
  vertex -3.878 -1.217 0.704
  vertex -3.522 -1.113 0.408
  vertex -3.586 -0.902 0.406
 endloop
endfacet
facet normal 0.609 0.17 0.775
 outer loop
  vertex -3.998 -0.738 0.694
  vertex -3.878 -1.217 0.704
  vertex -3.586 -0.902 0.406
 endloop
endfacet
facet normal 0.996 0.031 0.087
 outer loop
  vertex -4.076 -0.247 0.888
  vertex -4.059 -0.247 0.689
  vertex -4.084 0 0.887
 endloop
endfacet
facet normal 0.996 0.031 0.087
 outer loop
  vertex -4.084 0 0.887
  vertex -4.059 -0.247 0.689
  vertex -4.066 0 0.688
 endloop
endfacet
facet normal 0.996 -0.031 0.087
 outer loop
  vertex -4.084 0 0.887
  vertex -4.066 0 0.688
  vertex -4.076 0.247 0.888
 endloop
endfacet
facet normal 0.996 -0.031 0.087
 outer loop
  vertex -4.076 0.247 0.888
  vertex -4.066 0 0.688
  vertex -4.059 0.247 0.689
 endloop
endfacet
facet normal 0.989 -0.123 0.086
 outer loop
  vertex -4.076 0.247 0.888
  vertex -4.059 0.247 0.689
  vertex -4.016 0.738 0.893
 endloop
endfacet
facet normal 0.989 -0.123 0.086
 outer loop
  vertex -4.016 0.738 0.893
  vertex -4.059 0.247 0.689
  vertex -3.998 0.738 0.694
 endloop
endfacet
facet normal 0.966 -0.244 0.085
 outer loop
  vertex -4.016 0.738 0.893
  vertex -3.998 0.738 0.694
  vertex -3.895 1.217 0.904
 endloop
endfacet
facet normal 0.966 -0.244 0.085
 outer loop
  vertex -3.895 1.217 0.904
  vertex -3.998 0.738 0.694
  vertex -3.878 1.217 0.704
 endloop
endfacet
facet normal 0.929 -0.361 0.081
 outer loop
  vertex -3.895 1.217 0.904
  vertex -3.878 1.217 0.704
  vertex -3.718 1.678 0.919
 endloop
endfacet
facet normal 0.929 -0.361 0.081
 outer loop
  vertex -3.718 1.678 0.919
  vertex -3.878 1.217 0.704
  vertex -3.7 1.678 0.72
 endloop
endfacet
facet normal 0.878 -0.473 0.077
 outer loop
  vertex -3.718 1.678 0.919
  vertex -3.7 1.678 0.72
  vertex -3.485 2.114 0.94
 endloop
endfacet
facet normal 0.878 -0.473 0.077
 outer loop
  vertex -3.485 2.114 0.94
  vertex -3.7 1.678 0.72
  vertex -3.467 2.114 0.74
 endloop
endfacet
facet normal 0.813 -0.578 0.071
 outer loop
  vertex -3.485 2.114 0.94
  vertex -3.467 2.114 0.74
  vertex -3.2 2.517 0.964
 endloop
endfacet
facet normal 0.813 -0.578 0.071
 outer loop
  vertex -3.2 2.517 0.964
  vertex -3.467 2.114 0.74
  vertex -3.183 2.517 0.765
 endloop
endfacet
facet normal 0.736 -0.674 0.064
 outer loop
  vertex -3.2 2.517 0.964
  vertex -3.183 2.517 0.765
  vertex -2.868 2.883 0.993
 endloop
endfacet
facet normal 0.736 -0.674 0.064
 outer loop
  vertex -2.868 2.883 0.993
  vertex -3.183 2.517 0.765
  vertex -2.851 2.883 0.794
 endloop
endfacet
facet normal 0.648 -0.759 0.057
 outer loop
  vertex -2.868 2.883 0.993
  vertex -2.851 2.883 0.794
  vertex -2.494 3.204 1.026
 endloop
endfacet
facet normal 0.648 -0.759 0.057
 outer loop
  vertex -2.494 3.204 1.026
  vertex -2.851 2.883 0.794
  vertex -2.477 3.204 0.827
 endloop
endfacet
facet normal 0.55 -0.834 0.048
 outer loop
  vertex -2.494 3.204 1.026
  vertex -2.477 3.204 0.827
  vertex -2.084 3.477 1.062
 endloop
endfacet
facet normal 0.55 -0.834 0.048
 outer loop
  vertex -2.084 3.477 1.062
  vertex -2.477 3.204 0.827
  vertex -2.066 3.477 0.863
 endloop
endfacet
facet normal 0.444 -0.895 0.039
 outer loop
  vertex -2.084 3.477 1.062
  vertex -2.066 3.477 0.863
  vertex -1.643 3.698 1.101
 endloop
endfacet
facet normal 0.444 -0.895 0.039
 outer loop
  vertex -1.643 3.698 1.101
  vertex -2.066 3.477 0.863
  vertex -1.625 3.698 0.901
 endloop
endfacet
facet normal 0.331 -0.943 0.029
 outer loop
  vertex -1.643 3.698 1.101
  vertex -1.625 3.698 0.901
  vertex -1.178 3.862 1.141
 endloop
endfacet
facet normal 0.331 -0.943 0.029
 outer loop
  vertex -1.178 3.862 1.141
  vertex -1.625 3.698 0.901
  vertex -1.161 3.862 0.942
 endloop
endfacet
facet normal 0.213 -0.977 0.019
 outer loop
  vertex -1.178 3.862 1.141
  vertex -1.161 3.862 0.942
  vertex -0.697 3.968 1.183
 endloop
endfacet
facet normal 0.213 -0.977 0.019
 outer loop
  vertex -0.697 3.968 1.183
  vertex -1.161 3.862 0.942
  vertex -0.68 3.968 0.984
 endloop
endfacet
facet normal 0.092 -0.996 0.008
 outer loop
  vertex -0.697 3.968 1.183
  vertex -0.68 3.968 0.984
  vertex -0.207 4.013 1.226
 endloop
endfacet
facet normal 0.092 -0.996 0.008
 outer loop
  vertex -0.207 4.013 1.226
  vertex -0.68 3.968 0.984
  vertex -0.189 4.013 1.027
 endloop
endfacet
facet normal -0.031 -1 -0.003
 outer loop
  vertex -0.207 4.013 1.226
  vertex -0.189 4.013 1.027
  vertex 0.285 3.998 1.269
 endloop
endfacet
facet normal -0.031 -1 -0.003
 outer loop
  vertex 0.285 3.998 1.269
  vertex -0.189 4.013 1.027
  vertex 0.303 3.998 1.07
 endloop
endfacet
facet normal -0.153 -0.988 -0.013
 outer loop
  vertex 0.285 3.998 1.269
  vertex 0.303 3.998 1.07
  vertex 0.772 3.922 1.312
 endloop
endfacet
facet normal -0.153 -0.988 -0.013
 outer loop
  vertex 0.772 3.922 1.312
  vertex 0.303 3.998 1.07
  vertex 0.789 3.922 1.113
 endloop
endfacet
facet normal -0.273 -0.962 -0.024
 outer loop
  vertex 0.772 3.922 1.312
  vertex 0.789 3.922 1.113
  vertex 1.246 3.787 1.353
 endloop
endfacet
facet normal -0.273 -0.962 -0.024
 outer loop
  vertex 1.246 3.787 1.353
  vertex 0.789 3.922 1.113
  vertex 1.263 3.787 1.154
 endloop
endfacet
facet normal -0.388 -0.921 -0.034
 outer loop
  vertex 1.246 3.787 1.353
  vertex 1.263 3.787 1.154
  vertex 1.699 3.594 1.393
 endloop
endfacet
facet normal -0.388 -0.921 -0.034
 outer loop
  vertex 1.699 3.594 1.393
  vertex 1.263 3.787 1.154
  vertex 1.717 3.594 1.194
 endloop
endfacet
facet normal -0.498 -0.866 -0.044
 outer loop
  vertex 1.699 3.594 1.393
  vertex 1.717 3.594 1.194
  vertex 2.126 3.347 1.43
 endloop
endfacet
facet normal -0.498 -0.866 -0.044
 outer loop
  vertex 2.126 3.347 1.43
  vertex 1.717 3.594 1.194
  vertex 2.143 3.347 1.231
 endloop
endfacet
facet normal -0.6 -0.798 -0.053
 outer loop
  vertex 2.126 3.347 1.43
  vertex 2.143 3.347 1.231
  vertex 2.519 3.049 1.465
 endloop
endfacet
facet normal -0.6 -0.798 -0.053
 outer loop
  vertex 2.519 3.049 1.465
  vertex 2.143 3.347 1.231
  vertex 2.536 3.049 1.266
 endloop
endfacet
facet normal -0.693 -0.718 -0.061
 outer loop
  vertex 2.519 3.049 1.465
  vertex 2.536 3.049 1.266
  vertex 2.872 2.705 1.496
 endloop
endfacet
facet normal -0.693 -0.718 -0.061
 outer loop
  vertex 2.872 2.705 1.496
  vertex 2.536 3.049 1.266
  vertex 2.89 2.705 1.296
 endloop
endfacet
facet normal -0.776 -0.627 -0.068
 outer loop
  vertex 2.872 2.705 1.496
  vertex 2.89 2.705 1.296
  vertex 3.181 2.32 1.523
 endloop
endfacet
facet normal -0.776 -0.627 -0.068
 outer loop
  vertex 3.181 2.32 1.523
  vertex 2.89 2.705 1.296
  vertex 3.199 2.32 1.323
 endloop
endfacet
facet normal -0.847 -0.526 -0.074
 outer loop
  vertex 3.181 2.32 1.523
  vertex 3.199 2.32 1.323
  vertex 3.44 1.9 1.545
 endloop
endfacet
facet normal -0.847 -0.526 -0.074
 outer loop
  vertex 3.44 1.9 1.545
  vertex 3.199 2.32 1.323
  vertex 3.458 1.9 1.346
 endloop
endfacet
facet normal -0.905 -0.418 -0.079
 outer loop
  vertex 3.44 1.9 1.545
  vertex 3.458 1.9 1.346
  vertex 3.646 1.45 1.563
 endloop
endfacet
facet normal -0.905 -0.418 -0.079
 outer loop
  vertex 3.646 1.45 1.563
  vertex 3.458 1.9 1.346
  vertex 3.664 1.45 1.364
 endloop
endfacet
facet normal -0.949 -0.303 -0.083
 outer loop
  vertex 3.646 1.45 1.563
  vertex 3.664 1.45 1.364
  vertex 3.796 0.979 1.576
 endloop
endfacet
facet normal -0.949 -0.303 -0.083
 outer loop
  vertex 3.796 0.979 1.576
  vertex 3.664 1.45 1.364
  vertex 3.813 0.979 1.377
 endloop
endfacet
facet normal -0.979 -0.184 -0.086
 outer loop
  vertex 3.796 0.979 1.576
  vertex 3.813 0.979 1.377
  vertex 3.886 0.493 1.584
 endloop
endfacet
facet normal -0.979 -0.184 -0.086
 outer loop
  vertex 3.886 0.493 1.584
  vertex 3.813 0.979 1.377
  vertex 3.903 0.493 1.385
 endloop
endfacet
facet normal -0.994 -0.062 -0.087
 outer loop
  vertex 3.886 0.493 1.584
  vertex 3.903 0.493 1.385
  vertex 3.916 -0 1.587
 endloop
endfacet
facet normal -0.994 -0.062 -0.087
 outer loop
  vertex 3.916 -0 1.587
  vertex 3.903 0.493 1.385
  vertex 3.934 -0 1.388
 endloop
endfacet
facet normal -0.994 0.062 -0.087
 outer loop
  vertex 3.916 -0 1.587
  vertex 3.934 -0 1.388
  vertex 3.886 -0.493 1.584
 endloop
endfacet
facet normal -0.994 0.062 -0.087
 outer loop
  vertex 3.886 -0.493 1.584
  vertex 3.934 -0 1.388
  vertex 3.903 -0.493 1.385
 endloop
endfacet
facet normal -0.979 0.184 -0.086
 outer loop
  vertex 3.886 -0.493 1.584
  vertex 3.903 -0.493 1.385
  vertex 3.796 -0.979 1.576
 endloop
endfacet
facet normal -0.979 0.184 -0.086
 outer loop
  vertex 3.796 -0.979 1.576
  vertex 3.903 -0.493 1.385
  vertex 3.813 -0.979 1.377
 endloop
endfacet
facet normal -0.949 0.303 -0.083
 outer loop
  vertex 3.796 -0.979 1.576
  vertex 3.813 -0.979 1.377
  vertex 3.646 -1.45 1.563
 endloop
endfacet
facet normal -0.949 0.303 -0.083
 outer loop
  vertex 3.646 -1.45 1.563
  vertex 3.813 -0.979 1.377
  vertex 3.664 -1.45 1.364
 endloop
endfacet
facet normal -0.905 0.418 -0.079
 outer loop
  vertex 3.646 -1.45 1.563
  vertex 3.664 -1.45 1.364
  vertex 3.44 -1.9 1.545
 endloop
endfacet
facet normal -0.905 0.418 -0.079
 outer loop
  vertex 3.44 -1.9 1.545
  vertex 3.664 -1.45 1.364
  vertex 3.458 -1.9 1.346
 endloop
endfacet
facet normal -0.847 0.526 -0.074
 outer loop
  vertex 3.44 -1.9 1.545
  vertex 3.458 -1.9 1.346
  vertex 3.181 -2.32 1.523
 endloop
endfacet
facet normal -0.847 0.526 -0.074
 outer loop
  vertex 3.181 -2.32 1.523
  vertex 3.458 -1.9 1.346
  vertex 3.199 -2.32 1.323
 endloop
endfacet
facet normal -0.776 0.627 -0.068
 outer loop
  vertex 3.181 -2.32 1.523
  vertex 3.199 -2.32 1.323
  vertex 2.872 -2.705 1.496
 endloop
endfacet
facet normal -0.776 0.627 -0.068
 outer loop
  vertex 2.872 -2.705 1.496
  vertex 3.199 -2.32 1.323
  vertex 2.89 -2.705 1.296
 endloop
endfacet
facet normal -0.693 0.718 -0.061
 outer loop
  vertex 2.872 -2.705 1.496
  vertex 2.89 -2.705 1.296
  vertex 2.519 -3.049 1.465
 endloop
endfacet
facet normal -0.693 0.718 -0.061
 outer loop
  vertex 2.519 -3.049 1.465
  vertex 2.89 -2.705 1.296
  vertex 2.536 -3.049 1.266
 endloop
endfacet
facet normal -0.6 0.798 -0.053
 outer loop
  vertex 2.519 -3.049 1.465
  vertex 2.536 -3.049 1.266
  vertex 2.126 -3.347 1.43
 endloop
endfacet
facet normal -0.6 0.798 -0.053
 outer loop
  vertex 2.126 -3.347 1.43
  vertex 2.536 -3.049 1.266
  vertex 2.143 -3.347 1.231
 endloop
endfacet
facet normal -0.498 0.866 -0.044
 outer loop
  vertex 2.126 -3.347 1.43
  vertex 2.143 -3.347 1.231
  vertex 1.699 -3.594 1.393
 endloop
endfacet
facet normal -0.498 0.866 -0.044
 outer loop
  vertex 1.699 -3.594 1.393
  vertex 2.143 -3.347 1.231
  vertex 1.717 -3.594 1.194
 endloop
endfacet
facet normal -0.388 0.921 -0.034
 outer loop
  vertex 1.699 -3.594 1.393
  vertex 1.717 -3.594 1.194
  vertex 1.246 -3.787 1.353
 endloop
endfacet
facet normal -0.388 0.921 -0.034
 outer loop
  vertex 1.246 -3.787 1.353
  vertex 1.717 -3.594 1.194
  vertex 1.263 -3.787 1.154
 endloop
endfacet
facet normal -0.273 0.962 -0.024
 outer loop
  vertex 1.246 -3.787 1.353
  vertex 1.263 -3.787 1.154
  vertex 0.772 -3.922 1.312
 endloop
endfacet
facet normal -0.273 0.962 -0.024
 outer loop
  vertex 0.772 -3.922 1.312
  vertex 1.263 -3.787 1.154
  vertex 0.789 -3.922 1.113
 endloop
endfacet
facet normal -0.153 0.988 -0.013
 outer loop
  vertex 0.772 -3.922 1.312
  vertex 0.789 -3.922 1.113
  vertex 0.285 -3.998 1.269
 endloop
endfacet
facet normal -0.153 0.988 -0.013
 outer loop
  vertex 0.285 -3.998 1.269
  vertex 0.789 -3.922 1.113
  vertex 0.303 -3.998 1.07
 endloop
endfacet
facet normal -0.031 1 -0.003
 outer loop
  vertex 0.285 -3.998 1.269
  vertex 0.303 -3.998 1.07
  vertex -0.207 -4.013 1.226
 endloop
endfacet
facet normal -0.031 1 -0.003
 outer loop
  vertex -0.207 -4.013 1.226
  vertex 0.303 -3.998 1.07
  vertex -0.189 -4.013 1.027
 endloop
endfacet
facet normal 0.092 0.996 0.008
 outer loop
  vertex -0.207 -4.013 1.226
  vertex -0.189 -4.013 1.027
  vertex -0.697 -3.968 1.183
 endloop
endfacet
facet normal 0.092 0.996 0.008
 outer loop
  vertex -0.697 -3.968 1.183
  vertex -0.189 -4.013 1.027
  vertex -0.68 -3.968 0.984
 endloop
endfacet
facet normal 0.213 0.977 0.019
 outer loop
  vertex -0.697 -3.968 1.183
  vertex -0.68 -3.968 0.984
  vertex -1.178 -3.862 1.141
 endloop
endfacet
facet normal 0.213 0.977 0.019
 outer loop
  vertex -1.178 -3.862 1.141
  vertex -0.68 -3.968 0.984
  vertex -1.161 -3.862 0.942
 endloop
endfacet
facet normal 0.331 0.943 0.029
 outer loop
  vertex -1.178 -3.862 1.141
  vertex -1.161 -3.862 0.942
  vertex -1.643 -3.698 1.101
 endloop
endfacet
facet normal 0.331 0.943 0.029
 outer loop
  vertex -1.643 -3.698 1.101
  vertex -1.161 -3.862 0.942
  vertex -1.625 -3.698 0.901
 endloop
endfacet
facet normal 0.444 0.895 0.039
 outer loop
  vertex -1.643 -3.698 1.101
  vertex -1.625 -3.698 0.901
  vertex -2.084 -3.477 1.062
 endloop
endfacet
facet normal 0.444 0.895 0.039
 outer loop
  vertex -2.084 -3.477 1.062
  vertex -1.625 -3.698 0.901
  vertex -2.066 -3.477 0.863
 endloop
endfacet
facet normal 0.55 0.834 0.048
 outer loop
  vertex -2.084 -3.477 1.062
  vertex -2.066 -3.477 0.863
  vertex -2.494 -3.204 1.026
 endloop
endfacet
facet normal 0.55 0.834 0.048
 outer loop
  vertex -2.494 -3.204 1.026
  vertex -2.066 -3.477 0.863
  vertex -2.477 -3.204 0.827
 endloop
endfacet
facet normal 0.648 0.759 0.057
 outer loop
  vertex -2.494 -3.204 1.026
  vertex -2.477 -3.204 0.827
  vertex -2.868 -2.883 0.993
 endloop
endfacet
facet normal 0.648 0.759 0.057
 outer loop
  vertex -2.868 -2.883 0.993
  vertex -2.477 -3.204 0.827
  vertex -2.851 -2.883 0.794
 endloop
endfacet
facet normal 0.736 0.674 0.064
 outer loop
  vertex -2.868 -2.883 0.993
  vertex -2.851 -2.883 0.794
  vertex -3.2 -2.517 0.964
 endloop
endfacet
facet normal 0.736 0.674 0.064
 outer loop
  vertex -3.2 -2.517 0.964
  vertex -2.851 -2.883 0.794
  vertex -3.183 -2.517 0.765
 endloop
endfacet
facet normal 0.813 0.578 0.071
 outer loop
  vertex -3.2 -2.517 0.964
  vertex -3.183 -2.517 0.765
  vertex -3.485 -2.114 0.94
 endloop
endfacet
facet normal 0.813 0.578 0.071
 outer loop
  vertex -3.485 -2.114 0.94
  vertex -3.183 -2.517 0.765
  vertex -3.467 -2.114 0.74
 endloop
endfacet
facet normal 0.878 0.473 0.077
 outer loop
  vertex -3.485 -2.114 0.94
  vertex -3.467 -2.114 0.74
  vertex -3.718 -1.678 0.919
 endloop
endfacet
facet normal 0.878 0.473 0.077
 outer loop
  vertex -3.718 -1.678 0.919
  vertex -3.467 -2.114 0.74
  vertex -3.7 -1.678 0.72
 endloop
endfacet
facet normal 0.929 0.361 0.081
 outer loop
  vertex -3.718 -1.678 0.919
  vertex -3.7 -1.678 0.72
  vertex -3.895 -1.217 0.904
 endloop
endfacet
facet normal 0.929 0.361 0.081
 outer loop
  vertex -3.895 -1.217 0.904
  vertex -3.7 -1.678 0.72
  vertex -3.878 -1.217 0.704
 endloop
endfacet
facet normal 0.966 0.244 0.085
 outer loop
  vertex -3.895 -1.217 0.904
  vertex -3.878 -1.217 0.704
  vertex -4.016 -0.738 0.893
 endloop
endfacet
facet normal 0.966 0.244 0.085
 outer loop
  vertex -4.016 -0.738 0.893
  vertex -3.878 -1.217 0.704
  vertex -3.998 -0.738 0.694
 endloop
endfacet
facet normal 0.989 0.123 0.086
 outer loop
  vertex -4.016 -0.738 0.893
  vertex -3.998 -0.738 0.694
  vertex -4.076 -0.247 0.888
 endloop
endfacet
facet normal 0.989 0.123 0.086
 outer loop
  vertex -4.076 -0.247 0.888
  vertex -3.998 -0.738 0.694
  vertex -4.059 -0.247 0.689
 endloop
endfacet
facet normal 0.087 0.001 -0.996
 outer loop
  vertex -0.372 3.204 1.975
  vertex -0.494 3.188 1.964
  vertex -0.495 3.194 1.964
 endloop
endfacet
facet normal 0.087 0.001 -0.996
 outer loop
  vertex -0.495 3.194 1.964
  vertex -0.494 3.188 1.964
  vertex -0.641 3.174 1.951
 endloop
endfacet
facet normal 0.087 -0 -0.996
 outer loop
  vertex -0.494 3.188 1.964
  vertex -0.638 3.162 1.951
  vertex -0.641 3.174 1.951
 endloop
endfacet
facet normal 0.087 -0 -0.996
 outer loop
  vertex -0.641 3.174 1.951
  vertex -0.638 3.162 1.951
  vertex -0.881 3.103 1.93
 endloop
endfacet
facet normal 0.087 0 -0.996
 outer loop
  vertex -0.641 3.174 1.951
  vertex -0.881 3.103 1.93
  vertex -0.886 3.126 1.93
 endloop
endfacet
facet normal 0.087 0 -0.996
 outer loop
  vertex -0.886 3.126 1.93
  vertex -0.881 3.103 1.93
  vertex -1.026 3.09 1.918
 endloop
endfacet
facet normal 0.087 0 -0.996
 outer loop
  vertex -0.881 3.103 1.93
  vertex -1.016 3.061 1.918
  vertex -1.026 3.09 1.918
 endloop
endfacet
facet normal 0.087 0 -0.996
 outer loop
  vertex -1.026 3.09 1.918
  vertex -1.016 3.061 1.918
  vertex -1.254 2.971 1.898
 endloop
endfacet
facet normal 0.087 0 -0.996
 outer loop
  vertex -1.026 3.09 1.918
  vertex -1.254 2.971 1.898
  vertex -1.268 3.01 1.896
 endloop
endfacet
facet normal 0.087 0 -0.996
 outer loop
  vertex -1.268 3.01 1.896
  vertex -1.254 2.971 1.898
  vertex -1.397 2.958 1.885
 endloop
endfacet
facet normal 0.087 0 -0.996
 outer loop
  vertex -1.254 2.971 1.898
  vertex -1.377 2.915 1.887
  vertex -1.397 2.958 1.885
 endloop
endfacet
facet normal 0.087 0 -0.996
 outer loop
  vertex -1.397 2.958 1.885
  vertex -1.377 2.915 1.887
  vertex -1.608 2.794 1.867
 endloop
endfacet
facet normal 0.087 -0 -0.996
 outer loop
  vertex -1.397 2.958 1.885
  vertex -1.608 2.794 1.867
  vertex -1.75 2.782 1.854
 endloop
endfacet
facet normal 0.087 -0 -0.996
 outer loop
  vertex -1.75 2.782 1.854
  vertex -1.608 2.794 1.867
  vertex -1.938 2.574 1.838
 endloop
endfacet
facet normal 0.087 -0 -0.996
 outer loop
  vertex -1.75 2.782 1.854
  vertex -1.938 2.574 1.838
  vertex -2.078 2.563 1.825
 endloop
endfacet
facet normal 0.087 0 -0.996
 outer loop
  vertex -2.078 2.563 1.825
  vertex -1.938 2.574 1.838
  vertex -2.238 2.316 1.811
 endloop
endfacet
facet normal 0.087 0 -0.996
 outer loop
  vertex -2.078 2.563 1.825
  vertex -2.238 2.316 1.811
  vertex -2.378 2.306 1.799
 endloop
endfacet
facet normal 0.087 -0 -0.996
 outer loop
  vertex -2.378 2.306 1.799
  vertex -2.238 2.316 1.811
  vertex -2.505 2.022 1.788
 endloop
endfacet
facet normal 0.087 -0 -0.996
 outer loop
  vertex -2.378 2.306 1.799
  vertex -2.505 2.022 1.788
  vertex -2.643 2.014 1.776
 endloop
endfacet
facet normal 0.087 -0 -0.996
 outer loop
  vertex -2.643 2.014 1.776
  vertex -2.505 2.022 1.788
  vertex -2.734 1.698 1.768
 endloop
endfacet
facet normal 0.087 -0 -0.996
 outer loop
  vertex -2.643 2.014 1.776
  vertex -2.734 1.698 1.768
  vertex -2.871 1.691 1.756
 endloop
endfacet
facet normal 0.087 -0 -0.996
 outer loop
  vertex -2.871 1.691 1.756
  vertex -2.734 1.698 1.768
  vertex -2.921 1.348 1.752
 endloop
endfacet
facet normal 0.087 -0 -0.996
 outer loop
  vertex -2.871 1.691 1.756
  vertex -2.921 1.348 1.752
  vertex -3.057 1.343 1.74
 endloop
endfacet
facet normal 0.087 0 -0.996
 outer loop
  vertex -3.057 1.343 1.74
  vertex -2.921 1.348 1.752
  vertex -3.064 0.978 1.739
 endloop
endfacet
facet normal 0.087 0 -0.996
 outer loop
  vertex -3.057 1.343 1.74
  vertex -3.064 0.978 1.739
  vertex -3.199 0.974 1.727
 endloop
endfacet
facet normal 0.087 -0 -0.996
 outer loop
  vertex -3.199 0.974 1.727
  vertex -3.064 0.978 1.739
  vertex -3.16 0.593 1.731
 endloop
endfacet
facet normal 0.087 -0 -0.996
 outer loop
  vertex -3.199 0.974 1.727
  vertex -3.16 0.593 1.731
  vertex -3.295 0.59 1.719
 endloop
endfacet
facet normal 0.087 -0 -0.996
 outer loop
  vertex -3.295 0.59 1.719
  vertex -3.16 0.593 1.731
  vertex -3.209 0.199 1.727
 endloop
endfacet
facet normal 0.087 0 -0.996
 outer loop
  vertex -3.295 0.59 1.719
  vertex -3.209 0.199 1.727
  vertex -3.344 0.198 1.715
 endloop
endfacet
facet normal 0.087 0 -0.996
 outer loop
  vertex -3.344 0.198 1.715
  vertex -3.209 0.199 1.727
  vertex -3.344 -0.198 1.715
 endloop
endfacet
facet normal 0.087 0 -0.996
 outer loop
  vertex -3.209 0.199 1.727
  vertex -3.209 -0.199 1.727
  vertex -3.344 -0.198 1.715
 endloop
endfacet
facet normal 0.087 -0 -0.996
 outer loop
  vertex -3.344 -0.198 1.715
  vertex -3.209 -0.199 1.727
  vertex -3.295 -0.59 1.719
 endloop
endfacet
facet normal 0.087 0 -0.996
 outer loop
  vertex -3.209 -0.199 1.727
  vertex -3.16 -0.593 1.731
  vertex -3.295 -0.59 1.719
 endloop
endfacet
facet normal 0.087 0 -0.996
 outer loop
  vertex -3.295 -0.59 1.719
  vertex -3.16 -0.593 1.731
  vertex -3.199 -0.974 1.727
 endloop
endfacet
facet normal 0.087 0 -0.996
 outer loop
  vertex -3.16 -0.593 1.731
  vertex -3.064 -0.978 1.739
  vertex -3.199 -0.974 1.727
 endloop
endfacet
facet normal 0.087 -0 -0.996
 outer loop
  vertex -3.199 -0.974 1.727
  vertex -3.064 -0.978 1.739
  vertex -3.057 -1.343 1.74
 endloop
endfacet
facet normal 0.087 -0 -0.996
 outer loop
  vertex -3.064 -0.978 1.739
  vertex -2.921 -1.348 1.752
  vertex -3.057 -1.343 1.74
 endloop
endfacet
facet normal 0.087 0 -0.996
 outer loop
  vertex -3.057 -1.343 1.74
  vertex -2.921 -1.348 1.752
  vertex -2.871 -1.691 1.756
 endloop
endfacet
facet normal 0.087 0 -0.996
 outer loop
  vertex -2.921 -1.348 1.752
  vertex -2.734 -1.698 1.768
  vertex -2.871 -1.691 1.756
 endloop
endfacet
facet normal 0.087 0 -0.996
 outer loop
  vertex -2.871 -1.691 1.756
  vertex -2.734 -1.698 1.768
  vertex -2.643 -2.014 1.776
 endloop
endfacet
facet normal 0.087 0 -0.996
 outer loop
  vertex -2.734 -1.698 1.768
  vertex -2.505 -2.022 1.788
  vertex -2.643 -2.014 1.776
 endloop
endfacet
facet normal 0.087 0 -0.996
 outer loop
  vertex -2.643 -2.014 1.776
  vertex -2.505 -2.022 1.788
  vertex -2.378 -2.306 1.799
 endloop
endfacet
facet normal 0.087 0 -0.996
 outer loop
  vertex -2.505 -2.022 1.788
  vertex -2.238 -2.316 1.811
  vertex -2.378 -2.306 1.799
 endloop
endfacet
facet normal 0.087 -0 -0.996
 outer loop
  vertex -2.378 -2.306 1.799
  vertex -2.238 -2.316 1.811
  vertex -2.078 -2.563 1.825
 endloop
endfacet
facet normal 0.087 -0 -0.996
 outer loop
  vertex -2.238 -2.316 1.811
  vertex -1.938 -2.574 1.838
  vertex -2.078 -2.563 1.825
 endloop
endfacet
facet normal 0.087 0 -0.996
 outer loop
  vertex -2.078 -2.563 1.825
  vertex -1.938 -2.574 1.838
  vertex -1.75 -2.782 1.854
 endloop
endfacet
facet normal 0.087 0 -0.996
 outer loop
  vertex -1.938 -2.574 1.838
  vertex -1.608 -2.794 1.867
  vertex -1.75 -2.782 1.854
 endloop
endfacet
facet normal 0.087 0 -0.996
 outer loop
  vertex -1.75 -2.782 1.854
  vertex -1.608 -2.794 1.867
  vertex -1.397 -2.958 1.885
 endloop
endfacet
facet normal 0.087 -0 -0.996
 outer loop
  vertex -1.608 -2.794 1.867
  vertex -1.377 -2.915 1.887
  vertex -1.397 -2.958 1.885
 endloop
endfacet
facet normal 0.087 -0 -0.996
 outer loop
  vertex -1.397 -2.958 1.885
  vertex -1.377 -2.915 1.887
  vertex -1.254 -2.971 1.898
 endloop
endfacet
facet normal 0.087 -0 -0.996
 outer loop
  vertex -1.397 -2.958 1.885
  vertex -1.254 -2.971 1.898
  vertex -1.268 -3.01 1.896
 endloop
endfacet
facet normal 0.087 -0 -0.996
 outer loop
  vertex -1.268 -3.01 1.896
  vertex -1.254 -2.971 1.898
  vertex -1.026 -3.09 1.918
 endloop
endfacet
facet normal 0.087 -0 -0.996
 outer loop
  vertex -1.254 -2.971 1.898
  vertex -1.016 -3.061 1.918
  vertex -1.026 -3.09 1.918
 endloop
endfacet
facet normal 0.087 -0 -0.996
 outer loop
  vertex -1.026 -3.09 1.918
  vertex -1.016 -3.061 1.918
  vertex -0.881 -3.103 1.93
 endloop
endfacet
facet normal 0.087 -0 -0.996
 outer loop
  vertex -1.026 -3.09 1.918
  vertex -0.881 -3.103 1.93
  vertex -0.886 -3.126 1.93
 endloop
endfacet
facet normal 0.087 -0 -0.996
 outer loop
  vertex -0.886 -3.126 1.93
  vertex -0.881 -3.103 1.93
  vertex -0.641 -3.174 1.951
 endloop
endfacet
facet normal 0.087 0 -0.996
 outer loop
  vertex -0.881 -3.103 1.93
  vertex -0.638 -3.162 1.951
  vertex -0.641 -3.174 1.951
 endloop
endfacet
facet normal 0.087 0 -0.996
 outer loop
  vertex -0.641 -3.174 1.951
  vertex -0.638 -3.162 1.951
  vertex -0.494 -3.188 1.964
 endloop
endfacet
facet normal 0.087 -0.001 -0.996
 outer loop
  vertex -0.641 -3.174 1.951
  vertex -0.494 -3.188 1.964
  vertex -0.495 -3.194 1.964
 endloop
endfacet
facet normal 0.087 -0.001 -0.996
 outer loop
  vertex -0.495 -3.194 1.964
  vertex -0.494 -3.188 1.964
  vertex -0.372 -3.204 1.975
 endloop
endfacet
facet normal -0.321 0.388 0.864
 outer loop
  vertex 2.519 -3.049 11.743
  vertex 2.495 -3.069 11.743
  vertex 2.652 -3.511 12
 endloop
endfacet
facet normal -0.308 0.394 0.866
 outer loop
  vertex 2.652 -3.511 12
  vertex 2.495 -3.069 11.743
  vertex 2.381 -3.153 11.741
 endloop
endfacet
facet normal -0.285 0.411 0.866
 outer loop
  vertex 2.652 -3.511 12
  vertex 2.381 -3.153 11.741
  vertex 2.11 -3.326 11.734
 endloop
endfacet
facet normal -0.28 0.422 0.862
 outer loop
  vertex 2.652 -3.511 12
  vertex 2.11 -3.326 11.734
  vertex 2.2 -3.811 12
 endloop
endfacet
facet normal -0.259 0.428 0.866
 outer loop
  vertex 2.2 -3.811 12
  vertex 2.11 -3.326 11.734
  vertex 1.966 -3.406 11.73
 endloop
endfacet
facet normal -0.232 0.443 0.866
 outer loop
  vertex 2.2 -3.811 12
  vertex 1.966 -3.406 11.73
  vertex 1.671 -3.546 11.723
 endloop
endfacet
facet normal -0.225 0.453 0.863
 outer loop
  vertex 2.2 -3.811 12
  vertex 1.671 -3.546 11.723
  vertex 1.715 -4.052 12
 endloop
endfacet
facet normal -0.204 0.457 0.866
 outer loop
  vertex 1.715 -4.052 12
  vertex 1.671 -3.546 11.723
  vertex 1.525 -3.604 11.719
 endloop
endfacet
facet normal -0.175 0.469 0.866
 outer loop
  vertex 1.715 -4.052 12
  vertex 1.525 -3.604 11.719
  vertex 1.211 -3.707 11.711
 endloop
endfacet
facet normal -0.168 0.477 0.863
 outer loop
  vertex 1.715 -4.052 12
  vertex 1.211 -3.707 11.711
  vertex 1.204 -4.232 12
 endloop
endfacet
facet normal -0.146 0.478 0.866
 outer loop
  vertex 1.204 -4.232 12
  vertex 1.211 -3.707 11.711
  vertex 1.066 -3.745 11.708
 endloop
endfacet
facet normal -0.116 0.487 0.866
 outer loop
  vertex 1.204 -4.232 12
  vertex 1.066 -3.745 11.708
  vertex 0.738 -3.809 11.7
 endloop
endfacet
facet normal -0.108 0.494 0.863
 outer loop
  vertex 1.204 -4.232 12
  vertex 0.738 -3.809 11.7
  vertex 0.675 -4.348 12
 endloop
endfacet
facet normal -0.086 0.493 0.866
 outer loop
  vertex 0.675 -4.348 12
  vertex 0.738 -3.809 11.7
  vertex 0.594 -3.828 11.696
 endloop
endfacet
facet normal -0.055 0.497 0.866
 outer loop
  vertex 0.675 -4.348 12
  vertex 0.594 -3.828 11.696
  vertex 0.26 -3.851 11.688
 endloop
endfacet
facet normal -0.047 0.503 0.863
 outer loop
  vertex 0.675 -4.348 12
  vertex 0.26 -3.851 11.688
  vertex 0.135 -4.398 12
 endloop
endfacet
facet normal -0.025 0.499 0.866
 outer loop
  vertex 0.135 -4.398 12
  vertex 0.26 -3.851 11.688
  vertex 0.119 -3.852 11.685
 endloop
endfacet
facet normal 0.006 0.5 0.866
 outer loop
  vertex 0.135 -4.398 12
  vertex 0.119 -3.852 11.685
  vertex -0.216 -3.834 11.677
 endloop
endfacet
facet normal 0.016 0.505 0.863
 outer loop
  vertex 0.135 -4.398 12
  vertex -0.216 -3.834 11.677
  vertex -0.406 -4.381 12
 endloop
endfacet
facet normal 0.037 0.499 0.866
 outer loop
  vertex -0.406 -4.381 12
  vertex -0.216 -3.834 11.677
  vertex -0.354 -3.818 11.673
 endloop
endfacet
facet normal 0.068 0.496 0.866
 outer loop
  vertex -0.406 -4.381 12
  vertex -0.354 -3.818 11.673
  vertex -0.682 -3.759 11.666
 endloop
endfacet
facet normal 0.077 0.499 0.863
 outer loop
  vertex -0.406 -4.381 12
  vertex -0.682 -3.759 11.666
  vertex -0.941 -4.298 12
 endloop
endfacet
facet normal 0.098 0.49 0.866
 outer loop
  vertex -0.941 -4.298 12
  vertex -0.682 -3.759 11.666
  vertex -0.816 -3.727 11.663
 endloop
endfacet
facet normal 0.128 0.484 0.866
 outer loop
  vertex -0.941 -4.298 12
  vertex -0.816 -3.727 11.663
  vertex -1.132 -3.63 11.655
 endloop
endfacet
facet normal 0.138 0.485 0.863
 outer loop
  vertex -0.941 -4.298 12
  vertex -1.132 -3.63 11.655
  vertex -1.462 -4.15 12
 endloop
endfacet
facet normal 0.158 0.475 0.866
 outer loop
  vertex -1.462 -4.15 12
  vertex -1.132 -3.63 11.655
  vertex -1.262 -3.581 11.652
 endloop
endfacet
facet normal 0.186 0.464 0.866
 outer loop
  vertex -1.462 -4.15 12
  vertex -1.262 -3.581 11.652
  vertex -1.56 -3.449 11.645
 endloop
endfacet
facet normal 0.197 0.465 0.863
 outer loop
  vertex -1.462 -4.15 12
  vertex -1.56 -3.449 11.645
  vertex -1.961 -3.939 12
 endloop
endfacet
facet normal 0.215 0.452 0.866
 outer loop
  vertex -1.961 -3.939 12
  vertex -1.56 -3.449 11.645
  vertex -1.685 -3.384 11.642
 endloop
endfacet
facet normal 0.242 0.438 0.866
 outer loop
  vertex -1.961 -3.939 12
  vertex -1.685 -3.384 11.642
  vertex -1.96 -3.22 11.636
 endloop
endfacet
facet normal 0.252 0.437 0.863
 outer loop
  vertex -1.961 -3.939 12
  vertex -1.96 -3.22 11.636
  vertex -2.43 -3.668 12
 endloop
endfacet
facet normal 0.268 0.422 0.866
 outer loop
  vertex -2.43 -3.668 12
  vertex -1.96 -3.22 11.636
  vertex -2.08 -3.138 11.633
 endloop
endfacet
facet normal 0.294 0.405 0.866
 outer loop
  vertex -2.43 -3.668 12
  vertex -2.08 -3.138 11.633
  vertex -2.327 -2.947 11.628
 endloop
endfacet
facet normal 0.304 0.402 0.863
 outer loop
  vertex -2.43 -3.668 12
  vertex -2.327 -2.947 11.628
  vertex -2.863 -3.341 12
 endloop
endfacet
facet normal 0.315 0.389 0.866
 outer loop
  vertex -2.863 -3.341 12
  vertex -2.327 -2.947 11.628
  vertex -2.392 -2.891 11.626
 endloop
endfacet
facet normal 0.322 0.383 0.866
 outer loop
  vertex -2.863 -3.341 12
  vertex -2.392 -2.891 11.626
  vertex -2.44 -2.848 11.625
 endloop
endfacet
facet normal 0.34 0.366 0.866
 outer loop
  vertex -2.44 -2.848 11.625
  vertex -2.657 -2.635 11.62
  vertex -2.863 -3.341 12
 endloop
endfacet
facet normal 0.351 0.362 0.863
 outer loop
  vertex -2.863 -3.341 12
  vertex -2.657 -2.635 11.62
  vertex -3.252 -2.964 12
 endloop
endfacet
facet normal 0.363 0.344 0.866
 outer loop
  vertex -2.657 -2.635 11.62
  vertex -2.763 -2.518 11.618
  vertex -3.252 -2.964 12
 endloop
endfacet
facet normal 0.383 0.322 0.866
 outer loop
  vertex -3.252 -2.964 12
  vertex -2.763 -2.518 11.618
  vertex -2.947 -2.289 11.614
 endloop
endfacet
facet normal 0.393 0.316 0.864
 outer loop
  vertex -3.252 -2.964 12
  vertex -2.947 -2.289 11.614
  vertex -3.591 -2.542 12
 endloop
endfacet
facet normal 0.402 0.298 0.866
 outer loop
  vertex -3.591 -2.542 12
  vertex -2.947 -2.289 11.614
  vertex -3.042 -2.154 11.612
 endloop
endfacet
facet normal 0.419 0.273 0.866
 outer loop
  vertex -3.591 -2.542 12
  vertex -3.042 -2.154 11.612
  vertex -3.193 -1.913 11.608
 endloop
endfacet
facet normal 0.429 0.266 0.863
 outer loop
  vertex -3.591 -2.542 12
  vertex -3.193 -1.913 11.608
  vertex -3.876 -2.082 12
 endloop
endfacet
facet normal 0.435 0.247 0.866
 outer loop
  vertex -3.876 -2.082 12
  vertex -3.193 -1.913 11.608
  vertex -3.276 -1.759 11.607
 endloop
endfacet
facet normal 0.449 0.22 0.866
 outer loop
  vertex -3.876 -2.082 12
  vertex -3.276 -1.759 11.607
  vertex -3.392 -1.513 11.604
 endloop
endfacet
facet normal 0.458 0.211 0.863
 outer loop
  vertex -3.876 -2.082 12
  vertex -3.392 -1.513 11.604
  vertex -4.103 -1.589 12
 endloop
endfacet
facet normal 0.462 0.192 0.866
 outer loop
  vertex -4.103 -1.589 12
  vertex -3.392 -1.513 11.604
  vertex -3.461 -1.341 11.603
 endloop
endfacet
facet normal 0.473 0.164 0.866
 outer loop
  vertex -4.103 -1.589 12
  vertex -3.461 -1.341 11.603
  vertex -3.543 -1.094 11.601
 endloop
endfacet
facet normal 0.481 0.153 0.863
 outer loop
  vertex -4.103 -1.589 12
  vertex -3.543 -1.094 11.601
  vertex -4.267 -1.073 12
 endloop
endfacet
facet normal 0.482 0.135 0.866
 outer loop
  vertex -4.267 -1.073 12
  vertex -3.543 -1.094 11.601
  vertex -3.595 -0.904 11.6
 endloop
endfacet
facet normal 0.489 0.106 0.866
 outer loop
  vertex -4.267 -1.073 12
  vertex -3.595 -0.904 11.6
  vertex -3.645 -0.662 11.599
 endloop
endfacet
facet normal 0.496 0.093 0.863
 outer loop
  vertex -4.267 -1.073 12
  vertex -3.645 -0.662 11.599
  vertex -4.367 -0.541 12
 endloop
endfacet
facet normal 0.494 0.075 0.866
 outer loop
  vertex -4.367 -0.541 12
  vertex -3.645 -0.662 11.599
  vertex -3.676 -0.455 11.598
 endloop
endfacet
facet normal 0.498 0.046 0.866
 outer loop
  vertex -4.367 -0.541 12
  vertex -3.676 -0.455 11.598
  vertex -3.696 -0.222 11.598
 endloop
endfacet
facet normal 0.504 0.031 0.863
 outer loop
  vertex -4.367 -0.541 12
  vertex -3.696 -0.222 11.598
  vertex -4.4 -0 12
 endloop
endfacet
facet normal 0.5 0.015 0.866
 outer loop
  vertex -4.4 -0 12
  vertex -3.696 -0.222 11.598
  vertex -3.703 0 11.597
 endloop
endfacet
facet normal 0.5 -0.015 0.866
 outer loop
  vertex -4.4 -0 12
  vertex -3.703 0 11.597
  vertex -3.696 0.222 11.598
 endloop
endfacet
facet normal 0.504 -0.031 0.863
 outer loop
  vertex -4.4 -0 12
  vertex -3.696 0.222 11.598
  vertex -4.367 0.541 12
 endloop
endfacet
facet normal 0.498 -0.046 0.866
 outer loop
  vertex -4.367 0.541 12
  vertex -3.696 0.222 11.598
  vertex -3.676 0.455 11.598
 endloop
endfacet
facet normal 0.494 -0.075 0.866
 outer loop
  vertex -4.367 0.541 12
  vertex -3.676 0.455 11.598
  vertex -3.645 0.662 11.599
 endloop
endfacet
facet normal 0.496 -0.093 0.863
 outer loop
  vertex -4.367 0.541 12
  vertex -3.645 0.662 11.599
  vertex -4.267 1.073 12
 endloop
endfacet
facet normal 0.489 -0.106 0.866
 outer loop
  vertex -4.267 1.073 12
  vertex -3.645 0.662 11.599
  vertex -3.595 0.904 11.6
 endloop
endfacet
facet normal 0.482 -0.135 0.866
 outer loop
  vertex -4.267 1.073 12
  vertex -3.595 0.904 11.6
  vertex -3.543 1.094 11.601
 endloop
endfacet
facet normal 0.481 -0.153 0.863
 outer loop
  vertex -4.267 1.073 12
  vertex -3.543 1.094 11.601
  vertex -4.103 1.589 12
 endloop
endfacet
facet normal 0.473 -0.164 0.866
 outer loop
  vertex -4.103 1.589 12
  vertex -3.543 1.094 11.601
  vertex -3.461 1.341 11.603
 endloop
endfacet
facet normal 0.462 -0.192 0.866
 outer loop
  vertex -4.103 1.589 12
  vertex -3.461 1.341 11.603
  vertex -3.392 1.513 11.604
 endloop
endfacet
facet normal 0.458 -0.211 0.863
 outer loop
  vertex -4.103 1.589 12
  vertex -3.392 1.513 11.604
  vertex -3.876 2.082 12
 endloop
endfacet
facet normal 0.449 -0.22 0.866
 outer loop
  vertex -3.876 2.082 12
  vertex -3.392 1.513 11.604
  vertex -3.276 1.759 11.607
 endloop
endfacet
facet normal 0.435 -0.247 0.866
 outer loop
  vertex -3.876 2.082 12
  vertex -3.276 1.759 11.607
  vertex -3.193 1.913 11.608
 endloop
endfacet
facet normal 0.429 -0.266 0.863
 outer loop
  vertex -3.876 2.082 12
  vertex -3.193 1.913 11.608
  vertex -3.591 2.542 12
 endloop
endfacet
facet normal 0.419 -0.273 0.866
 outer loop
  vertex -3.591 2.542 12
  vertex -3.193 1.913 11.608
  vertex -3.042 2.154 11.612
 endloop
endfacet
facet normal 0.402 -0.298 0.866
 outer loop
  vertex -3.591 2.542 12
  vertex -3.042 2.154 11.612
  vertex -2.947 2.289 11.614
 endloop
endfacet
facet normal 0.393 -0.316 0.864
 outer loop
  vertex -3.591 2.542 12
  vertex -2.947 2.289 11.614
  vertex -3.252 2.964 12
 endloop
endfacet
facet normal 0.383 -0.322 0.866
 outer loop
  vertex -3.252 2.964 12
  vertex -2.947 2.289 11.614
  vertex -2.763 2.518 11.618
 endloop
endfacet
facet normal 0.363 -0.344 0.866
 outer loop
  vertex -3.252 2.964 12
  vertex -2.763 2.518 11.618
  vertex -2.657 2.635 11.62
 endloop
endfacet
facet normal 0.351 -0.362 0.863
 outer loop
  vertex -3.252 2.964 12
  vertex -2.657 2.635 11.62
  vertex -2.863 3.341 12
 endloop
endfacet
facet normal 0.34 -0.366 0.866
 outer loop
  vertex -2.863 3.341 12
  vertex -2.657 2.635 11.62
  vertex -2.44 2.848 11.625
 endloop
endfacet
facet normal 0.318 -0.386 0.866
 outer loop
  vertex -2.863 3.341 12
  vertex -2.44 2.848 11.625
  vertex -2.327 2.947 11.628
 endloop
endfacet
facet normal 0.304 -0.402 0.863
 outer loop
  vertex -2.863 3.341 12
  vertex -2.327 2.947 11.628
  vertex -2.43 3.668 12
 endloop
endfacet
facet normal 0.294 -0.405 0.866
 outer loop
  vertex -2.43 3.668 12
  vertex -2.327 2.947 11.628
  vertex -2.08 3.138 11.633
 endloop
endfacet
facet normal 0.268 -0.422 0.866
 outer loop
  vertex -2.43 3.668 12
  vertex -2.08 3.138 11.633
  vertex -1.96 3.22 11.636
 endloop
endfacet
facet normal 0.252 -0.437 0.863
 outer loop
  vertex -2.43 3.668 12
  vertex -1.96 3.22 11.636
  vertex -1.961 3.939 12
 endloop
endfacet
facet normal 0.242 -0.438 0.866
 outer loop
  vertex -1.961 3.939 12
  vertex -1.96 3.22 11.636
  vertex -1.685 3.384 11.642
 endloop
endfacet
facet normal 0.215 -0.452 0.866
 outer loop
  vertex -1.961 3.939 12
  vertex -1.685 3.384 11.642
  vertex -1.56 3.449 11.645
 endloop
endfacet
facet normal 0.197 -0.465 0.863
 outer loop
  vertex -1.961 3.939 12
  vertex -1.56 3.449 11.645
  vertex -1.462 4.15 12
 endloop
endfacet
facet normal 0.186 -0.464 0.866
 outer loop
  vertex -1.462 4.15 12
  vertex -1.56 3.449 11.645
  vertex -1.262 3.581 11.652
 endloop
endfacet
facet normal 0.158 -0.475 0.866
 outer loop
  vertex -1.462 4.15 12
  vertex -1.262 3.581 11.652
  vertex -1.132 3.63 11.655
 endloop
endfacet
facet normal 0.138 -0.485 0.863
 outer loop
  vertex -1.462 4.15 12
  vertex -1.132 3.63 11.655
  vertex -0.941 4.298 12
 endloop
endfacet
facet normal 0.128 -0.484 0.866
 outer loop
  vertex -0.941 4.298 12
  vertex -1.132 3.63 11.655
  vertex -0.816 3.727 11.663
 endloop
endfacet
facet normal 0.098 -0.49 0.866
 outer loop
  vertex -0.941 4.298 12
  vertex -0.816 3.727 11.663
  vertex -0.682 3.759 11.666
 endloop
endfacet
facet normal 0.077 -0.499 0.863
 outer loop
  vertex -0.941 4.298 12
  vertex -0.682 3.759 11.666
  vertex -0.406 4.381 12
 endloop
endfacet
facet normal 0.068 -0.496 0.866
 outer loop
  vertex -0.406 4.381 12
  vertex -0.682 3.759 11.666
  vertex -0.354 3.818 11.673
 endloop
endfacet
facet normal 0.037 -0.499 0.866
 outer loop
  vertex -0.406 4.381 12
  vertex -0.354 3.818 11.673
  vertex -0.216 3.834 11.677
 endloop
endfacet
facet normal 0.016 -0.505 0.863
 outer loop
  vertex -0.406 4.381 12
  vertex -0.216 3.834 11.677
  vertex 0.135 4.398 12
 endloop
endfacet
facet normal 0.006 -0.5 0.866
 outer loop
  vertex 0.135 4.398 12
  vertex -0.216 3.834 11.677
  vertex 0.119 3.852 11.685
 endloop
endfacet
facet normal -0.025 -0.499 0.866
 outer loop
  vertex 0.135 4.398 12
  vertex 0.119 3.852 11.685
  vertex 0.26 3.851 11.688
 endloop
endfacet
facet normal -0.047 -0.503 0.863
 outer loop
  vertex 0.135 4.398 12
  vertex 0.26 3.851 11.688
  vertex 0.675 4.348 12
 endloop
endfacet
facet normal -0.055 -0.497 0.866
 outer loop
  vertex 0.675 4.348 12
  vertex 0.26 3.851 11.688
  vertex 0.594 3.828 11.696
 endloop
endfacet
facet normal -0.086 -0.493 0.866
 outer loop
  vertex 0.675 4.348 12
  vertex 0.594 3.828 11.696
  vertex 0.738 3.809 11.7
 endloop
endfacet
facet normal -0.108 -0.494 0.863
 outer loop
  vertex 0.675 4.348 12
  vertex 0.738 3.809 11.7
  vertex 1.204 4.232 12
 endloop
endfacet
facet normal -0.116 -0.487 0.866
 outer loop
  vertex 1.204 4.232 12
  vertex 0.738 3.809 11.7
  vertex 1.066 3.745 11.708
 endloop
endfacet
facet normal -0.146 -0.478 0.866
 outer loop
  vertex 1.204 4.232 12
  vertex 1.066 3.745 11.708
  vertex 1.211 3.707 11.711
 endloop
endfacet
facet normal -0.168 -0.477 0.863
 outer loop
  vertex 1.204 4.232 12
  vertex 1.211 3.707 11.711
  vertex 1.715 4.052 12
 endloop
endfacet
facet normal -0.175 -0.469 0.866
 outer loop
  vertex 1.715 4.052 12
  vertex 1.211 3.707 11.711
  vertex 1.525 3.604 11.719
 endloop
endfacet
facet normal -0.204 -0.457 0.866
 outer loop
  vertex 1.715 4.052 12
  vertex 1.525 3.604 11.719
  vertex 1.671 3.546 11.723
 endloop
endfacet
facet normal -0.225 -0.453 0.863
 outer loop
  vertex 1.715 4.052 12
  vertex 1.671 3.546 11.723
  vertex 2.2 3.811 12
 endloop
endfacet
facet normal -0.232 -0.443 0.866
 outer loop
  vertex 2.2 3.811 12
  vertex 1.671 3.546 11.723
  vertex 1.966 3.406 11.73
 endloop
endfacet
facet normal -0.259 -0.428 0.866
 outer loop
  vertex 2.2 3.811 12
  vertex 1.966 3.406 11.73
  vertex 2.11 3.326 11.734
 endloop
endfacet
facet normal -0.28 -0.422 0.862
 outer loop
  vertex 2.2 3.811 12
  vertex 2.11 3.326 11.734
  vertex 2.652 3.511 12
 endloop
endfacet
facet normal -0.285 -0.411 0.866
 outer loop
  vertex 2.652 3.511 12
  vertex 2.11 3.326 11.734
  vertex 2.381 3.153 11.741
 endloop
endfacet
facet normal -0.308 -0.394 0.866
 outer loop
  vertex 2.652 3.511 12
  vertex 2.381 3.153 11.741
  vertex 2.495 3.069 11.743
 endloop
endfacet
facet normal -0.322 -0.388 0.864
 outer loop
  vertex 2.495 3.069 11.743
  vertex 2.519 3.049 11.743
  vertex 2.652 3.511 12
 endloop
endfacet
facet normal -0.33 -0.385 0.862
 outer loop
  vertex 2.652 3.511 12
  vertex 2.519 3.049 11.743
  vertex 3.063 3.159 12
 endloop
endfacet
facet normal -0.334 -0.373 0.866
 outer loop
  vertex 2.519 3.049 11.743
  vertex 2.75 2.836 11.741
  vertex 3.063 3.159 12
 endloop
endfacet
facet normal -0.356 -0.351 0.866
 outer loop
  vertex 3.063 3.159 12
  vertex 2.75 2.836 11.741
  vertex 2.876 2.705 11.739
 endloop
endfacet
facet normal -0.374 -0.341 0.862
 outer loop
  vertex 3.063 3.159 12
  vertex 2.876 2.705 11.739
  vertex 3.428 2.758 12
 endloop
endfacet
facet normal -0.377 -0.328 0.866
 outer loop
  vertex 3.428 2.758 12
  vertex 2.876 2.705 11.739
  vertex 3.073 2.473 11.737
 endloop
endfacet
facet normal -0.397 -0.304 0.866
 outer loop
  vertex 3.428 2.758 12
  vertex 3.073 2.473 11.737
  vertex 3.187 2.32 11.736
 endloop
endfacet
facet normal -0.413 -0.293 0.862
 outer loop
  vertex 3.428 2.758 12
  vertex 3.187 2.32 11.736
  vertex 3.741 2.316 12
 endloop
endfacet
facet normal -0.415 -0.279 0.866
 outer loop
  vertex 3.741 2.316 12
  vertex 3.187 2.32 11.736
  vertex 3.349 2.074 11.734
 endloop
endfacet
facet normal -0.432 -0.252 0.866
 outer loop
  vertex 3.741 2.316 12
  vertex 3.349 2.074 11.734
  vertex 3.448 1.9 11.733
 endloop
endfacet
facet normal -0.446 -0.24 0.862
 outer loop
  vertex 3.741 2.316 12
  vertex 3.448 1.9 11.733
  vertex 3.997 1.839 12
 endloop
endfacet
facet normal -0.446 -0.226 0.866
 outer loop
  vertex 3.997 1.839 12
  vertex 3.448 1.9 11.733
  vertex 3.575 1.645 11.731
 endloop
endfacet
facet normal -0.46 -0.197 0.866
 outer loop
  vertex 3.997 1.839 12
  vertex 3.575 1.645 11.731
  vertex 3.656 1.45 11.731
 endloop
endfacet
facet normal -0.472 -0.183 0.862
 outer loop
  vertex 3.997 1.839 12
  vertex 3.656 1.45 11.731
  vertex 4.193 1.334 12
 endloop
endfacet
facet normal -0.471 -0.168 0.866
 outer loop
  vertex 4.193 1.334 12
  vertex 3.656 1.45 11.731
  vertex 3.747 1.192 11.73
 endloop
endfacet
facet normal -0.48 -0.139 0.866
 outer loop
  vertex 4.193 1.334 12
  vertex 3.747 1.192 11.73
  vertex 3.807 0.979 11.729
 endloop
endfacet
facet normal -0.491 -0.124 0.862
 outer loop
  vertex 4.193 1.334 12
  vertex 3.807 0.979 11.729
  vertex 4.325 0.808 12
 endloop
endfacet
facet normal -0.488 -0.108 0.866
 outer loop
  vertex 4.325 0.808 12
  vertex 3.807 0.979 11.729
  vertex 3.863 0.722 11.729
 endloop
endfacet
facet normal -0.494 -0.077 0.866
 outer loop
  vertex 4.325 0.808 12
  vertex 3.863 0.722 11.729
  vertex 3.898 0.493 11.728
 endloop
endfacet
facet normal -0.503 -0.062 0.862
 outer loop
  vertex 4.325 0.808 12
  vertex 3.898 0.493 11.728
  vertex 4.392 0.271 12
 endloop
endfacet
facet normal -0.498 -0.047 0.866
 outer loop
  vertex 4.392 0.271 12
  vertex 3.898 0.493 11.728
  vertex 3.921 0.242 11.728
 endloop
endfacet
facet normal -0.5 -0.015 0.866
 outer loop
  vertex 4.392 0.271 12
  vertex 3.921 0.242 11.728
  vertex 4.4 0 12
 endloop
endfacet
facet normal -0.5 -0.016 0.866
 outer loop
  vertex 4.4 0 12
  vertex 3.921 0.242 11.728
  vertex 3.929 0 11.728
 endloop
endfacet
facet normal -0.5 0.015 0.866
 outer loop
  vertex 4.4 0 12
  vertex 3.929 0 11.728
  vertex 4.392 -0.271 12
 endloop
endfacet
facet normal -0.5 0.016 0.866
 outer loop
  vertex 4.392 -0.271 12
  vertex 3.929 0 11.728
  vertex 3.921 -0.242 11.728
 endloop
endfacet
facet normal -0.498 0.047 0.866
 outer loop
  vertex 4.392 -0.271 12
  vertex 3.921 -0.242 11.728
  vertex 3.898 -0.493 11.728
 endloop
endfacet
facet normal -0.503 0.062 0.862
 outer loop
  vertex 4.392 -0.271 12
  vertex 3.898 -0.493 11.728
  vertex 4.325 -0.808 12
 endloop
endfacet
facet normal -0.494 0.077 0.866
 outer loop
  vertex 4.325 -0.808 12
  vertex 3.898 -0.493 11.728
  vertex 3.863 -0.722 11.729
 endloop
endfacet
facet normal -0.488 0.108 0.866
 outer loop
  vertex 4.325 -0.808 12
  vertex 3.863 -0.722 11.729
  vertex 3.807 -0.979 11.729
 endloop
endfacet
facet normal -0.491 0.124 0.862
 outer loop
  vertex 4.325 -0.808 12
  vertex 3.807 -0.979 11.729
  vertex 4.193 -1.334 12
 endloop
endfacet
facet normal -0.48 0.139 0.866
 outer loop
  vertex 4.193 -1.334 12
  vertex 3.807 -0.979 11.729
  vertex 3.747 -1.192 11.73
 endloop
endfacet
facet normal -0.471 0.168 0.866
 outer loop
  vertex 4.193 -1.334 12
  vertex 3.747 -1.192 11.73
  vertex 3.656 -1.45 11.731
 endloop
endfacet
facet normal -0.472 0.183 0.862
 outer loop
  vertex 4.193 -1.334 12
  vertex 3.656 -1.45 11.731
  vertex 3.997 -1.839 12
 endloop
endfacet
facet normal -0.46 0.197 0.866
 outer loop
  vertex 3.997 -1.839 12
  vertex 3.656 -1.45 11.731
  vertex 3.575 -1.645 11.731
 endloop
endfacet
facet normal -0.446 0.226 0.866
 outer loop
  vertex 3.997 -1.839 12
  vertex 3.575 -1.645 11.731
  vertex 3.448 -1.9 11.733
 endloop
endfacet
facet normal -0.446 0.24 0.862
 outer loop
  vertex 3.997 -1.839 12
  vertex 3.448 -1.9 11.733
  vertex 3.741 -2.316 12
 endloop
endfacet
facet normal -0.432 0.252 0.866
 outer loop
  vertex 3.741 -2.316 12
  vertex 3.448 -1.9 11.733
  vertex 3.349 -2.074 11.734
 endloop
endfacet
facet normal -0.415 0.279 0.866
 outer loop
  vertex 3.741 -2.316 12
  vertex 3.349 -2.074 11.734
  vertex 3.187 -2.32 11.736
 endloop
endfacet
facet normal -0.413 0.293 0.862
 outer loop
  vertex 3.741 -2.316 12
  vertex 3.187 -2.32 11.736
  vertex 3.428 -2.758 12
 endloop
endfacet
facet normal -0.397 0.304 0.866
 outer loop
  vertex 3.428 -2.758 12
  vertex 3.187 -2.32 11.736
  vertex 3.073 -2.473 11.737
 endloop
endfacet
facet normal -0.377 0.328 0.866
 outer loop
  vertex 3.428 -2.758 12
  vertex 3.073 -2.473 11.737
  vertex 2.876 -2.705 11.739
 endloop
endfacet
facet normal -0.374 0.341 0.862
 outer loop
  vertex 3.428 -2.758 12
  vertex 2.876 -2.705 11.739
  vertex 3.063 -3.159 12
 endloop
endfacet
facet normal -0.356 0.351 0.866
 outer loop
  vertex 3.063 -3.159 12
  vertex 2.876 -2.705 11.739
  vertex 2.75 -2.836 11.741
 endloop
endfacet
facet normal -0.334 0.373 0.866
 outer loop
  vertex 3.063 -3.159 12
  vertex 2.75 -2.836 11.741
  vertex 2.519 -3.049 11.743
 endloop
endfacet
facet normal -0.33 0.385 0.862
 outer loop
  vertex 2.652 -3.511 12
  vertex 3.063 -3.159 12
  vertex 2.519 -3.049 11.743
 endloop
endfacet
facet normal 0.5 -0.015 -0.866
 outer loop
  vertex -3.697 0.227 0.402
  vertex -3.705 0 0.401
  vertex -4.4 0 0
 endloop
endfacet
facet normal 0.5 0.015 -0.866
 outer loop
  vertex -4.4 0 0
  vertex -3.705 0 0.401
  vertex -3.697 -0.227 0.402
 endloop
endfacet
facet normal 0.504 0.031 -0.863
 outer loop
  vertex -4.4 0 0
  vertex -3.697 -0.227 0.402
  vertex -4.367 -0.541 0
 endloop
endfacet
facet normal 0.498 0.046 -0.866
 outer loop
  vertex -4.367 -0.541 0
  vertex -3.697 -0.227 0.402
  vertex -3.675 -0.455 0.402
 endloop
endfacet
facet normal 0.494 0.076 -0.866
 outer loop
  vertex -4.367 -0.541 0
  vertex -3.675 -0.455 0.402
  vertex -3.639 -0.676 0.404
 endloop
endfacet
facet normal 0.496 0.093 -0.863
 outer loop
  vertex -4.367 -0.541 0
  vertex -3.639 -0.676 0.404
  vertex -4.267 -1.073 0
 endloop
endfacet
facet normal 0.489 0.107 -0.866
 outer loop
  vertex -4.267 -1.073 0
  vertex -3.639 -0.676 0.404
  vertex -3.586 -0.902 0.406
 endloop
endfacet
facet normal 0.481 0.136 -0.866
 outer loop
  vertex -4.267 -1.073 0
  vertex -3.586 -0.902 0.406
  vertex -3.522 -1.113 0.408
 endloop
endfacet
facet normal 0.481 0.153 -0.863
 outer loop
  vertex -4.267 -1.073 0
  vertex -3.522 -1.113 0.408
  vertex -4.103 -1.589 0
 endloop
endfacet
facet normal 0.472 0.166 -0.866
 outer loop
  vertex -4.103 -1.589 0
  vertex -3.522 -1.113 0.408
  vertex -3.439 -1.332 0.411
 endloop
endfacet
facet normal 0.461 0.194 -0.866
 outer loop
  vertex -4.103 -1.589 0
  vertex -3.439 -1.332 0.411
  vertex -3.35 -1.53 0.414
 endloop
endfacet
facet normal 0.458 0.211 -0.863
 outer loop
  vertex -4.103 -1.589 0
  vertex -3.35 -1.53 0.414
  vertex -3.876 -2.082 0
 endloop
endfacet
facet normal 0.448 0.222 -0.866
 outer loop
  vertex -3.876 -2.082 0
  vertex -3.35 -1.53 0.414
  vertex -3.239 -1.739 0.418
 endloop
endfacet
facet normal 0.434 0.249 -0.866
 outer loop
  vertex -3.876 -2.082 0
  vertex -3.239 -1.739 0.418
  vertex -3.126 -1.921 0.422
 endloop
endfacet
facet normal 0.429 0.265 -0.864
 outer loop
  vertex -3.876 -2.082 0
  vertex -3.126 -1.921 0.422
  vertex -3.591 -2.542 0
 endloop
endfacet
facet normal 0.417 0.276 -0.866
 outer loop
  vertex -3.591 -2.542 0
  vertex -3.126 -1.921 0.422
  vertex -2.988 -2.115 0.427
 endloop
endfacet
facet normal 0.4 0.301 -0.866
 outer loop
  vertex -3.591 -2.542 0
  vertex -2.988 -2.115 0.427
  vertex -2.855 -2.278 0.432
 endloop
endfacet
facet normal 0.393 0.316 -0.864
 outer loop
  vertex -3.591 -2.542 0
  vertex -2.855 -2.278 0.432
  vertex -3.252 -2.964 0
 endloop
endfacet
facet normal 0.381 0.325 -0.866
 outer loop
  vertex -3.252 -2.964 0
  vertex -2.855 -2.278 0.432
  vertex -2.692 -2.454 0.437
 endloop
endfacet
facet normal 0.36 0.347 -0.866
 outer loop
  vertex -3.252 -2.964 0
  vertex -2.692 -2.454 0.437
  vertex -2.542 -2.596 0.443
 endloop
endfacet
facet normal 0.351 0.362 -0.864
 outer loop
  vertex -3.252 -2.964 0
  vertex -2.542 -2.596 0.443
  vertex -2.863 -3.341 0
 endloop
endfacet
facet normal 0.338 0.369 -0.866
 outer loop
  vertex -2.863 -3.341 0
  vertex -2.542 -2.596 0.443
  vertex -2.356 -2.75 0.449
 endloop
endfacet
facet normal 0.315 0.389 -0.866
 outer loop
  vertex -2.863 -3.341 0
  vertex -2.356 -2.75 0.449
  vertex -2.192 -2.871 0.455
 endloop
endfacet
facet normal 0.304 0.402 -0.864
 outer loop
  vertex -2.863 -3.341 0
  vertex -2.192 -2.871 0.455
  vertex -2.43 -3.668 0
 endloop
endfacet
facet normal 0.29 0.407 -0.866
 outer loop
  vertex -2.43 -3.668 0
  vertex -2.192 -2.871 0.455
  vertex -1.988 -3 0.462
 endloop
endfacet
facet normal 0.264 0.425 -0.866
 outer loop
  vertex -2.43 -3.668 0
  vertex -1.988 -3 0.462
  vertex -1.812 -3.098 0.469
 endloop
endfacet
facet normal 0.252 0.436 -0.864
 outer loop
  vertex -2.43 -3.668 0
  vertex -1.812 -3.098 0.469
  vertex -1.961 -3.939 0
 endloop
endfacet
facet normal 0.238 0.44 -0.866
 outer loop
  vertex -1.961 -3.939 0
  vertex -1.812 -3.098 0.469
  vertex -1.594 -3.2 0.476
 endloop
endfacet
facet normal 0.21 0.454 -0.866
 outer loop
  vertex -1.961 -3.939 0
  vertex -1.594 -3.2 0.476
  vertex -1.409 -3.274 0.483
 endloop
endfacet
facet normal 0.196 0.464 -0.864
 outer loop
  vertex -1.961 -3.939 0
  vertex -1.409 -3.274 0.483
  vertex -1.462 -4.15 0
 endloop
endfacet
facet normal 0.182 0.466 -0.866
 outer loop
  vertex -1.462 -4.15 0
  vertex -1.409 -3.274 0.483
  vertex -1.18 -3.348 0.491
 endloop
endfacet
facet normal 0.153 0.476 -0.866
 outer loop
  vertex -1.462 -4.15 0
  vertex -1.18 -3.348 0.491
  vertex -0.989 -3.397 0.498
 endloop
endfacet
facet normal 0.138 0.484 -0.864
 outer loop
  vertex -1.462 -4.15 0
  vertex -0.989 -3.397 0.498
  vertex -0.941 -4.298 0
 endloop
endfacet
facet normal 0.124 0.485 -0.866
 outer loop
  vertex -0.941 -4.298 0
  vertex -0.989 -3.397 0.498
  vertex -0.754 -3.442 0.506
 endloop
endfacet
facet normal 0.093 0.491 -0.866
 outer loop
  vertex -0.941 -4.298 0
  vertex -0.754 -3.442 0.506
  vertex -0.56 -3.467 0.513
 endloop
endfacet
facet normal 0.077 0.498 -0.864
 outer loop
  vertex -0.941 -4.298 0
  vertex -0.56 -3.467 0.513
  vertex -0.406 -4.381 0
 endloop
endfacet
facet normal 0.063 0.496 -0.866
 outer loop
  vertex -0.406 -4.381 0
  vertex -0.56 -3.467 0.513
  vertex -0.323 -3.482 0.521
 endloop
endfacet
facet normal 0.032 0.499 -0.866
 outer loop
  vertex -0.406 -4.381 0
  vertex -0.323 -3.482 0.521
  vertex -0.129 -3.483 0.528
 endloop
endfacet
facet normal 0.015 0.503 -0.864
 outer loop
  vertex -0.406 -4.381 0
  vertex -0.129 -3.483 0.528
  vertex 0.135 -4.398 0
 endloop
endfacet
facet normal 0.002 0.5 -0.866
 outer loop
  vertex 0.135 -4.398 0
  vertex -0.129 -3.483 0.528
  vertex 0.107 -3.469 0.536
 endloop
endfacet
facet normal -0.029 0.499 -0.866
 outer loop
  vertex 0.135 -4.398 0
  vertex 0.107 -3.469 0.536
  vertex 0.298 -3.446 0.543
 endloop
endfacet
facet normal -0.046 0.501 -0.864
 outer loop
  vertex 0.135 -4.398 0
  vertex 0.298 -3.446 0.543
  vertex 0.675 -4.348 0
 endloop
endfacet
facet normal -0.06 0.497 -0.866
 outer loop
  vertex 0.675 -4.348 0
  vertex 0.298 -3.446 0.543
  vertex 0.528 -3.404 0.551
 endloop
endfacet
facet normal -0.09 0.492 -0.866
 outer loop
  vertex 0.675 -4.348 0
  vertex 0.528 -3.404 0.551
  vertex 0.714 -3.359 0.558
 endloop
endfacet
facet normal -0.108 0.492 -0.864
 outer loop
  vertex 0.675 -4.348 0
  vertex 0.714 -3.359 0.558
  vertex 1.204 -4.232 0
 endloop
endfacet
facet normal -0.121 0.485 -0.866
 outer loop
  vertex 1.204 -4.232 0
  vertex 0.714 -3.359 0.558
  vertex 0.936 -3.29 0.566
 endloop
endfacet
facet normal -0.15 0.477 -0.866
 outer loop
  vertex 1.204 -4.232 0
  vertex 0.936 -3.29 0.566
  vertex 1.114 -3.222 0.572
 endloop
endfacet
facet normal -0.167 0.475 -0.864
 outer loop
  vertex 1.204 -4.232 0
  vertex 1.114 -3.222 0.572
  vertex 1.715 -4.052 0
 endloop
endfacet
facet normal -0.179 0.467 -0.866
 outer loop
  vertex 1.715 -4.052 0
  vertex 1.114 -3.222 0.572
  vertex 1.324 -3.128 0.579
 endloop
endfacet
facet normal -0.208 0.455 -0.866
 outer loop
  vertex 1.715 -4.052 0
  vertex 1.324 -3.128 0.579
  vertex 1.493 -3.039 0.585
 endloop
endfacet
facet normal -0.224 0.45 -0.864
 outer loop
  vertex 1.715 -4.052 0
  vertex 1.493 -3.039 0.585
  vertex 2.2 -3.811 0
 endloop
endfacet
facet normal -0.235 0.441 -0.866
 outer loop
  vertex 2.2 -3.811 0
  vertex 1.493 -3.039 0.585
  vertex 1.687 -2.922 0.592
 endloop
endfacet
facet normal -0.262 0.426 -0.866
 outer loop
  vertex 2.2 -3.811 0
  vertex 1.687 -2.922 0.592
  vertex 1.844 -2.814 0.598
 endloop
endfacet
facet normal -0.278 0.419 -0.864
 outer loop
  vertex 2.2 -3.811 0
  vertex 1.844 -2.814 0.598
  vertex 2.652 -3.511 0
 endloop
endfacet
facet normal -0.288 0.409 -0.866
 outer loop
  vertex 2.652 -3.511 0
  vertex 1.844 -2.814 0.598
  vertex 2.021 -2.676 0.604
 endloop
endfacet
facet normal -0.313 0.39 -0.866
 outer loop
  vertex 2.652 -3.511 0
  vertex 2.021 -2.676 0.604
  vertex 2.165 -2.55 0.609
 endloop
endfacet
facet normal -0.327 0.382 -0.864
 outer loop
  vertex 2.652 -3.511 0
  vertex 2.165 -2.55 0.609
  vertex 3.063 -3.159 0
 endloop
endfacet
facet normal -0.336 0.371 -0.866
 outer loop
  vertex 3.063 -3.159 0
  vertex 2.165 -2.55 0.609
  vertex 2.322 -2.395 0.615
 endloop
endfacet
facet normal -0.358 0.349 -0.866
 outer loop
  vertex 3.063 -3.159 0
  vertex 2.322 -2.395 0.615
  vertex 2.45 -2.252 0.619
 endloop
endfacet
facet normal -0.372 0.339 -0.864
 outer loop
  vertex 3.063 -3.159 0
  vertex 2.45 -2.252 0.619
  vertex 3.428 -2.758 0
 endloop
endfacet
facet normal -0.379 0.326 -0.866
 outer loop
  vertex 3.428 -2.758 0
  vertex 2.45 -2.252 0.619
  vertex 2.586 -2.081 0.624
 endloop
endfacet
facet normal -0.399 0.302 -0.866
 outer loop
  vertex 3.428 -2.758 0
  vertex 2.586 -2.081 0.624
  vertex 2.697 -1.923 0.628
 endloop
endfacet
facet normal -0.41 0.291 -0.864
 outer loop
  vertex 3.428 -2.758 0
  vertex 2.697 -1.923 0.628
  vertex 3.741 -2.316 0
 endloop
endfacet
facet normal -0.416 0.277 -0.866
 outer loop
  vertex 3.741 -2.316 0
  vertex 2.697 -1.923 0.628
  vertex 2.811 -1.74 0.632
 endloop
endfacet
facet normal -0.433 0.251 -0.866
 outer loop
  vertex 3.741 -2.316 0
  vertex 2.811 -1.74 0.632
  vertex 2.903 -1.57 0.635
 endloop
endfacet
facet normal -0.443 0.238 -0.864
 outer loop
  vertex 3.741 -2.316 0
  vertex 2.903 -1.57 0.635
  vertex 3.997 -1.839 0
 endloop
endfacet
facet normal -0.447 0.224 -0.866
 outer loop
  vertex 3.997 -1.839 0
  vertex 2.903 -1.57 0.635
  vertex 2.993 -1.377 0.638
 endloop
endfacet
facet normal -0.46 0.195 -0.866
 outer loop
  vertex 3.997 -1.839 0
  vertex 2.993 -1.377 0.638
  vertex 3.066 -1.195 0.641
 endloop
endfacet
facet normal -0.469 0.182 -0.864
 outer loop
  vertex 3.997 -1.839 0
  vertex 3.066 -1.195 0.641
  vertex 4.193 -1.334 0
 endloop
endfacet
facet normal -0.472 0.167 -0.866
 outer loop
  vertex 4.193 -1.334 0
  vertex 3.066 -1.195 0.641
  vertex 3.132 -0.996 0.643
 endloop
endfacet
facet normal -0.481 0.137 -0.866
 outer loop
  vertex 4.193 -1.334 0
  vertex 3.132 -0.996 0.643
  vertex 3.183 -0.805 0.645
 endloop
endfacet
facet normal -0.488 0.123 -0.864
 outer loop
  vertex 4.193 -1.334 0
  vertex 3.183 -0.805 0.645
  vertex 4.325 -0.808 0
 endloop
endfacet
facet normal -0.489 0.107 -0.866
 outer loop
  vertex 4.325 -0.808 0
  vertex 3.183 -0.805 0.645
  vertex 3.225 -0.603 0.646
 endloop
endfacet
facet normal -0.494 0.077 -0.866
 outer loop
  vertex 4.325 -0.808 0
  vertex 3.225 -0.603 0.646
  vertex 3.254 -0.405 0.647
 endloop
endfacet
facet normal -0.499 0.062 -0.864
 outer loop
  vertex 4.325 -0.808 0
  vertex 3.254 -0.405 0.647
  vertex 4.392 -0.271 0
 endloop
endfacet
facet normal -0.498 0.046 -0.866
 outer loop
  vertex 4.392 -0.271 0
  vertex 3.254 -0.405 0.647
  vertex 3.272 -0.202 0.648
 endloop
endfacet
facet normal -0.5 0.015 -0.866
 outer loop
  vertex 4.392 -0.271 0
  vertex 3.272 -0.202 0.648
  vertex 4.4 0 0
 endloop
endfacet
facet normal -0.5 0.016 -0.866
 outer loop
  vertex 4.4 0 0
  vertex 3.272 -0.202 0.648
  vertex 3.278 -0 0.648
 endloop
endfacet
facet normal -0.5 -0.015 -0.866
 outer loop
  vertex 4.4 0 0
  vertex 3.278 -0 0.648
  vertex 4.392 0.271 0
 endloop
endfacet
facet normal -0.5 -0.016 -0.866
 outer loop
  vertex 4.392 0.271 0
  vertex 3.278 -0 0.648
  vertex 3.272 0.202 0.648
 endloop
endfacet
facet normal -0.498 -0.046 -0.866
 outer loop
  vertex 4.392 0.271 0
  vertex 3.272 0.202 0.648
  vertex 3.254 0.405 0.647
 endloop
endfacet
facet normal -0.499 -0.062 -0.864
 outer loop
  vertex 4.392 0.271 0
  vertex 3.254 0.405 0.647
  vertex 4.325 0.808 0
 endloop
endfacet
facet normal -0.494 -0.077 -0.866
 outer loop
  vertex 4.325 0.808 0
  vertex 3.254 0.405 0.647
  vertex 3.225 0.603 0.646
 endloop
endfacet
facet normal -0.489 -0.107 -0.866
 outer loop
  vertex 4.325 0.808 0
  vertex 3.225 0.603 0.646
  vertex 3.183 0.805 0.645
 endloop
endfacet
facet normal -0.488 -0.123 -0.864
 outer loop
  vertex 4.325 0.808 0
  vertex 3.183 0.805 0.645
  vertex 4.193 1.334 0
 endloop
endfacet
facet normal -0.481 -0.137 -0.866
 outer loop
  vertex 4.193 1.334 0
  vertex 3.183 0.805 0.645
  vertex 3.132 0.996 0.643
 endloop
endfacet
facet normal -0.472 -0.167 -0.866
 outer loop
  vertex 4.193 1.334 0
  vertex 3.132 0.996 0.643
  vertex 3.066 1.195 0.641
 endloop
endfacet
facet normal -0.469 -0.182 -0.864
 outer loop
  vertex 4.193 1.334 0
  vertex 3.066 1.195 0.641
  vertex 3.997 1.839 0
 endloop
endfacet
facet normal -0.46 -0.195 -0.866
 outer loop
  vertex 3.997 1.839 0
  vertex 3.066 1.195 0.641
  vertex 2.993 1.377 0.638
 endloop
endfacet
facet normal -0.447 -0.224 -0.866
 outer loop
  vertex 3.997 1.839 0
  vertex 2.993 1.377 0.638
  vertex 2.903 1.57 0.635
 endloop
endfacet
facet normal -0.443 -0.238 -0.864
 outer loop
  vertex 3.997 1.839 0
  vertex 2.903 1.57 0.635
  vertex 3.741 2.316 0
 endloop
endfacet
facet normal -0.433 -0.251 -0.866
 outer loop
  vertex 3.741 2.316 0
  vertex 2.903 1.57 0.635
  vertex 2.811 1.74 0.632
 endloop
endfacet
facet normal -0.416 -0.277 -0.866
 outer loop
  vertex 3.741 2.316 0
  vertex 2.811 1.74 0.632
  vertex 2.697 1.923 0.628
 endloop
endfacet
facet normal -0.41 -0.291 -0.864
 outer loop
  vertex 3.741 2.316 0
  vertex 2.697 1.923 0.628
  vertex 3.428 2.758 0
 endloop
endfacet
facet normal -0.399 -0.302 -0.866
 outer loop
  vertex 3.428 2.758 0
  vertex 2.697 1.923 0.628
  vertex 2.586 2.081 0.624
 endloop
endfacet
facet normal -0.379 -0.326 -0.866
 outer loop
  vertex 3.428 2.758 0
  vertex 2.586 2.081 0.624
  vertex 2.45 2.252 0.619
 endloop
endfacet
facet normal -0.372 -0.339 -0.864
 outer loop
  vertex 3.428 2.758 0
  vertex 2.45 2.252 0.619
  vertex 3.063 3.159 0
 endloop
endfacet
facet normal -0.358 -0.349 -0.866
 outer loop
  vertex 3.063 3.159 0
  vertex 2.45 2.252 0.619
  vertex 2.322 2.395 0.615
 endloop
endfacet
facet normal -0.336 -0.371 -0.866
 outer loop
  vertex 3.063 3.159 0
  vertex 2.322 2.395 0.615
  vertex 2.165 2.55 0.609
 endloop
endfacet
facet normal -0.327 -0.382 -0.864
 outer loop
  vertex 3.063 3.159 0
  vertex 2.165 2.55 0.609
  vertex 2.652 3.511 0
 endloop
endfacet
facet normal -0.313 -0.39 -0.866
 outer loop
  vertex 2.652 3.511 0
  vertex 2.165 2.55 0.609
  vertex 2.021 2.676 0.604
 endloop
endfacet
facet normal -0.288 -0.409 -0.866
 outer loop
  vertex 2.652 3.511 0
  vertex 2.021 2.676 0.604
  vertex 1.844 2.814 0.598
 endloop
endfacet
facet normal -0.278 -0.419 -0.864
 outer loop
  vertex 2.652 3.511 0
  vertex 1.844 2.814 0.598
  vertex 2.2 3.811 0
 endloop
endfacet
facet normal -0.262 -0.426 -0.866
 outer loop
  vertex 2.2 3.811 0
  vertex 1.844 2.814 0.598
  vertex 1.687 2.922 0.592
 endloop
endfacet
facet normal -0.235 -0.441 -0.866
 outer loop
  vertex 2.2 3.811 0
  vertex 1.687 2.922 0.592
  vertex 1.493 3.039 0.585
 endloop
endfacet
facet normal -0.224 -0.45 -0.864
 outer loop
  vertex 2.2 3.811 0
  vertex 1.493 3.039 0.585
  vertex 1.715 4.052 0
 endloop
endfacet
facet normal -0.208 -0.455 -0.866
 outer loop
  vertex 1.715 4.052 0
  vertex 1.493 3.039 0.585
  vertex 1.324 3.128 0.579
 endloop
endfacet
facet normal -0.179 -0.467 -0.866
 outer loop
  vertex 1.715 4.052 0
  vertex 1.324 3.128 0.579
  vertex 1.114 3.222 0.572
 endloop
endfacet
facet normal -0.167 -0.475 -0.864
 outer loop
  vertex 1.715 4.052 0
  vertex 1.114 3.222 0.572
  vertex 1.204 4.232 0
 endloop
endfacet
facet normal -0.15 -0.477 -0.866
 outer loop
  vertex 1.204 4.232 0
  vertex 1.114 3.222 0.572
  vertex 0.936 3.29 0.566
 endloop
endfacet
facet normal -0.121 -0.485 -0.866
 outer loop
  vertex 1.204 4.232 0
  vertex 0.936 3.29 0.566
  vertex 0.714 3.359 0.558
 endloop
endfacet
facet normal -0.108 -0.492 -0.864
 outer loop
  vertex 1.204 4.232 0
  vertex 0.714 3.359 0.558
  vertex 0.675 4.348 0
 endloop
endfacet
facet normal -0.09 -0.492 -0.866
 outer loop
  vertex 0.675 4.348 0
  vertex 0.714 3.359 0.558
  vertex 0.528 3.404 0.551
 endloop
endfacet
facet normal -0.06 -0.497 -0.866
 outer loop
  vertex 0.675 4.348 0
  vertex 0.528 3.404 0.551
  vertex 0.298 3.446 0.543
 endloop
endfacet
facet normal -0.046 -0.501 -0.864
 outer loop
  vertex 0.675 4.348 0
  vertex 0.298 3.446 0.543
  vertex 0.135 4.398 0
 endloop
endfacet
facet normal -0.029 -0.499 -0.866
 outer loop
  vertex 0.135 4.398 0
  vertex 0.298 3.446 0.543
  vertex 0.107 3.469 0.536
 endloop
endfacet
facet normal 0.002 -0.5 -0.866
 outer loop
  vertex 0.135 4.398 0
  vertex 0.107 3.469 0.536
  vertex -0.129 3.483 0.528
 endloop
endfacet
facet normal 0.015 -0.503 -0.864
 outer loop
  vertex 0.135 4.398 0
  vertex -0.129 3.483 0.528
  vertex -0.406 4.381 0
 endloop
endfacet
facet normal 0.032 -0.499 -0.866
 outer loop
  vertex -0.406 4.381 0
  vertex -0.129 3.483 0.528
  vertex -0.323 3.482 0.521
 endloop
endfacet
facet normal 0.063 -0.496 -0.866
 outer loop
  vertex -0.406 4.381 0
  vertex -0.323 3.482 0.521
  vertex -0.56 3.467 0.513
 endloop
endfacet
facet normal 0.077 -0.498 -0.864
 outer loop
  vertex -0.406 4.381 0
  vertex -0.56 3.467 0.513
  vertex -0.941 4.298 0
 endloop
endfacet
facet normal 0.093 -0.491 -0.866
 outer loop
  vertex -0.941 4.298 0
  vertex -0.56 3.467 0.513
  vertex -0.754 3.442 0.506
 endloop
endfacet
facet normal 0.124 -0.485 -0.866
 outer loop
  vertex -0.941 4.298 0
  vertex -0.754 3.442 0.506
  vertex -0.989 3.397 0.498
 endloop
endfacet
facet normal 0.138 -0.484 -0.864
 outer loop
  vertex -0.941 4.298 0
  vertex -0.989 3.397 0.498
  vertex -1.462 4.15 0
 endloop
endfacet
facet normal 0.153 -0.476 -0.866
 outer loop
  vertex -1.462 4.15 0
  vertex -0.989 3.397 0.498
  vertex -1.18 3.348 0.491
 endloop
endfacet
facet normal 0.182 -0.466 -0.866
 outer loop
  vertex -1.462 4.15 0
  vertex -1.18 3.348 0.491
  vertex -1.409 3.274 0.483
 endloop
endfacet
facet normal 0.196 -0.464 -0.864
 outer loop
  vertex -1.462 4.15 0
  vertex -1.409 3.274 0.483
  vertex -1.961 3.939 0
 endloop
endfacet
facet normal 0.21 -0.454 -0.866
 outer loop
  vertex -1.961 3.939 0
  vertex -1.409 3.274 0.483
  vertex -1.594 3.2 0.476
 endloop
endfacet
facet normal 0.238 -0.44 -0.866
 outer loop
  vertex -1.961 3.939 0
  vertex -1.594 3.2 0.476
  vertex -1.812 3.098 0.469
 endloop
endfacet
facet normal 0.252 -0.436 -0.864
 outer loop
  vertex -1.961 3.939 0
  vertex -1.812 3.098 0.469
  vertex -2.43 3.668 0
 endloop
endfacet
facet normal 0.264 -0.425 -0.866
 outer loop
  vertex -2.43 3.668 0
  vertex -1.812 3.098 0.469
  vertex -1.988 3 0.462
 endloop
endfacet
facet normal 0.29 -0.407 -0.866
 outer loop
  vertex -2.43 3.668 0
  vertex -1.988 3 0.462
  vertex -2.192 2.871 0.455
 endloop
endfacet
facet normal 0.304 -0.402 -0.864
 outer loop
  vertex -2.43 3.668 0
  vertex -2.192 2.871 0.455
  vertex -2.863 3.341 0
 endloop
endfacet
facet normal 0.311 -0.394 -0.865
 outer loop
  vertex -2.863 3.341 0
  vertex -2.192 2.871 0.455
  vertex -2.288 2.802 0.452
 endloop
endfacet
facet normal 0.321 -0.384 -0.866
 outer loop
  vertex -2.863 3.341 0
  vertex -2.288 2.802 0.452
  vertex -2.356 2.75 0.449
 endloop
endfacet
facet normal 0.338 -0.369 -0.866
 outer loop
  vertex -2.356 2.75 0.449
  vertex -2.542 2.596 0.443
  vertex -2.863 3.341 0
 endloop
endfacet
facet normal 0.351 -0.362 -0.864
 outer loop
  vertex -2.863 3.341 0
  vertex -2.542 2.596 0.443
  vertex -3.252 2.964 0
 endloop
endfacet
facet normal 0.36 -0.347 -0.866
 outer loop
  vertex -2.542 2.596 0.443
  vertex -2.692 2.454 0.437
  vertex -3.252 2.964 0
 endloop
endfacet
facet normal 0.381 -0.325 -0.866
 outer loop
  vertex -3.252 2.964 0
  vertex -2.692 2.454 0.437
  vertex -2.855 2.278 0.432
 endloop
endfacet
facet normal 0.393 -0.316 -0.864
 outer loop
  vertex -3.252 2.964 0
  vertex -2.855 2.278 0.432
  vertex -3.591 2.542 0
 endloop
endfacet
facet normal 0.4 -0.301 -0.866
 outer loop
  vertex -3.591 2.542 0
  vertex -2.855 2.278 0.432
  vertex -2.988 2.115 0.427
 endloop
endfacet
facet normal 0.417 -0.276 -0.866
 outer loop
  vertex -3.591 2.542 0
  vertex -2.988 2.115 0.427
  vertex -3.126 1.921 0.422
 endloop
endfacet
facet normal 0.429 -0.265 -0.864
 outer loop
  vertex -3.591 2.542 0
  vertex -3.126 1.921 0.422
  vertex -3.876 2.082 0
 endloop
endfacet
facet normal 0.434 -0.249 -0.866
 outer loop
  vertex -3.876 2.082 0
  vertex -3.126 1.921 0.422
  vertex -3.239 1.739 0.418
 endloop
endfacet
facet normal 0.448 -0.222 -0.866
 outer loop
  vertex -3.876 2.082 0
  vertex -3.239 1.739 0.418
  vertex -3.35 1.53 0.414
 endloop
endfacet
facet normal 0.458 -0.211 -0.863
 outer loop
  vertex -3.876 2.082 0
  vertex -3.35 1.53 0.414
  vertex -4.103 1.589 0
 endloop
endfacet
facet normal 0.461 -0.194 -0.866
 outer loop
  vertex -4.103 1.589 0
  vertex -3.35 1.53 0.414
  vertex -3.439 1.332 0.411
 endloop
endfacet
facet normal 0.472 -0.166 -0.866
 outer loop
  vertex -4.103 1.589 0
  vertex -3.439 1.332 0.411
  vertex -3.522 1.113 0.408
 endloop
endfacet
facet normal 0.481 -0.153 -0.863
 outer loop
  vertex -4.103 1.589 0
  vertex -3.522 1.113 0.408
  vertex -4.267 1.073 0
 endloop
endfacet
facet normal 0.481 -0.136 -0.866
 outer loop
  vertex -4.267 1.073 0
  vertex -3.522 1.113 0.408
  vertex -3.586 0.902 0.406
 endloop
endfacet
facet normal 0.489 -0.107 -0.866
 outer loop
  vertex -4.267 1.073 0
  vertex -3.586 0.902 0.406
  vertex -3.639 0.676 0.404
 endloop
endfacet
facet normal 0.496 -0.093 -0.863
 outer loop
  vertex -4.267 1.073 0
  vertex -3.639 0.676 0.404
  vertex -4.367 0.541 0
 endloop
endfacet
facet normal 0.494 -0.076 -0.866
 outer loop
  vertex -4.367 0.541 0
  vertex -3.639 0.676 0.404
  vertex -3.675 0.455 0.402
 endloop
endfacet
facet normal 0.498 -0.046 -0.866
 outer loop
  vertex -4.367 0.541 0
  vertex -3.675 0.455 0.402
  vertex -3.697 0.227 0.402
 endloop
endfacet
facet normal 0.504 -0.031 -0.863
 outer loop
  vertex -4.4 0 0
  vertex -4.367 0.541 0
  vertex -3.697 0.227 0.402
 endloop
endfacet
facet normal 0 0 1
 outer loop
  vertex 8.983 0.554 3.5
  vertex 6.5 3.073 3.5
  vertex 9 0 3.5
 endloop
endfacet
facet normal 0 0 1
 outer loop
  vertex 9 0 3.5
  vertex 6.5 3.073 3.5
  vertex 6.5 -3.073 3.5
 endloop
endfacet
facet normal 0 0 1
 outer loop
  vertex 9 0 3.5
  vertex 6.5 -3.073 3.5
  vertex 8.983 -0.554 3.5
 endloop
endfacet
facet normal 0 0 1
 outer loop
  vertex 8.983 -0.554 3.5
  vertex 6.5 -3.073 3.5
  vertex 8.847 -1.654 3.5
 endloop
endfacet
facet normal 0 0 1
 outer loop
  vertex 8.983 0.554 3.5
  vertex 8.847 1.654 3.5
  vertex 6.5 3.073 3.5
 endloop
endfacet
facet normal 0 0 1
 outer loop
  vertex 6.5 3.073 3.5
  vertex 8.847 1.654 3.5
  vertex 8.576 2.728 3.5
 endloop
endfacet
facet normal -0 0 1
 outer loop
  vertex 6.5 3.073 3.5
  vertex 8.576 2.728 3.5
  vertex 8.176 3.762 3.5
 endloop
endfacet
facet normal 0 0 1
 outer loop
  vertex 8.176 3.762 3.5
  vertex 7.652 4.738 3.5
  vertex 6.5 3.073 3.5
 endloop
endfacet
facet normal 0 -0 1
 outer loop
  vertex 6.5 3.073 3.5
  vertex 7.652 4.738 3.5
  vertex 5.912 4.092 3.5
 endloop
endfacet
facet normal 0 0 1
 outer loop
  vertex 7.652 4.738 3.5
  vertex 7.012 5.642 3.5
  vertex 5.912 4.092 3.5
 endloop
endfacet
facet normal 0 0 1
 outer loop
  vertex 5.912 4.092 3.5
  vertex 7.012 5.642 3.5
  vertex 6.265 6.461 3.5
 endloop
endfacet
facet normal 0 -0 1
 outer loop
  vertex 5.912 4.092 3.5
  vertex 6.265 6.461 3.5
  vertex 5.424 7.182 3.5
 endloop
endfacet
facet normal 0 0 1
 outer loop
  vertex 5.424 7.182 3.5
  vertex 4.5 7.794 3.5
  vertex 5.912 4.092 3.5
 endloop
endfacet
facet normal 0 0 1
 outer loop
  vertex 5.912 4.092 3.5
  vertex 4.5 7.794 3.5
  vertex 0.588 7.166 3.5
 endloop
endfacet
facet normal 0 0 1
 outer loop
  vertex 4.5 7.794 3.5
  vertex 3.508 8.288 3.5
  vertex 0.588 7.166 3.5
 endloop
endfacet
facet normal 0 0 1
 outer loop
  vertex 0.588 7.166 3.5
  vertex 3.508 8.288 3.5
  vertex 2.463 8.656 3.5
 endloop
endfacet
facet normal 0 0 1
 outer loop
  vertex 0.588 7.166 3.5
  vertex 2.463 8.656 3.5
  vertex 1.381 8.893 3.5
 endloop
endfacet
facet normal 0 0 1
 outer loop
  vertex 1.381 8.893 3.5
  vertex 0.277 8.996 3.5
  vertex 0.588 7.166 3.5
 endloop
endfacet
facet normal 0 0 1
 outer loop
  vertex 0.588 7.166 3.5
  vertex 0.277 8.996 3.5
  vertex -0.588 7.166 3.5
 endloop
endfacet
facet normal 0 0 1
 outer loop
  vertex 0.277 8.996 3.5
  vertex -0.83 8.962 3.5
  vertex -0.588 7.166 3.5
 endloop
endfacet
facet normal 0 0 1
 outer loop
  vertex -0.588 7.166 3.5
  vertex -0.83 8.962 3.5
  vertex -1.925 8.792 3.5
 endloop
endfacet
facet normal 0 0 1
 outer loop
  vertex -0.588 7.166 3.5
  vertex -1.925 8.792 3.5
  vertex -2.991 8.488 3.5
 endloop
endfacet
facet normal 0 0 1
 outer loop
  vertex -2.991 8.488 3.5
  vertex -4.012 8.056 3.5
  vertex -0.588 7.166 3.5
 endloop
endfacet
facet normal 0 0 1
 outer loop
  vertex -0.588 7.166 3.5
  vertex -4.012 8.056 3.5
  vertex -4.971 7.502 3.5
 endloop
endfacet
facet normal 0 0 1
 outer loop
  vertex -0.588 7.166 3.5
  vertex -4.971 7.502 3.5
  vertex -5.912 4.092 3.5
 endloop
endfacet
facet normal 0 0 1
 outer loop
  vertex -5.912 4.092 3.5
  vertex -4.971 7.502 3.5
  vertex -5.856 6.835 3.5
 endloop
endfacet
facet normal 0 -0 1
 outer loop
  vertex -5.912 4.092 3.5
  vertex -5.856 6.835 3.5
  vertex -6.651 6.063 3.5
 endloop
endfacet
facet normal 0 0 1
 outer loop
  vertex -6.651 6.063 3.5
  vertex -7.346 5.2 3.5
  vertex -5.912 4.092 3.5
 endloop
endfacet
facet normal 0 0 1
 outer loop
  vertex -5.912 4.092 3.5
  vertex -7.346 5.2 3.5
  vertex -7.929 4.258 3.5
 endloop
endfacet
facet normal 0 0 1
 outer loop
  vertex -5.912 4.092 3.5
  vertex -7.929 4.258 3.5
  vertex -6.5 3.073 3.5
 endloop
endfacet
facet normal 0 0 1
 outer loop
  vertex -6.5 3.073 3.5
  vertex -7.929 4.258 3.5
  vertex -8.392 3.251 3.5
 endloop
endfacet
facet normal 0 0 1
 outer loop
  vertex -6.5 3.073 3.5
  vertex -8.392 3.251 3.5
  vertex -8.728 2.195 3.5
 endloop
endfacet
facet normal -0 0 1
 outer loop
  vertex -8.728 2.195 3.5
  vertex -8.932 1.106 3.5
  vertex -6.5 3.073 3.5
 endloop
endfacet
facet normal 0 0 1
 outer loop
  vertex -6.5 3.073 3.5
  vertex -8.932 1.106 3.5
  vertex -9 0 3.5
 endloop
endfacet
facet normal 0 0 1
 outer loop
  vertex -6.5 3.073 3.5
  vertex -9 0 3.5
  vertex -6.5 -3.073 3.5
 endloop
endfacet
facet normal 0 0 1
 outer loop
  vertex -6.5 -3.073 3.5
  vertex -9 0 3.5
  vertex -8.932 -1.106 3.5
 endloop
endfacet
facet normal 0 0 1
 outer loop
  vertex -6.5 -3.073 3.5
  vertex -8.932 -1.106 3.5
  vertex -8.728 -2.195 3.5
 endloop
endfacet
facet normal 0 0 1
 outer loop
  vertex -8.728 -2.195 3.5
  vertex -8.392 -3.251 3.5
  vertex -6.5 -3.073 3.5
 endloop
endfacet
facet normal 0 0 1
 outer loop
  vertex -6.5 -3.073 3.5
  vertex -8.392 -3.251 3.5
  vertex -7.929 -4.258 3.5
 endloop
endfacet
facet normal 0 0 1
 outer loop
  vertex -6.5 -3.073 3.5
  vertex -7.929 -4.258 3.5
  vertex -5.912 -4.092 3.5
 endloop
endfacet
facet normal 0 0 1
 outer loop
  vertex -5.912 -4.092 3.5
  vertex -7.929 -4.258 3.5
  vertex -7.346 -5.2 3.5
 endloop
endfacet
facet normal 0 0 1
 outer loop
  vertex -5.912 -4.092 3.5
  vertex -7.346 -5.2 3.5
  vertex -6.651 -6.063 3.5
 endloop
endfacet
facet normal -0 0 1
 outer loop
  vertex -6.651 -6.063 3.5
  vertex -5.856 -6.835 3.5
  vertex -5.912 -4.092 3.5
 endloop
endfacet
facet normal 0 0 1
 outer loop
  vertex -5.912 -4.092 3.5
  vertex -5.856 -6.835 3.5
  vertex -4.971 -7.502 3.5
 endloop
endfacet
facet normal 0 0 1
 outer loop
  vertex -5.912 -4.092 3.5
  vertex -4.971 -7.502 3.5
  vertex -0.588 -7.166 3.5
 endloop
endfacet
facet normal 0 0 1
 outer loop
  vertex -0.588 -7.166 3.5
  vertex -4.971 -7.502 3.5
  vertex -4.012 -8.056 3.5
 endloop
endfacet
facet normal 0 0 1
 outer loop
  vertex -0.588 -7.166 3.5
  vertex -4.012 -8.056 3.5
  vertex -2.991 -8.488 3.5
 endloop
endfacet
facet normal -0 0 1
 outer loop
  vertex -2.991 -8.488 3.5
  vertex -1.925 -8.792 3.5
  vertex -0.588 -7.166 3.5
 endloop
endfacet
facet normal 0 0 1
 outer loop
  vertex -0.588 -7.166 3.5
  vertex -1.925 -8.792 3.5
  vertex -0.83 -8.962 3.5
 endloop
endfacet
facet normal 0 0 1
 outer loop
  vertex -0.588 -7.166 3.5
  vertex -0.83 -8.962 3.5
  vertex 0.277 -8.996 3.5
 endloop
endfacet
facet normal -0 0 1
 outer loop
  vertex -0.588 -7.166 3.5
  vertex 0.277 -8.996 3.5
  vertex 0.588 -7.166 3.5
 endloop
endfacet
facet normal 0 0 1
 outer loop
  vertex 0.588 -7.166 3.5
  vertex 0.277 -8.996 3.5
  vertex 1.381 -8.893 3.5
 endloop
endfacet
facet normal 0 0 1
 outer loop
  vertex 0.588 -7.166 3.5
  vertex 1.381 -8.893 3.5
  vertex 2.463 -8.656 3.5
 endloop
endfacet
facet normal 0 -0 1
 outer loop
  vertex 2.463 -8.656 3.5
  vertex 3.508 -8.288 3.5
  vertex 0.588 -7.166 3.5
 endloop
endfacet
facet normal 0 0 1
 outer loop
  vertex 0.588 -7.166 3.5
  vertex 3.508 -8.288 3.5
  vertex 4.5 -7.794 3.5
 endloop
endfacet
facet normal -0 0 1
 outer loop
  vertex 0.588 -7.166 3.5
  vertex 4.5 -7.794 3.5
  vertex 5.912 -4.092 3.5
 endloop
endfacet
facet normal 0 0 1
 outer loop
  vertex 5.912 -4.092 3.5
  vertex 4.5 -7.794 3.5
  vertex 5.424 -7.182 3.5
 endloop
endfacet
facet normal 0 0 1
 outer loop
  vertex 5.912 -4.092 3.5
  vertex 5.424 -7.182 3.5
  vertex 6.265 -6.461 3.5
 endloop
endfacet
facet normal 0 -0 1
 outer loop
  vertex 6.265 -6.461 3.5
  vertex 7.012 -5.642 3.5
  vertex 5.912 -4.092 3.5
 endloop
endfacet
facet normal 0 0 1
 outer loop
  vertex 5.912 -4.092 3.5
  vertex 7.012 -5.642 3.5
  vertex 7.652 -4.738 3.5
 endloop
endfacet
facet normal -0 0 1
 outer loop
  vertex 5.912 -4.092 3.5
  vertex 7.652 -4.738 3.5
  vertex 6.5 -3.073 3.5
 endloop
endfacet
facet normal 0 0 1
 outer loop
  vertex 6.5 -3.073 3.5
  vertex 7.652 -4.738 3.5
  vertex 8.176 -3.762 3.5
 endloop
endfacet
facet normal -0 0 1
 outer loop
  vertex 6.5 -3.073 3.5
  vertex 8.176 -3.762 3.5
  vertex 8.576 -2.728 3.5
 endloop
endfacet
facet normal 0 -0 1
 outer loop
  vertex 8.576 -2.728 3.5
  vertex 8.847 -1.654 3.5
  vertex 6.5 -3.073 3.5
 endloop
endfacet
facet normal 1 0.031 -0
 outer loop
  vertex 8.983 0.554 0
  vertex 8.983 0.554 3.5
  vertex 9 0 0
 endloop
endfacet
facet normal 1 0.031 -0
 outer loop
  vertex 9 0 0
  vertex 8.983 0.554 3.5
  vertex 9 0 3.5
 endloop
endfacet
facet normal 1 -0.031 0
 outer loop
  vertex 9 0 0
  vertex 9 0 3.5
  vertex 8.983 -0.554 0
 endloop
endfacet
facet normal 1 -0.031 0
 outer loop
  vertex 8.983 -0.554 0
  vertex 9 0 3.5
  vertex 8.983 -0.554 3.5
 endloop
endfacet
facet normal 0.992 -0.123 0
 outer loop
  vertex 8.983 -0.554 0
  vertex 8.983 -0.554 3.5
  vertex 8.847 -1.654 0
 endloop
endfacet
facet normal 0.992 -0.123 0
 outer loop
  vertex 8.847 -1.654 0
  vertex 8.983 -0.554 3.5
  vertex 8.847 -1.654 3.5
 endloop
endfacet
facet normal 0.97 -0.244 0
 outer loop
  vertex 8.847 -1.654 0
  vertex 8.847 -1.654 3.5
  vertex 8.576 -2.728 0
 endloop
endfacet
facet normal 0.97 -0.244 0
 outer loop
  vertex 8.576 -2.728 0
  vertex 8.847 -1.654 3.5
  vertex 8.576 -2.728 3.5
 endloop
endfacet
facet normal 0.932 -0.361 0
 outer loop
  vertex 8.576 -2.728 0
  vertex 8.576 -2.728 3.5
  vertex 8.176 -3.762 0
 endloop
endfacet
facet normal 0.932 -0.361 0
 outer loop
  vertex 8.176 -3.762 0
  vertex 8.576 -2.728 3.5
  vertex 8.176 -3.762 3.5
 endloop
endfacet
facet normal 0.881 -0.473 0
 outer loop
  vertex 8.176 -3.762 0
  vertex 8.176 -3.762 3.5
  vertex 7.652 -4.738 0
 endloop
endfacet
facet normal 0.881 -0.473 0
 outer loop
  vertex 7.652 -4.738 0
  vertex 8.176 -3.762 3.5
  vertex 7.652 -4.738 3.5
 endloop
endfacet
facet normal 0.816 -0.578 0
 outer loop
  vertex 7.652 -4.738 0
  vertex 7.652 -4.738 3.5
  vertex 7.012 -5.642 0
 endloop
endfacet
facet normal 0.816 -0.578 0
 outer loop
  vertex 7.012 -5.642 0
  vertex 7.652 -4.738 3.5
  vertex 7.012 -5.642 3.5
 endloop
endfacet
facet normal 0.739 -0.674 0
 outer loop
  vertex 7.012 -5.642 0
  vertex 7.012 -5.642 3.5
  vertex 6.265 -6.461 0
 endloop
endfacet
facet normal 0.739 -0.674 0
 outer loop
  vertex 6.265 -6.461 0
  vertex 7.012 -5.642 3.5
  vertex 6.265 -6.461 3.5
 endloop
endfacet
facet normal 0.651 -0.759 0
 outer loop
  vertex 6.265 -6.461 0
  vertex 6.265 -6.461 3.5
  vertex 5.424 -7.182 0
 endloop
endfacet
facet normal 0.651 -0.759 0
 outer loop
  vertex 5.424 -7.182 0
  vertex 6.265 -6.461 3.5
  vertex 5.424 -7.182 3.5
 endloop
endfacet
facet normal 0.552 -0.834 0
 outer loop
  vertex 5.424 -7.182 0
  vertex 5.424 -7.182 3.5
  vertex 4.5 -7.794 0
 endloop
endfacet
facet normal 0.552 -0.834 0
 outer loop
  vertex 4.5 -7.794 0
  vertex 5.424 -7.182 3.5
  vertex 4.5 -7.794 3.5
 endloop
endfacet
facet normal 0.446 -0.895 0
 outer loop
  vertex 4.5 -7.794 0
  vertex 4.5 -7.794 3.5
  vertex 3.508 -8.288 0
 endloop
endfacet
facet normal 0.446 -0.895 0
 outer loop
  vertex 3.508 -8.288 0
  vertex 4.5 -7.794 3.5
  vertex 3.508 -8.288 3.5
 endloop
endfacet
facet normal 0.332 -0.943 0
 outer loop
  vertex 3.508 -8.288 0
  vertex 3.508 -8.288 3.5
  vertex 2.463 -8.656 0
 endloop
endfacet
facet normal 0.332 -0.943 0
 outer loop
  vertex 2.463 -8.656 0
  vertex 3.508 -8.288 3.5
  vertex 2.463 -8.656 3.5
 endloop
endfacet
facet normal 0.214 -0.977 0
 outer loop
  vertex 2.463 -8.656 0
  vertex 2.463 -8.656 3.5
  vertex 1.381 -8.893 0
 endloop
endfacet
facet normal 0.214 -0.977 0
 outer loop
  vertex 1.381 -8.893 0
  vertex 2.463 -8.656 3.5
  vertex 1.381 -8.893 3.5
 endloop
endfacet
facet normal 0.092 -0.996 0
 outer loop
  vertex 1.381 -8.893 0
  vertex 1.381 -8.893 3.5
  vertex 0.277 -8.996 0
 endloop
endfacet
facet normal 0.092 -0.996 0
 outer loop
  vertex 0.277 -8.996 0
  vertex 1.381 -8.893 3.5
  vertex 0.277 -8.996 3.5
 endloop
endfacet
facet normal -0.031 -1 0
 outer loop
  vertex 0.277 -8.996 0
  vertex 0.277 -8.996 3.5
  vertex -0.83 -8.962 0
 endloop
endfacet
facet normal -0.031 -1 0
 outer loop
  vertex -0.83 -8.962 0
  vertex 0.277 -8.996 3.5
  vertex -0.83 -8.962 3.5
 endloop
endfacet
facet normal -0.153 -0.988 0
 outer loop
  vertex -0.83 -8.962 0
  vertex -0.83 -8.962 3.5
  vertex -1.925 -8.792 0
 endloop
endfacet
facet normal -0.153 -0.988 0
 outer loop
  vertex -1.925 -8.792 0
  vertex -0.83 -8.962 3.5
  vertex -1.925 -8.792 3.5
 endloop
endfacet
facet normal -0.274 -0.962 0
 outer loop
  vertex -1.925 -8.792 0
  vertex -1.925 -8.792 3.5
  vertex -2.991 -8.488 0
 endloop
endfacet
facet normal -0.274 -0.962 0
 outer loop
  vertex -2.991 -8.488 0
  vertex -1.925 -8.792 3.5
  vertex -2.991 -8.488 3.5
 endloop
endfacet
facet normal -0.39 -0.921 0
 outer loop
  vertex -2.991 -8.488 0
  vertex -2.991 -8.488 3.5
  vertex -4.012 -8.056 0
 endloop
endfacet
facet normal -0.39 -0.921 0
 outer loop
  vertex -4.012 -8.056 0
  vertex -2.991 -8.488 3.5
  vertex -4.012 -8.056 3.5
 endloop
endfacet
facet normal -0.5 -0.866 0
 outer loop
  vertex -4.012 -8.056 0
  vertex -4.012 -8.056 3.5
  vertex -4.971 -7.502 0
 endloop
endfacet
facet normal -0.5 -0.866 0
 outer loop
  vertex -4.971 -7.502 0
  vertex -4.012 -8.056 3.5
  vertex -4.971 -7.502 3.5
 endloop
endfacet
facet normal -0.603 -0.798 0
 outer loop
  vertex -4.971 -7.502 0
  vertex -4.971 -7.502 3.5
  vertex -5.856 -6.835 0
 endloop
endfacet
facet normal -0.603 -0.798 0
 outer loop
  vertex -5.856 -6.835 0
  vertex -4.971 -7.502 3.5
  vertex -5.856 -6.835 3.5
 endloop
endfacet
facet normal -0.696 -0.718 0
 outer loop
  vertex -5.856 -6.835 0
  vertex -5.856 -6.835 3.5
  vertex -6.651 -6.063 0
 endloop
endfacet
facet normal -0.696 -0.718 0
 outer loop
  vertex -6.651 -6.063 0
  vertex -5.856 -6.835 3.5
  vertex -6.651 -6.063 3.5
 endloop
endfacet
facet normal -0.779 -0.627 0
 outer loop
  vertex -6.651 -6.063 0
  vertex -6.651 -6.063 3.5
  vertex -7.346 -5.2 0
 endloop
endfacet
facet normal -0.779 -0.627 0
 outer loop
  vertex -7.346 -5.2 0
  vertex -6.651 -6.063 3.5
  vertex -7.346 -5.2 3.5
 endloop
endfacet
facet normal -0.85 -0.526 0
 outer loop
  vertex -7.346 -5.2 0
  vertex -7.346 -5.2 3.5
  vertex -7.929 -4.258 0
 endloop
endfacet
facet normal -0.85 -0.526 0
 outer loop
  vertex -7.929 -4.258 0
  vertex -7.346 -5.2 3.5
  vertex -7.929 -4.258 3.5
 endloop
endfacet
facet normal -0.908 -0.418 0
 outer loop
  vertex -7.929 -4.258 0
  vertex -7.929 -4.258 3.5
  vertex -8.392 -3.251 0
 endloop
endfacet
facet normal -0.908 -0.418 0
 outer loop
  vertex -8.392 -3.251 0
  vertex -7.929 -4.258 3.5
  vertex -8.392 -3.251 3.5
 endloop
endfacet
facet normal -0.953 -0.303 0
 outer loop
  vertex -8.392 -3.251 0
  vertex -8.392 -3.251 3.5
  vertex -8.728 -2.195 0
 endloop
endfacet
facet normal -0.953 -0.303 0
 outer loop
  vertex -8.728 -2.195 0
  vertex -8.392 -3.251 3.5
  vertex -8.728 -2.195 3.5
 endloop
endfacet
facet normal -0.983 -0.184 0
 outer loop
  vertex -8.728 -2.195 0
  vertex -8.728 -2.195 3.5
  vertex -8.932 -1.106 0
 endloop
endfacet
facet normal -0.983 -0.184 0
 outer loop
  vertex -8.932 -1.106 0
  vertex -8.728 -2.195 3.5
  vertex -8.932 -1.106 3.5
 endloop
endfacet
facet normal -0.998 -0.062 0
 outer loop
  vertex -8.932 -1.106 0
  vertex -8.932 -1.106 3.5
  vertex -9 -0 0
 endloop
endfacet
facet normal -0.998 -0.062 0
 outer loop
  vertex -9 -0 0
  vertex -8.932 -1.106 3.5
  vertex -9 0 3.5
 endloop
endfacet
facet normal -0.998 0.062 -0
 outer loop
  vertex -9 -0 0
  vertex -9 0 3.5
  vertex -8.932 1.106 0
 endloop
endfacet
facet normal -0.998 0.062 0
 outer loop
  vertex -8.932 1.106 0
  vertex -9 0 3.5
  vertex -8.932 1.106 3.5
 endloop
endfacet
facet normal -0.983 0.184 0
 outer loop
  vertex -8.932 1.106 0
  vertex -8.932 1.106 3.5
  vertex -8.728 2.195 0
 endloop
endfacet
facet normal -0.983 0.184 0
 outer loop
  vertex -8.728 2.195 0
  vertex -8.932 1.106 3.5
  vertex -8.728 2.195 3.5
 endloop
endfacet
facet normal -0.953 0.303 0
 outer loop
  vertex -8.728 2.195 0
  vertex -8.728 2.195 3.5
  vertex -8.392 3.251 0
 endloop
endfacet
facet normal -0.953 0.303 0
 outer loop
  vertex -8.392 3.251 0
  vertex -8.728 2.195 3.5
  vertex -8.392 3.251 3.5
 endloop
endfacet
facet normal -0.908 0.418 0
 outer loop
  vertex -8.392 3.251 0
  vertex -8.392 3.251 3.5
  vertex -7.929 4.258 0
 endloop
endfacet
facet normal -0.908 0.418 0
 outer loop
  vertex -7.929 4.258 0
  vertex -8.392 3.251 3.5
  vertex -7.929 4.258 3.5
 endloop
endfacet
facet normal -0.85 0.526 0
 outer loop
  vertex -7.929 4.258 0
  vertex -7.929 4.258 3.5
  vertex -7.346 5.2 0
 endloop
endfacet
facet normal -0.85 0.526 0
 outer loop
  vertex -7.346 5.2 0
  vertex -7.929 4.258 3.5
  vertex -7.346 5.2 3.5
 endloop
endfacet
facet normal -0.779 0.627 0
 outer loop
  vertex -7.346 5.2 0
  vertex -7.346 5.2 3.5
  vertex -6.651 6.063 0
 endloop
endfacet
facet normal -0.779 0.627 0
 outer loop
  vertex -6.651 6.063 0
  vertex -7.346 5.2 3.5
  vertex -6.651 6.063 3.5
 endloop
endfacet
facet normal -0.696 0.718 0
 outer loop
  vertex -6.651 6.063 0
  vertex -6.651 6.063 3.5
  vertex -5.856 6.835 0
 endloop
endfacet
facet normal -0.696 0.718 0
 outer loop
  vertex -5.856 6.835 0
  vertex -6.651 6.063 3.5
  vertex -5.856 6.835 3.5
 endloop
endfacet
facet normal -0.603 0.798 0
 outer loop
  vertex -5.856 6.835 0
  vertex -5.856 6.835 3.5
  vertex -4.971 7.502 0
 endloop
endfacet
facet normal -0.603 0.798 0
 outer loop
  vertex -4.971 7.502 0
  vertex -5.856 6.835 3.5
  vertex -4.971 7.502 3.5
 endloop
endfacet
facet normal -0.5 0.866 0
 outer loop
  vertex -4.971 7.502 0
  vertex -4.971 7.502 3.5
  vertex -4.012 8.056 0
 endloop
endfacet
facet normal -0.5 0.866 0
 outer loop
  vertex -4.012 8.056 0
  vertex -4.971 7.502 3.5
  vertex -4.012 8.056 3.5
 endloop
endfacet
facet normal -0.39 0.921 0
 outer loop
  vertex -4.012 8.056 0
  vertex -4.012 8.056 3.5
  vertex -2.991 8.488 0
 endloop
endfacet
facet normal -0.39 0.921 0
 outer loop
  vertex -2.991 8.488 0
  vertex -4.012 8.056 3.5
  vertex -2.991 8.488 3.5
 endloop
endfacet
facet normal -0.274 0.962 0
 outer loop
  vertex -2.991 8.488 0
  vertex -2.991 8.488 3.5
  vertex -1.925 8.792 0
 endloop
endfacet
facet normal -0.274 0.962 0
 outer loop
  vertex -1.925 8.792 0
  vertex -2.991 8.488 3.5
  vertex -1.925 8.792 3.5
 endloop
endfacet
facet normal -0.153 0.988 0
 outer loop
  vertex -1.925 8.792 0
  vertex -1.925 8.792 3.5
  vertex -0.83 8.962 0
 endloop
endfacet
facet normal -0.153 0.988 0
 outer loop
  vertex -0.83 8.962 0
  vertex -1.925 8.792 3.5
  vertex -0.83 8.962 3.5
 endloop
endfacet
facet normal -0.031 1 0
 outer loop
  vertex -0.83 8.962 0
  vertex -0.83 8.962 3.5
  vertex 0.277 8.996 0
 endloop
endfacet
facet normal -0.031 1 0
 outer loop
  vertex 0.277 8.996 0
  vertex -0.83 8.962 3.5
  vertex 0.277 8.996 3.5
 endloop
endfacet
facet normal 0.092 0.996 -0
 outer loop
  vertex 0.277 8.996 0
  vertex 0.277 8.996 3.5
  vertex 1.381 8.893 0
 endloop
endfacet
facet normal 0.092 0.996 -0
 outer loop
  vertex 1.381 8.893 0
  vertex 0.277 8.996 3.5
  vertex 1.381 8.893 3.5
 endloop
endfacet
facet normal 0.214 0.977 -0
 outer loop
  vertex 1.381 8.893 0
  vertex 1.381 8.893 3.5
  vertex 2.463 8.656 0
 endloop
endfacet
facet normal 0.214 0.977 -0
 outer loop
  vertex 2.463 8.656 0
  vertex 1.381 8.893 3.5
  vertex 2.463 8.656 3.5
 endloop
endfacet
facet normal 0.332 0.943 -0
 outer loop
  vertex 2.463 8.656 0
  vertex 2.463 8.656 3.5
  vertex 3.508 8.288 0
 endloop
endfacet
facet normal 0.332 0.943 -0
 outer loop
  vertex 3.508 8.288 0
  vertex 2.463 8.656 3.5
  vertex 3.508 8.288 3.5
 endloop
endfacet
facet normal 0.446 0.895 -0
 outer loop
  vertex 3.508 8.288 0
  vertex 3.508 8.288 3.5
  vertex 4.5 7.794 0
 endloop
endfacet
facet normal 0.446 0.895 -0
 outer loop
  vertex 4.5 7.794 0
  vertex 3.508 8.288 3.5
  vertex 4.5 7.794 3.5
 endloop
endfacet
facet normal 0.552 0.834 -0
 outer loop
  vertex 4.5 7.794 0
  vertex 4.5 7.794 3.5
  vertex 5.424 7.182 0
 endloop
endfacet
facet normal 0.552 0.834 -0
 outer loop
  vertex 5.424 7.182 0
  vertex 4.5 7.794 3.5
  vertex 5.424 7.182 3.5
 endloop
endfacet
facet normal 0.651 0.759 -0
 outer loop
  vertex 5.424 7.182 0
  vertex 5.424 7.182 3.5
  vertex 6.265 6.461 0
 endloop
endfacet
facet normal 0.651 0.759 -0
 outer loop
  vertex 6.265 6.461 0
  vertex 5.424 7.182 3.5
  vertex 6.265 6.461 3.5
 endloop
endfacet
facet normal 0.739 0.674 -0
 outer loop
  vertex 6.265 6.461 0
  vertex 6.265 6.461 3.5
  vertex 7.012 5.642 0
 endloop
endfacet
facet normal 0.739 0.674 -0
 outer loop
  vertex 7.012 5.642 0
  vertex 6.265 6.461 3.5
  vertex 7.012 5.642 3.5
 endloop
endfacet
facet normal 0.816 0.578 -0
 outer loop
  vertex 7.012 5.642 0
  vertex 7.012 5.642 3.5
  vertex 7.652 4.738 0
 endloop
endfacet
facet normal 0.816 0.578 -0
 outer loop
  vertex 7.652 4.738 0
  vertex 7.012 5.642 3.5
  vertex 7.652 4.738 3.5
 endloop
endfacet
facet normal 0.881 0.473 -0
 outer loop
  vertex 7.652 4.738 0
  vertex 7.652 4.738 3.5
  vertex 8.176 3.762 0
 endloop
endfacet
facet normal 0.881 0.473 -0
 outer loop
  vertex 8.176 3.762 0
  vertex 7.652 4.738 3.5
  vertex 8.176 3.762 3.5
 endloop
endfacet
facet normal 0.932 0.361 -0
 outer loop
  vertex 8.176 3.762 0
  vertex 8.176 3.762 3.5
  vertex 8.576 2.728 0
 endloop
endfacet
facet normal 0.932 0.361 -0
 outer loop
  vertex 8.576 2.728 0
  vertex 8.176 3.762 3.5
  vertex 8.576 2.728 3.5
 endloop
endfacet
facet normal 0.97 0.244 -0
 outer loop
  vertex 8.576 2.728 0
  vertex 8.576 2.728 3.5
  vertex 8.847 1.654 0
 endloop
endfacet
facet normal 0.97 0.244 -0
 outer loop
  vertex 8.847 1.654 0
  vertex 8.576 2.728 3.5
  vertex 8.847 1.654 3.5
 endloop
endfacet
facet normal 0.992 0.123 -0
 outer loop
  vertex 8.847 1.654 0
  vertex 8.847 1.654 3.5
  vertex 8.983 0.554 0
 endloop
endfacet
facet normal 0.992 0.123 -0
 outer loop
  vertex 8.983 0.554 0
  vertex 8.847 1.654 3.5
  vertex 8.983 0.554 3.5
 endloop
endfacet
facet normal -0.5 0.866 -0
 outer loop
  vertex -4.584 4.859 11.896
  vertex -3.908 5.249 11.975
  vertex -5.912 4.092 3.5
 endloop
endfacet
facet normal -0.5 0.866 0
 outer loop
  vertex -5.912 4.092 3.5
  vertex -3.908 5.249 11.975
  vertex -3.25 5.629 12
 endloop
endfacet
facet normal -0.5 0.866 -0
 outer loop
  vertex -5.912 4.092 3.5
  vertex -3.25 5.629 12
  vertex -0.588 7.166 3.5
 endloop
endfacet
facet normal -0.5 0.866 0
 outer loop
  vertex -0.588 7.166 3.5
  vertex -3.25 5.629 12
  vertex -2.598 6.006 11.975
 endloop
endfacet
facet normal -0.5 0.866 -0
 outer loop
  vertex -0.588 7.166 3.5
  vertex -2.598 6.006 11.975
  vertex -2.592 6.009 11.975
 endloop
endfacet
facet normal -0.5 0.866 0
 outer loop
  vertex -5.912 4.092 11.602
  vertex -5.299 4.446 11.759
  vertex -5.912 4.092 3.5
 endloop
endfacet
facet normal -0.5 0.866 0
 outer loop
  vertex -5.912 4.092 3.5
  vertex -5.299 4.446 11.759
  vertex -4.584 4.859 11.896
 endloop
endfacet
facet normal -0.5 0.866 0
 outer loop
  vertex -2.592 6.009 11.975
  vertex -1.916 6.399 11.896
  vertex -0.588 7.166 3.5
 endloop
endfacet
facet normal -0.5 0.866 -0
 outer loop
  vertex -0.588 7.166 3.5
  vertex -1.916 6.399 11.896
  vertex -1.201 6.812 11.759
 endloop
endfacet
facet normal -0.5 0.866 0
 outer loop
  vertex -0.588 7.166 3.5
  vertex -1.201 6.812 11.759
  vertex -0.588 7.166 11.602
 endloop
endfacet
facet normal -0.829 0.559 0
 outer loop
  vertex -5.912 4.092 11.602
  vertex -5.912 4.092 3.5
  vertex -6.007 3.951 11.602
 endloop
endfacet
facet normal -0.866 0.5 -0.001
 outer loop
  vertex -6.007 3.951 11.602
  vertex -5.912 4.092 3.5
  vertex -6.5 3.073 3.5
 endloop
endfacet
facet normal -0.866 0.5 -0.001
 outer loop
  vertex -6.007 3.951 11.602
  vertex -6.5 3.073 3.5
  vertex -6.425 3.227 11.602
 endloop
endfacet
facet normal -0.899 0.438 0
 outer loop
  vertex -6.425 3.227 11.602
  vertex -6.5 3.073 3.5
  vertex -6.5 3.073 11.602
 endloop
endfacet
facet normal -1 0 -0
 outer loop
  vertex -6.5 -1.541 11.896
  vertex -6.5 -0.76 11.975
  vertex -6.5 -3.073 3.5
 endloop
endfacet
facet normal -1 0 0
 outer loop
  vertex -6.5 -3.073 3.5
  vertex -6.5 -0.76 11.975
  vertex -6.5 0 12
 endloop
endfacet
facet normal -1 0 0
 outer loop
  vertex -6.5 -3.073 3.5
  vertex -6.5 0 12
  vertex -6.5 3.073 3.5
 endloop
endfacet
facet normal -1 0 0
 outer loop
  vertex -6.5 3.073 3.5
  vertex -6.5 0 12
  vertex -6.5 0.753 11.975
 endloop
endfacet
facet normal -1 0 0
 outer loop
  vertex -6.5 3.073 3.5
  vertex -6.5 0.753 11.975
  vertex -6.5 0.76 11.975
 endloop
endfacet
facet normal -1 0 0
 outer loop
  vertex -6.5 -3.073 11.602
  vertex -6.5 -2.366 11.759
  vertex -6.5 -3.073 3.5
 endloop
endfacet
facet normal -1 0 0
 outer loop
  vertex -6.5 -3.073 3.5
  vertex -6.5 -2.366 11.759
  vertex -6.5 -1.541 11.896
 endloop
endfacet
facet normal -1 0 0
 outer loop
  vertex -6.5 0.76 11.975
  vertex -6.5 1.541 11.896
  vertex -6.5 3.073 3.5
 endloop
endfacet
facet normal -1 0 0
 outer loop
  vertex -6.5 3.073 3.5
  vertex -6.5 1.541 11.896
  vertex -6.5 2.366 11.759
 endloop
endfacet
facet normal -1 0 0
 outer loop
  vertex -6.5 3.073 3.5
  vertex -6.5 2.366 11.759
  vertex -6.5 3.073 11.602
 endloop
endfacet
facet normal -0.899 -0.438 -0
 outer loop
  vertex -6.5 -3.073 11.602
  vertex -6.5 -3.073 3.5
  vertex -6.425 -3.227 11.602
 endloop
endfacet
facet normal -0.866 -0.5 -0.001
 outer loop
  vertex -6.425 -3.227 11.602
  vertex -6.5 -3.073 3.5
  vertex -5.912 -4.092 3.5
 endloop
endfacet
facet normal -0.866 -0.5 -0.001
 outer loop
  vertex -6.425 -3.227 11.602
  vertex -5.912 -4.092 3.5
  vertex -6.007 -3.951 11.602
 endloop
endfacet
facet normal -0.829 -0.559 0
 outer loop
  vertex -6.007 -3.951 11.602
  vertex -5.912 -4.092 3.5
  vertex -5.912 -4.092 11.602
 endloop
endfacet
facet normal -0.5 -0.866 0
 outer loop
  vertex -1.916 -6.399 11.896
  vertex -2.592 -6.009 11.975
  vertex -0.588 -7.166 3.5
 endloop
endfacet
facet normal -0.5 -0.866 0
 outer loop
  vertex -0.588 -7.166 3.5
  vertex -2.592 -6.009 11.975
  vertex -3.25 -5.629 12
 endloop
endfacet
facet normal -0.5 -0.866 -0
 outer loop
  vertex -0.588 -7.166 3.5
  vertex -3.25 -5.629 12
  vertex -5.912 -4.092 3.5
 endloop
endfacet
facet normal -0.5 -0.866 0
 outer loop
  vertex -5.912 -4.092 3.5
  vertex -3.25 -5.629 12
  vertex -3.902 -5.253 11.975
 endloop
endfacet
facet normal -0.5 -0.866 0
 outer loop
  vertex -5.912 -4.092 3.5
  vertex -3.902 -5.253 11.975
  vertex -3.908 -5.249 11.975
 endloop
endfacet
facet normal -0.5 -0.866 -0
 outer loop
  vertex -0.588 -7.166 11.602
  vertex -1.201 -6.812 11.759
  vertex -0.588 -7.166 3.5
 endloop
endfacet
facet normal -0.5 -0.866 -0
 outer loop
  vertex -0.588 -7.166 3.5
  vertex -1.201 -6.812 11.759
  vertex -1.916 -6.399 11.896
 endloop
endfacet
facet normal -0.5 -0.866 -0
 outer loop
  vertex -3.908 -5.249 11.975
  vertex -4.584 -4.859 11.896
  vertex -5.912 -4.092 3.5
 endloop
endfacet
facet normal -0.5 -0.866 0
 outer loop
  vertex -5.912 -4.092 3.5
  vertex -4.584 -4.859 11.896
  vertex -5.299 -4.446 11.759
 endloop
endfacet
facet normal -0.5 -0.866 0
 outer loop
  vertex -5.912 -4.092 3.5
  vertex -5.299 -4.446 11.759
  vertex -5.912 -4.092 11.602
 endloop
endfacet
facet normal -0.07 -0.998 -0
 outer loop
  vertex -0.588 -7.166 11.602
  vertex -0.588 -7.166 3.5
  vertex -0.418 -7.178 11.602
 endloop
endfacet
facet normal 0 -1 -0.001
 outer loop
  vertex -0.418 -7.178 11.602
  vertex -0.588 -7.166 3.5
  vertex 0.588 -7.166 3.5
 endloop
endfacet
facet normal 0 -1 -0.001
 outer loop
  vertex -0.418 -7.178 11.602
  vertex 0.588 -7.166 3.5
  vertex 0.418 -7.178 11.602
 endloop
endfacet
facet normal 0.07 -0.998 0
 outer loop
  vertex 0.418 -7.178 11.602
  vertex 0.588 -7.166 3.5
  vertex 0.588 -7.166 11.602
 endloop
endfacet
facet normal 0.5 -0.866 -0
 outer loop
  vertex 4.584 -4.859 11.896
  vertex 3.908 -5.249 11.975
  vertex 5.912 -4.092 3.5
 endloop
endfacet
facet normal 0.5 -0.866 0
 outer loop
  vertex 5.912 -4.092 3.5
  vertex 3.908 -5.249 11.975
  vertex 3.25 -5.629 12
 endloop
endfacet
facet normal 0.5 -0.866 -0
 outer loop
  vertex 5.912 -4.092 3.5
  vertex 3.25 -5.629 12
  vertex 0.588 -7.166 3.5
 endloop
endfacet
facet normal 0.5 -0.866 0
 outer loop
  vertex 0.588 -7.166 3.5
  vertex 3.25 -5.629 12
  vertex 2.598 -6.006 11.975
 endloop
endfacet
facet normal 0.5 -0.866 -0
 outer loop
  vertex 0.588 -7.166 3.5
  vertex 2.598 -6.006 11.975
  vertex 2.592 -6.009 11.975
 endloop
endfacet
facet normal 0.5 -0.866 0
 outer loop
  vertex 5.912 -4.092 11.602
  vertex 5.299 -4.446 11.759
  vertex 5.912 -4.092 3.5
 endloop
endfacet
facet normal 0.5 -0.866 0
 outer loop
  vertex 5.912 -4.092 3.5
  vertex 5.299 -4.446 11.759
  vertex 4.584 -4.859 11.896
 endloop
endfacet
facet normal 0.5 -0.866 0
 outer loop
  vertex 2.592 -6.009 11.975
  vertex 1.916 -6.399 11.896
  vertex 0.588 -7.166 3.5
 endloop
endfacet
facet normal 0.5 -0.866 -0
 outer loop
  vertex 0.588 -7.166 3.5
  vertex 1.916 -6.399 11.896
  vertex 1.201 -6.812 11.759
 endloop
endfacet
facet normal 0.5 -0.866 0
 outer loop
  vertex 0.588 -7.166 3.5
  vertex 1.201 -6.812 11.759
  vertex 0.588 -7.166 11.602
 endloop
endfacet
facet normal 0 0 -1
 outer loop
  vertex 4.392 -0.271 0
  vertex 4.4 0 0
  vertex 9 0 0
 endloop
endfacet
facet normal 0 0 -1
 outer loop
  vertex 9 0 0
  vertex 4.4 0 0
  vertex 4.392 0.271 0
 endloop
endfacet
facet normal 0 0 -1
 outer loop
  vertex 9 0 0
  vertex 4.392 0.271 0
  vertex 8.983 0.554 0
 endloop
endfacet
facet normal -0 0 -1
 outer loop
  vertex 8.983 0.554 0
  vertex 4.392 0.271 0
  vertex 4.325 0.808 0
 endloop
endfacet
facet normal 0 0 -1
 outer loop
  vertex 8.983 0.554 0
  vertex 4.325 0.808 0
  vertex 8.847 1.654 0
 endloop
endfacet
facet normal 0 0 -1
 outer loop
  vertex 8.847 1.654 0
  vertex 4.325 0.808 0
  vertex 4.193 1.334 0
 endloop
endfacet
facet normal -0 0 -1
 outer loop
  vertex 8.847 1.654 0
  vertex 4.193 1.334 0
  vertex 8.576 2.728 0
 endloop
endfacet
facet normal 0 0 -1
 outer loop
  vertex 8.576 2.728 0
  vertex 4.193 1.334 0
  vertex 3.997 1.839 0
 endloop
endfacet
facet normal -0 0 -1
 outer loop
  vertex 8.576 2.728 0
  vertex 3.997 1.839 0
  vertex 8.176 3.762 0
 endloop
endfacet
facet normal 0 0 -1
 outer loop
  vertex 8.176 3.762 0
  vertex 3.997 1.839 0
  vertex 3.741 2.316 0
 endloop
endfacet
facet normal -0 0 -1
 outer loop
  vertex 8.176 3.762 0
  vertex 3.741 2.316 0
  vertex 7.652 4.738 0
 endloop
endfacet
facet normal 0 0 -1
 outer loop
  vertex 7.652 4.738 0
  vertex 3.741 2.316 0
  vertex 3.428 2.758 0
 endloop
endfacet
facet normal -0 0 -1
 outer loop
  vertex 7.652 4.738 0
  vertex 3.428 2.758 0
  vertex 7.012 5.642 0
 endloop
endfacet
facet normal 0 0 -1
 outer loop
  vertex 7.012 5.642 0
  vertex 3.428 2.758 0
  vertex 3.063 3.159 0
 endloop
endfacet
facet normal -0 0 -1
 outer loop
  vertex 7.012 5.642 0
  vertex 3.063 3.159 0
  vertex 6.265 6.461 0
 endloop
endfacet
facet normal 0 0 -1
 outer loop
  vertex 6.265 6.461 0
  vertex 3.063 3.159 0
  vertex 2.652 3.511 0
 endloop
endfacet
facet normal -0 0 -1
 outer loop
  vertex 6.265 6.461 0
  vertex 2.652 3.511 0
  vertex 5.424 7.182 0
 endloop
endfacet
facet normal 0 0 -1
 outer loop
  vertex 5.424 7.182 0
  vertex 2.652 3.511 0
  vertex 2.2 3.811 0
 endloop
endfacet
facet normal -0 0 -1
 outer loop
  vertex 5.424 7.182 0
  vertex 2.2 3.811 0
  vertex 4.5 7.794 0
 endloop
endfacet
facet normal 0 0 -1
 outer loop
  vertex 4.5 7.794 0
  vertex 2.2 3.811 0
  vertex 1.715 4.052 0
 endloop
endfacet
facet normal -0 0 -1
 outer loop
  vertex 4.5 7.794 0
  vertex 1.715 4.052 0
  vertex 3.508 8.288 0
 endloop
endfacet
facet normal 0 0 -1
 outer loop
  vertex 3.508 8.288 0
  vertex 1.715 4.052 0
  vertex 1.204 4.232 0
 endloop
endfacet
facet normal -0 0 -1
 outer loop
  vertex 3.508 8.288 0
  vertex 1.204 4.232 0
  vertex 2.463 8.656 0
 endloop
endfacet
facet normal 0 0 -1
 outer loop
  vertex 2.463 8.656 0
  vertex 1.204 4.232 0
  vertex 0.675 4.348 0
 endloop
endfacet
facet normal -0 0 -1
 outer loop
  vertex 2.463 8.656 0
  vertex 0.675 4.348 0
  vertex 1.381 8.893 0
 endloop
endfacet
facet normal 0 0 -1
 outer loop
  vertex 1.381 8.893 0
  vertex 0.675 4.348 0
  vertex 0.135 4.398 0
 endloop
endfacet
facet normal -0 0 -1
 outer loop
  vertex 1.381 8.893 0
  vertex 0.135 4.398 0
  vertex 0.277 8.996 0
 endloop
endfacet
facet normal 0 0 -1
 outer loop
  vertex 0.277 8.996 0
  vertex 0.135 4.398 0
  vertex -0.83 8.962 0
 endloop
endfacet
facet normal -0 0 -1
 outer loop
  vertex 0.135 4.398 0
  vertex -0.406 4.381 0
  vertex -0.83 8.962 0
 endloop
endfacet
facet normal 0 -0 -1
 outer loop
  vertex -0.83 8.962 0
  vertex -0.406 4.381 0
  vertex -1.925 8.792 0
 endloop
endfacet
facet normal -0 0 -1
 outer loop
  vertex -0.406 4.381 0
  vertex -0.941 4.298 0
  vertex -1.925 8.792 0
 endloop
endfacet
facet normal 0 -0 -1
 outer loop
  vertex -1.925 8.792 0
  vertex -0.941 4.298 0
  vertex -2.991 8.488 0
 endloop
endfacet
facet normal -0 0 -1
 outer loop
  vertex -0.941 4.298 0
  vertex -1.462 4.15 0
  vertex -2.991 8.488 0
 endloop
endfacet
facet normal 0 -0 -1
 outer loop
  vertex -2.991 8.488 0
  vertex -1.462 4.15 0
  vertex -4.012 8.056 0
 endloop
endfacet
facet normal -0 0 -1
 outer loop
  vertex -1.462 4.15 0
  vertex -1.961 3.939 0
  vertex -4.012 8.056 0
 endloop
endfacet
facet normal 0 -0 -1
 outer loop
  vertex -4.012 8.056 0
  vertex -1.961 3.939 0
  vertex -4.971 7.502 0
 endloop
endfacet
facet normal -0 0 -1
 outer loop
  vertex -1.961 3.939 0
  vertex -2.43 3.668 0
  vertex -4.971 7.502 0
 endloop
endfacet
facet normal 0 -0 -1
 outer loop
  vertex -4.971 7.502 0
  vertex -2.43 3.668 0
  vertex -5.856 6.835 0
 endloop
endfacet
facet normal -0 0 -1
 outer loop
  vertex -2.43 3.668 0
  vertex -2.863 3.341 0
  vertex -5.856 6.835 0
 endloop
endfacet
facet normal 0 -0 -1
 outer loop
  vertex -5.856 6.835 0
  vertex -2.863 3.341 0
  vertex -6.651 6.063 0
 endloop
endfacet
facet normal -0 0 -1
 outer loop
  vertex -2.863 3.341 0
  vertex -3.252 2.964 0
  vertex -6.651 6.063 0
 endloop
endfacet
facet normal 0 -0 -1
 outer loop
  vertex -6.651 6.063 0
  vertex -3.252 2.964 0
  vertex -7.346 5.2 0
 endloop
endfacet
facet normal -0 0 -1
 outer loop
  vertex -3.252 2.964 0
  vertex -3.591 2.542 0
  vertex -7.346 5.2 0
 endloop
endfacet
facet normal 0 -0 -1
 outer loop
  vertex -7.346 5.2 0
  vertex -3.591 2.542 0
  vertex -7.929 4.258 0
 endloop
endfacet
facet normal -0 0 -1
 outer loop
  vertex -3.591 2.542 0
  vertex -3.876 2.082 0
  vertex -7.929 4.258 0
 endloop
endfacet
facet normal 0 -0 -1
 outer loop
  vertex -7.929 4.258 0
  vertex -3.876 2.082 0
  vertex -8.392 3.251 0
 endloop
endfacet
facet normal -0 0 -1
 outer loop
  vertex -3.876 2.082 0
  vertex -4.103 1.589 0
  vertex -8.392 3.251 0
 endloop
endfacet
facet normal 0 -0 -1
 outer loop
  vertex -8.392 3.251 0
  vertex -4.103 1.589 0
  vertex -8.728 2.195 0
 endloop
endfacet
facet normal -0 0 -1
 outer loop
  vertex -4.103 1.589 0
  vertex -4.267 1.073 0
  vertex -8.728 2.195 0
 endloop
endfacet
facet normal 0 -0 -1
 outer loop
  vertex -8.728 2.195 0
  vertex -4.267 1.073 0
  vertex -8.932 1.106 0
 endloop
endfacet
facet normal -0 0 -1
 outer loop
  vertex -4.267 1.073 0
  vertex -4.367 0.541 0
  vertex -8.932 1.106 0
 endloop
endfacet
facet normal 0 -0 -1
 outer loop
  vertex -8.932 1.106 0
  vertex -4.367 0.541 0
  vertex -9 -0 0
 endloop
endfacet
facet normal 0 0 -1
 outer loop
  vertex -4.367 0.541 0
  vertex -4.4 0 0
  vertex -9 -0 0
 endloop
endfacet
facet normal 0 0 -1
 outer loop
  vertex -9 -0 0
  vertex -4.4 0 0
  vertex -8.932 -1.106 0
 endloop
endfacet
facet normal 0 -0 -1
 outer loop
  vertex -4.4 0 0
  vertex -4.367 -0.541 0
  vertex -8.932 -1.106 0
 endloop
endfacet
facet normal 0 0 -1
 outer loop
  vertex -8.932 -1.106 0
  vertex -4.367 -0.541 0
  vertex -4.267 -1.073 0
 endloop
endfacet
facet normal 0 0 -1
 outer loop
  vertex -8.932 -1.106 0
  vertex -4.267 -1.073 0
  vertex -8.728 -2.195 0
 endloop
endfacet
facet normal 0 0 -1
 outer loop
  vertex -8.728 -2.195 0
  vertex -4.267 -1.073 0
  vertex -4.103 -1.589 0
 endloop
endfacet
facet normal 0 0 -1
 outer loop
  vertex -8.728 -2.195 0
  vertex -4.103 -1.589 0
  vertex -8.392 -3.251 0
 endloop
endfacet
facet normal 0 0 -1
 outer loop
  vertex -8.392 -3.251 0
  vertex -4.103 -1.589 0
  vertex -3.876 -2.082 0
 endloop
endfacet
facet normal 0 0 -1
 outer loop
  vertex -8.392 -3.251 0
  vertex -3.876 -2.082 0
  vertex -7.929 -4.258 0
 endloop
endfacet
facet normal 0 0 -1
 outer loop
  vertex -7.929 -4.258 0
  vertex -3.876 -2.082 0
  vertex -3.591 -2.542 0
 endloop
endfacet
facet normal 0 0 -1
 outer loop
  vertex -7.929 -4.258 0
  vertex -3.591 -2.542 0
  vertex -7.346 -5.2 0
 endloop
endfacet
facet normal 0 0 -1
 outer loop
  vertex -7.346 -5.2 0
  vertex -3.591 -2.542 0
  vertex -3.252 -2.964 0
 endloop
endfacet
facet normal 0 0 -1
 outer loop
  vertex -7.346 -5.2 0
  vertex -3.252 -2.964 0
  vertex -6.651 -6.063 0
 endloop
endfacet
facet normal 0 0 -1
 outer loop
  vertex -6.651 -6.063 0
  vertex -3.252 -2.964 0
  vertex -2.863 -3.341 0
 endloop
endfacet
facet normal 0 0 -1
 outer loop
  vertex -6.651 -6.063 0
  vertex -2.863 -3.341 0
  vertex -5.856 -6.835 0
 endloop
endfacet
facet normal 0 0 -1
 outer loop
  vertex -5.856 -6.835 0
  vertex -2.863 -3.341 0
  vertex -2.43 -3.668 0
 endloop
endfacet
facet normal 0 0 -1
 outer loop
  vertex -5.856 -6.835 0
  vertex -2.43 -3.668 0
  vertex -4.971 -7.502 0
 endloop
endfacet
facet normal 0 0 -1
 outer loop
  vertex -4.971 -7.502 0
  vertex -2.43 -3.668 0
  vertex -1.961 -3.939 0
 endloop
endfacet
facet normal 0 0 -1
 outer loop
  vertex -4.971 -7.502 0
  vertex -1.961 -3.939 0
  vertex -4.012 -8.056 0
 endloop
endfacet
facet normal 0 0 -1
 outer loop
  vertex -4.012 -8.056 0
  vertex -1.961 -3.939 0
  vertex -1.462 -4.15 0
 endloop
endfacet
facet normal 0 0 -1
 outer loop
  vertex -4.012 -8.056 0
  vertex -1.462 -4.15 0
  vertex -2.991 -8.488 0
 endloop
endfacet
facet normal 0 0 -1
 outer loop
  vertex -2.991 -8.488 0
  vertex -1.462 -4.15 0
  vertex -0.941 -4.298 0
 endloop
endfacet
facet normal 0 0 -1
 outer loop
  vertex -2.991 -8.488 0
  vertex -0.941 -4.298 0
  vertex -1.925 -8.792 0
 endloop
endfacet
facet normal 0 0 -1
 outer loop
  vertex -1.925 -8.792 0
  vertex -0.941 -4.298 0
  vertex -0.406 -4.381 0
 endloop
endfacet
facet normal 0 0 -1
 outer loop
  vertex -1.925 -8.792 0
  vertex -0.406 -4.381 0
  vertex -0.83 -8.962 0
 endloop
endfacet
facet normal 0 0 -1
 outer loop
  vertex -0.83 -8.962 0
  vertex -0.406 -4.381 0
  vertex 0.135 -4.398 0
 endloop
endfacet
facet normal 0 0 -1
 outer loop
  vertex -0.83 -8.962 0
  vertex 0.135 -4.398 0
  vertex 0.277 -8.996 0
 endloop
endfacet
facet normal 0 0 -1
 outer loop
  vertex 0.277 -8.996 0
  vertex 0.135 -4.398 0
  vertex 1.381 -8.893 0
 endloop
endfacet
facet normal 0 0 -1
 outer loop
  vertex 0.135 -4.398 0
  vertex 0.675 -4.348 0
  vertex 1.381 -8.893 0
 endloop
endfacet
facet normal 0 0 -1
 outer loop
  vertex 1.381 -8.893 0
  vertex 0.675 -4.348 0
  vertex 2.463 -8.656 0
 endloop
endfacet
facet normal 0 0 -1
 outer loop
  vertex 0.675 -4.348 0
  vertex 1.204 -4.232 0
  vertex 2.463 -8.656 0
 endloop
endfacet
facet normal 0 0 -1
 outer loop
  vertex 2.463 -8.656 0
  vertex 1.204 -4.232 0
  vertex 3.508 -8.288 0
 endloop
endfacet
facet normal 0 0 -1
 outer loop
  vertex 1.204 -4.232 0
  vertex 1.715 -4.052 0
  vertex 3.508 -8.288 0
 endloop
endfacet
facet normal 0 0 -1
 outer loop
  vertex 3.508 -8.288 0
  vertex 1.715 -4.052 0
  vertex 4.5 -7.794 0
 endloop
endfacet
facet normal 0 0 -1
 outer loop
  vertex 1.715 -4.052 0
  vertex 2.2 -3.811 0
  vertex 4.5 -7.794 0
 endloop
endfacet
facet normal 0 0 -1
 outer loop
  vertex 4.5 -7.794 0
  vertex 2.2 -3.811 0
  vertex 5.424 -7.182 0
 endloop
endfacet
facet normal 0 0 -1
 outer loop
  vertex 2.2 -3.811 0
  vertex 2.652 -3.511 0
  vertex 5.424 -7.182 0
 endloop
endfacet
facet normal 0 0 -1
 outer loop
  vertex 5.424 -7.182 0
  vertex 2.652 -3.511 0
  vertex 6.265 -6.461 0
 endloop
endfacet
facet normal 0 0 -1
 outer loop
  vertex 2.652 -3.511 0
  vertex 3.063 -3.159 0
  vertex 6.265 -6.461 0
 endloop
endfacet
facet normal 0 0 -1
 outer loop
  vertex 6.265 -6.461 0
  vertex 3.063 -3.159 0
  vertex 7.012 -5.642 0
 endloop
endfacet
facet normal 0 0 -1
 outer loop
  vertex 3.063 -3.159 0
  vertex 3.428 -2.758 0
  vertex 7.012 -5.642 0
 endloop
endfacet
facet normal 0 0 -1
 outer loop
  vertex 7.012 -5.642 0
  vertex 3.428 -2.758 0
  vertex 7.652 -4.738 0
 endloop
endfacet
facet normal 0 0 -1
 outer loop
  vertex 3.428 -2.758 0
  vertex 3.741 -2.316 0
  vertex 7.652 -4.738 0
 endloop
endfacet
facet normal 0 0 -1
 outer loop
  vertex 7.652 -4.738 0
  vertex 3.741 -2.316 0
  vertex 8.176 -3.762 0
 endloop
endfacet
facet normal 0 0 -1
 outer loop
  vertex 3.741 -2.316 0
  vertex 3.997 -1.839 0
  vertex 8.176 -3.762 0
 endloop
endfacet
facet normal 0 0 -1
 outer loop
  vertex 8.176 -3.762 0
  vertex 3.997 -1.839 0
  vertex 8.576 -2.728 0
 endloop
endfacet
facet normal 0 0 -1
 outer loop
  vertex 3.997 -1.839 0
  vertex 4.193 -1.334 0
  vertex 8.576 -2.728 0
 endloop
endfacet
facet normal 0 0 -1
 outer loop
  vertex 8.576 -2.728 0
  vertex 4.193 -1.334 0
  vertex 8.847 -1.654 0
 endloop
endfacet
facet normal 0 0 -1
 outer loop
  vertex 4.193 -1.334 0
  vertex 4.325 -0.808 0
  vertex 8.847 -1.654 0
 endloop
endfacet
facet normal 0 0 -1
 outer loop
  vertex 8.847 -1.654 0
  vertex 4.325 -0.808 0
  vertex 8.983 -0.554 0
 endloop
endfacet
facet normal 0 0 -1
 outer loop
  vertex 4.325 -0.808 0
  vertex 4.392 -0.271 0
  vertex 8.983 -0.554 0
 endloop
endfacet
facet normal 0 0 -1
 outer loop
  vertex 8.983 -0.554 0
  vertex 4.392 -0.271 0
  vertex 9 0 0
 endloop
endfacet
facet normal 0.171 -0.47 0.866
 outer loop
  vertex 2.592 -6.009 11.975
  vertex 2.575 -5.968 12
  vertex 1.916 -6.399 11.896
 endloop
endfacet
facet normal 0.171 -0.471 0.866
 outer loop
  vertex 1.916 -6.399 11.896
  vertex 2.575 -5.968 12
  vertex 1.864 -6.227 12
 endloop
endfacet
facet normal 0.116 -0.487 0.866
 outer loop
  vertex 1.916 -6.399 11.896
  vertex 1.864 -6.227 12
  vertex 1.201 -6.812 11.759
 endloop
endfacet
facet normal 0.115 -0.487 0.866
 outer loop
  vertex 1.201 -6.812 11.759
  vertex 1.864 -6.227 12
  vertex 1.129 -6.401 12
 endloop
endfacet
facet normal 0.064 -0.496 0.866
 outer loop
  vertex 1.201 -6.812 11.759
  vertex 1.129 -6.401 12
  vertex 0.588 -7.166 11.602
 endloop
endfacet
facet normal 0.058 -0.493 0.868
 outer loop
  vertex 0.588 -7.166 11.602
  vertex 1.129 -6.401 12
  vertex 0.378 -6.489 12
 endloop
endfacet
facet normal 0.035 -0.499 0.866
 outer loop
  vertex 0.588 -7.166 11.602
  vertex 0.378 -6.489 12
  vertex 0.418 -7.178 11.602
 endloop
endfacet
facet normal 0 -0.501 0.866
 outer loop
  vertex 0.418 -7.178 11.602
  vertex 0.378 -6.489 12
  vertex -0.418 -7.178 11.602
 endloop
endfacet
facet normal 0.205 -0.455 0.866
 outer loop
  vertex 2.592 -6.009 11.975
  vertex 2.598 -6.006 11.975
  vertex 2.575 -5.968 12
 endloop
endfacet
facet normal 0.223 -0.444 0.868
 outer loop
  vertex 2.575 -5.968 12
  vertex 2.598 -6.006 11.975
  vertex 3.25 -5.629 12
 endloop
endfacet
facet normal 0 -0.501 0.866
 outer loop
  vertex 0.378 -6.489 12
  vertex -0.378 -6.489 12
  vertex -0.418 -7.178 11.602
 endloop
endfacet
facet normal -0.035 -0.499 0.866
 outer loop
  vertex -0.418 -7.178 11.602
  vertex -0.378 -6.489 12
  vertex -0.588 -7.166 11.602
 endloop
endfacet
facet normal -0.058 -0.493 0.868
 outer loop
  vertex -0.378 -6.489 12
  vertex -1.129 -6.401 12
  vertex -0.588 -7.166 11.602
 endloop
endfacet
facet normal -0.064 -0.496 0.866
 outer loop
  vertex -0.588 -7.166 11.602
  vertex -1.129 -6.401 12
  vertex -1.201 -6.812 11.759
 endloop
endfacet
facet normal -0.116 -0.487 0.866
 outer loop
  vertex -1.201 -6.812 11.759
  vertex -1.129 -6.401 12
  vertex -1.916 -6.399 11.896
 endloop
endfacet
facet normal -0.115 -0.487 0.866
 outer loop
  vertex -1.916 -6.399 11.896
  vertex -1.129 -6.401 12
  vertex -1.864 -6.227 12
 endloop
endfacet
facet normal -0.171 -0.471 0.866
 outer loop
  vertex -1.916 -6.399 11.896
  vertex -1.864 -6.227 12
  vertex -2.592 -6.009 11.975
 endloop
endfacet
facet normal -0.171 -0.47 0.866
 outer loop
  vertex -2.592 -6.009 11.975
  vertex -1.864 -6.227 12
  vertex -2.575 -5.968 12
 endloop
endfacet
facet normal -0.224 -0.447 0.866
 outer loop
  vertex -2.592 -6.009 11.975
  vertex -2.575 -5.968 12
  vertex -3.25 -5.629 12
 endloop
endfacet
facet normal -0.322 -0.383 0.866
 outer loop
  vertex -3.908 -5.249 11.975
  vertex -3.882 -5.214 12
  vertex -4.584 -4.859 11.896
 endloop
endfacet
facet normal -0.322 -0.384 0.866
 outer loop
  vertex -4.584 -4.859 11.896
  vertex -3.882 -5.214 12
  vertex -4.461 -4.728 12
 endloop
endfacet
facet normal -0.364 -0.344 0.866
 outer loop
  vertex -4.584 -4.859 11.896
  vertex -4.461 -4.728 12
  vertex -5.299 -4.446 11.759
 endloop
endfacet
facet normal -0.364 -0.344 0.866
 outer loop
  vertex -5.299 -4.446 11.759
  vertex -4.461 -4.728 12
  vertex -4.979 -4.178 12
 endloop
endfacet
facet normal -0.398 -0.303 0.866
 outer loop
  vertex -5.299 -4.446 11.759
  vertex -4.979 -4.178 12
  vertex -5.912 -4.092 11.602
 endloop
endfacet
facet normal -0.398 -0.296 0.868
 outer loop
  vertex -5.912 -4.092 11.602
  vertex -4.979 -4.178 12
  vertex -5.431 -3.572 12
 endloop
endfacet
facet normal -0.414 -0.28 0.866
 outer loop
  vertex -5.912 -4.092 11.602
  vertex -5.431 -3.572 12
  vertex -6.007 -3.951 11.602
 endloop
endfacet
facet normal -0.434 -0.25 0.866
 outer loop
  vertex -6.007 -3.951 11.602
  vertex -5.431 -3.572 12
  vertex -6.425 -3.227 11.602
 endloop
endfacet
facet normal -0.293 -0.405 0.866
 outer loop
  vertex -3.908 -5.249 11.975
  vertex -3.902 -5.253 11.975
  vertex -3.882 -5.214 12
 endloop
endfacet
facet normal -0.273 -0.416 0.868
 outer loop
  vertex -3.882 -5.214 12
  vertex -3.902 -5.253 11.975
  vertex -3.25 -5.629 12
 endloop
endfacet
facet normal -0.434 -0.25 0.866
 outer loop
  vertex -5.431 -3.572 12
  vertex -5.809 -2.917 12
  vertex -6.425 -3.227 11.602
 endloop
endfacet
facet normal -0.449 -0.219 0.866
 outer loop
  vertex -6.425 -3.227 11.602
  vertex -5.809 -2.917 12
  vertex -6.5 -3.073 11.602
 endloop
endfacet
facet normal -0.456 -0.197 0.868
 outer loop
  vertex -5.809 -2.917 12
  vertex -6.108 -2.223 12
  vertex -6.5 -3.073 11.602
 endloop
endfacet
facet normal -0.462 -0.193 0.866
 outer loop
  vertex -6.5 -3.073 11.602
  vertex -6.108 -2.223 12
  vertex -6.5 -2.366 11.759
 endloop
endfacet
facet normal -0.48 -0.143 0.866
 outer loop
  vertex -6.5 -2.366 11.759
  vertex -6.108 -2.223 12
  vertex -6.5 -1.541 11.896
 endloop
endfacet
facet normal -0.48 -0.144 0.866
 outer loop
  vertex -6.5 -1.541 11.896
  vertex -6.108 -2.223 12
  vertex -6.325 -1.499 12
 endloop
endfacet
facet normal -0.493 -0.087 0.866
 outer loop
  vertex -6.5 -1.541 11.896
  vertex -6.325 -1.499 12
  vertex -6.5 -0.76 11.975
 endloop
endfacet
facet normal -0.492 -0.087 0.866
 outer loop
  vertex -6.5 -0.76 11.975
  vertex -6.325 -1.499 12
  vertex -6.456 -0.755 12
 endloop
endfacet
facet normal -0.499 -0.029 0.866
 outer loop
  vertex -6.5 -0.76 11.975
  vertex -6.456 -0.755 12
  vertex -6.5 0 12
 endloop
endfacet
facet normal -0.492 0.087 0.866
 outer loop
  vertex -6.5 0.76 11.975
  vertex -6.456 0.755 12
  vertex -6.5 1.541 11.896
 endloop
endfacet
facet normal -0.493 0.087 0.866
 outer loop
  vertex -6.5 1.541 11.896
  vertex -6.456 0.755 12
  vertex -6.325 1.499 12
 endloop
endfacet
facet normal -0.48 0.143 0.866
 outer loop
  vertex -6.5 1.541 11.896
  vertex -6.325 1.499 12
  vertex -6.5 2.366 11.759
 endloop
endfacet
facet normal -0.48 0.144 0.866
 outer loop
  vertex -6.5 2.366 11.759
  vertex -6.325 1.499 12
  vertex -6.108 2.223 12
 endloop
endfacet
facet normal -0.462 0.193 0.866
 outer loop
  vertex -6.5 2.366 11.759
  vertex -6.108 2.223 12
  vertex -6.5 3.073 11.602
 endloop
endfacet
facet normal -0.456 0.197 0.868
 outer loop
  vertex -6.5 3.073 11.602
  vertex -6.108 2.223 12
  vertex -5.809 2.917 12
 endloop
endfacet
facet normal -0.449 0.219 0.866
 outer loop
  vertex -6.5 3.073 11.602
  vertex -5.809 2.917 12
  vertex -6.425 3.227 11.602
 endloop
endfacet
facet normal -0.434 0.25 0.866
 outer loop
  vertex -6.425 3.227 11.602
  vertex -5.809 2.917 12
  vertex -6.007 3.951 11.602
 endloop
endfacet
facet normal -0.497 0.051 0.866
 outer loop
  vertex -6.5 0.76 11.975
  vertex -6.5 0.753 11.975
  vertex -6.456 0.755 12
 endloop
endfacet
facet normal -0.497 0.029 0.868
 outer loop
  vertex -6.456 0.755 12
  vertex -6.5 0.753 11.975
  vertex -6.5 0 12
 endloop
endfacet
facet normal -0.434 0.25 0.866
 outer loop
  vertex -5.809 2.917 12
  vertex -5.431 3.572 12
  vertex -6.007 3.951 11.602
 endloop
endfacet
facet normal -0.414 0.28 0.866
 outer loop
  vertex -6.007 3.951 11.602
  vertex -5.431 3.572 12
  vertex -5.912 4.092 11.602
 endloop
endfacet
facet normal -0.398 0.296 0.868
 outer loop
  vertex -5.431 3.572 12
  vertex -4.979 4.178 12
  vertex -5.912 4.092 11.602
 endloop
endfacet
facet normal -0.398 0.303 0.866
 outer loop
  vertex -5.912 4.092 11.602
  vertex -4.979 4.178 12
  vertex -5.299 4.446 11.759
 endloop
endfacet
facet normal -0.364 0.344 0.866
 outer loop
  vertex -5.299 4.446 11.759
  vertex -4.979 4.178 12
  vertex -4.584 4.859 11.896
 endloop
endfacet
facet normal -0.364 0.344 0.866
 outer loop
  vertex -4.584 4.859 11.896
  vertex -4.979 4.178 12
  vertex -4.461 4.728 12
 endloop
endfacet
facet normal -0.322 0.384 0.866
 outer loop
  vertex -4.584 4.859 11.896
  vertex -4.461 4.728 12
  vertex -3.882 5.214 12
 endloop
endfacet
facet normal -0.275 0.418 0.866
 outer loop
  vertex -3.25 5.629 12
  vertex -3.908 5.249 11.975
  vertex -3.882 5.214 12
 endloop
endfacet
facet normal -0.322 0.383 0.866
 outer loop
  vertex -3.882 5.214 12
  vertex -3.908 5.249 11.975
  vertex -4.584 4.859 11.896
 endloop
endfacet
facet normal 0.07 0.998 0
 outer loop
  vertex 0.588 7.166 11.602
  vertex 0.588 7.166 3.5
  vertex 0.418 7.178 11.602
 endloop
endfacet
facet normal 0 1 -0.001
 outer loop
  vertex 0.418 7.178 11.602
  vertex 0.588 7.166 3.5
  vertex -0.588 7.166 3.5
 endloop
endfacet
facet normal 0 1 -0.001
 outer loop
  vertex 0.418 7.178 11.602
  vertex -0.588 7.166 3.5
  vertex -0.418 7.178 11.602
 endloop
endfacet
facet normal -0.07 0.998 0
 outer loop
  vertex -0.418 7.178 11.602
  vertex -0.588 7.166 3.5
  vertex -0.588 7.166 11.602
 endloop
endfacet
facet normal -0.171 0.47 0.866
 outer loop
  vertex -2.592 6.009 11.975
  vertex -2.575 5.968 12
  vertex -1.916 6.399 11.896
 endloop
endfacet
facet normal -0.171 0.471 0.866
 outer loop
  vertex -1.916 6.399 11.896
  vertex -2.575 5.968 12
  vertex -1.864 6.227 12
 endloop
endfacet
facet normal -0.116 0.487 0.866
 outer loop
  vertex -1.916 6.399 11.896
  vertex -1.864 6.227 12
  vertex -1.201 6.812 11.759
 endloop
endfacet
facet normal -0.115 0.487 0.866
 outer loop
  vertex -1.201 6.812 11.759
  vertex -1.864 6.227 12
  vertex -1.129 6.401 12
 endloop
endfacet
facet normal -0.064 0.496 0.866
 outer loop
  vertex -1.201 6.812 11.759
  vertex -1.129 6.401 12
  vertex -0.588 7.166 11.602
 endloop
endfacet
facet normal -0.058 0.493 0.868
 outer loop
  vertex -0.588 7.166 11.602
  vertex -1.129 6.401 12
  vertex -0.378 6.489 12
 endloop
endfacet
facet normal -0.035 0.499 0.866
 outer loop
  vertex -0.588 7.166 11.602
  vertex -0.378 6.489 12
  vertex -0.418 7.178 11.602
 endloop
endfacet
facet normal -0 0.501 0.866
 outer loop
  vertex -0.418 7.178 11.602
  vertex -0.378 6.489 12
  vertex 0.418 7.178 11.602
 endloop
endfacet
facet normal -0.205 0.455 0.866
 outer loop
  vertex -2.592 6.009 11.975
  vertex -2.598 6.006 11.975
  vertex -2.575 5.968 12
 endloop
endfacet
facet normal -0.223 0.444 0.868
 outer loop
  vertex -2.575 5.968 12
  vertex -2.598 6.006 11.975
  vertex -3.25 5.629 12
 endloop
endfacet
facet normal -0 0.501 0.866
 outer loop
  vertex -0.378 6.489 12
  vertex 0.378 6.489 12
  vertex 0.418 7.178 11.602
 endloop
endfacet
facet normal 0.035 0.499 0.866
 outer loop
  vertex 0.418 7.178 11.602
  vertex 0.378 6.489 12
  vertex 0.588 7.166 11.602
 endloop
endfacet
facet normal 0.058 0.493 0.868
 outer loop
  vertex 0.378 6.489 12
  vertex 1.129 6.401 12
  vertex 0.588 7.166 11.602
 endloop
endfacet
facet normal 0.064 0.496 0.866
 outer loop
  vertex 0.588 7.166 11.602
  vertex 1.129 6.401 12
  vertex 1.201 6.812 11.759
 endloop
endfacet
facet normal 0.116 0.487 0.866
 outer loop
  vertex 1.201 6.812 11.759
  vertex 1.129 6.401 12
  vertex 1.916 6.399 11.896
 endloop
endfacet
facet normal 0.115 0.487 0.866
 outer loop
  vertex 1.916 6.399 11.896
  vertex 1.129 6.401 12
  vertex 1.864 6.227 12
 endloop
endfacet
facet normal 0.171 0.471 0.866
 outer loop
  vertex 1.916 6.399 11.896
  vertex 1.864 6.227 12
  vertex 2.592 6.009 11.975
 endloop
endfacet
facet normal 0.171 0.47 0.866
 outer loop
  vertex 2.592 6.009 11.975
  vertex 1.864 6.227 12
  vertex 2.575 5.968 12
 endloop
endfacet
facet normal 0.224 0.447 0.866
 outer loop
  vertex 2.592 6.009 11.975
  vertex 2.575 5.968 12
  vertex 3.25 5.629 12
 endloop
endfacet
facet normal 0.5 0.866 0
 outer loop
  vertex 1.916 6.399 11.896
  vertex 2.592 6.009 11.975
  vertex 0.588 7.166 3.5
 endloop
endfacet
facet normal 0.5 0.866 0
 outer loop
  vertex 0.588 7.166 3.5
  vertex 2.592 6.009 11.975
  vertex 3.25 5.629 12
 endloop
endfacet
facet normal 0.5 0.866 -0
 outer loop
  vertex 0.588 7.166 3.5
  vertex 3.25 5.629 12
  vertex 5.912 4.092 3.5
 endloop
endfacet
facet normal 0.5 0.866 0
 outer loop
  vertex 5.912 4.092 3.5
  vertex 3.25 5.629 12
  vertex 3.902 5.253 11.975
 endloop
endfacet
facet normal 0.5 0.866 0
 outer loop
  vertex 5.912 4.092 3.5
  vertex 3.902 5.253 11.975
  vertex 3.908 5.249 11.975
 endloop
endfacet
facet normal 0.5 0.866 0
 outer loop
  vertex 0.588 7.166 11.602
  vertex 1.201 6.812 11.759
  vertex 0.588 7.166 3.5
 endloop
endfacet
facet normal 0.5 0.866 -0
 outer loop
  vertex 0.588 7.166 3.5
  vertex 1.201 6.812 11.759
  vertex 1.916 6.399 11.896
 endloop
endfacet
facet normal 0.5 0.866 -0
 outer loop
  vertex 3.908 5.249 11.975
  vertex 4.584 4.859 11.896
  vertex 5.912 4.092 3.5
 endloop
endfacet
facet normal 0.5 0.866 0
 outer loop
  vertex 5.912 4.092 3.5
  vertex 4.584 4.859 11.896
  vertex 5.299 4.446 11.759
 endloop
endfacet
facet normal 0.5 0.866 -0
 outer loop
  vertex 5.912 4.092 3.5
  vertex 5.299 4.446 11.759
  vertex 5.912 4.092 11.602
 endloop
endfacet
facet normal 0.899 0.438 0
 outer loop
  vertex 6.5 3.073 11.602
  vertex 6.5 3.073 3.5
  vertex 6.425 3.227 11.602
 endloop
endfacet
facet normal 0.866 0.5 -0.001
 outer loop
  vertex 6.425 3.227 11.602
  vertex 6.5 3.073 3.5
  vertex 5.912 4.092 3.5
 endloop
endfacet
facet normal 0.866 0.5 -0.001
 outer loop
  vertex 6.425 3.227 11.602
  vertex 5.912 4.092 3.5
  vertex 6.007 3.951 11.602
 endloop
endfacet
facet normal 0.829 0.559 0
 outer loop
  vertex 6.007 3.951 11.602
  vertex 5.912 4.092 3.5
  vertex 5.912 4.092 11.602
 endloop
endfacet
facet normal 0.322 0.383 0.866
 outer loop
  vertex 3.908 5.249 11.975
  vertex 3.882 5.214 12
  vertex 4.584 4.859 11.896
 endloop
endfacet
facet normal 0.322 0.384 0.866
 outer loop
  vertex 4.584 4.859 11.896
  vertex 3.882 5.214 12
  vertex 4.461 4.728 12
 endloop
endfacet
facet normal 0.364 0.344 0.866
 outer loop
  vertex 4.584 4.859 11.896
  vertex 4.461 4.728 12
  vertex 5.299 4.446 11.759
 endloop
endfacet
facet normal 0.364 0.344 0.866
 outer loop
  vertex 5.299 4.446 11.759
  vertex 4.461 4.728 12
  vertex 4.979 4.178 12
 endloop
endfacet
facet normal 0.398 0.303 0.866
 outer loop
  vertex 5.299 4.446 11.759
  vertex 4.979 4.178 12
  vertex 5.912 4.092 11.602
 endloop
endfacet
facet normal 0.398 0.296 0.868
 outer loop
  vertex 5.912 4.092 11.602
  vertex 4.979 4.178 12
  vertex 5.431 3.572 12
 endloop
endfacet
facet normal 0.414 0.28 0.866
 outer loop
  vertex 5.912 4.092 11.602
  vertex 5.431 3.572 12
  vertex 6.007 3.951 11.602
 endloop
endfacet
facet normal 0.434 0.25 0.866
 outer loop
  vertex 6.007 3.951 11.602
  vertex 5.431 3.572 12
  vertex 6.425 3.227 11.602
 endloop
endfacet
facet normal 0.293 0.405 0.866
 outer loop
  vertex 3.908 5.249 11.975
  vertex 3.902 5.253 11.975
  vertex 3.882 5.214 12
 endloop
endfacet
facet normal 0.273 0.416 0.868
 outer loop
  vertex 3.882 5.214 12
  vertex 3.902 5.253 11.975
  vertex 3.25 5.629 12
 endloop
endfacet
facet normal 0.434 0.25 0.866
 outer loop
  vertex 5.431 3.572 12
  vertex 5.809 2.917 12
  vertex 6.425 3.227 11.602
 endloop
endfacet
facet normal 0.449 0.219 0.866
 outer loop
  vertex 6.425 3.227 11.602
  vertex 5.809 2.917 12
  vertex 6.5 3.073 11.602
 endloop
endfacet
facet normal 0.456 0.197 0.868
 outer loop
  vertex 5.809 2.917 12
  vertex 6.108 2.223 12
  vertex 6.5 3.073 11.602
 endloop
endfacet
facet normal 0.462 0.193 0.866
 outer loop
  vertex 6.5 3.073 11.602
  vertex 6.108 2.223 12
  vertex 6.5 2.366 11.759
 endloop
endfacet
facet normal 0.48 0.143 0.866
 outer loop
  vertex 6.5 2.366 11.759
  vertex 6.108 2.223 12
  vertex 6.5 1.541 11.896
 endloop
endfacet
facet normal 0.48 0.144 0.866
 outer loop
  vertex 6.5 1.541 11.896
  vertex 6.108 2.223 12
  vertex 6.325 1.499 12
 endloop
endfacet
facet normal 0.493 0.087 0.866
 outer loop
  vertex 6.5 1.541 11.896
  vertex 6.325 1.499 12
  vertex 6.5 0.76 11.975
 endloop
endfacet
facet normal 0.492 0.087 0.866
 outer loop
  vertex 6.5 0.76 11.975
  vertex 6.325 1.499 12
  vertex 6.456 0.755 12
 endloop
endfacet
facet normal 0.499 0.029 0.866
 outer loop
  vertex 6.5 0.76 11.975
  vertex 6.456 0.755 12
  vertex 6.5 0 12
 endloop
endfacet
facet normal 1 0 0
 outer loop
  vertex 6.5 1.541 11.896
  vertex 6.5 0.76 11.975
  vertex 6.5 3.073 3.5
 endloop
endfacet
facet normal 1 0 0
 outer loop
  vertex 6.5 3.073 3.5
  vertex 6.5 0.76 11.975
  vertex 6.5 0 12
 endloop
endfacet
facet normal 1 0 0
 outer loop
  vertex 6.5 3.073 3.5
  vertex 6.5 0 12
  vertex 6.5 -3.073 3.5
 endloop
endfacet
facet normal 1 0 0
 outer loop
  vertex 6.5 -3.073 3.5
  vertex 6.5 0 12
  vertex 6.5 -0.753 11.975
 endloop
endfacet
facet normal 1 0 0
 outer loop
  vertex 6.5 -3.073 3.5
  vertex 6.5 -0.753 11.975
  vertex 6.5 -0.76 11.975
 endloop
endfacet
facet normal 1 0 0
 outer loop
  vertex 6.5 3.073 11.602
  vertex 6.5 2.366 11.759
  vertex 6.5 3.073 3.5
 endloop
endfacet
facet normal 1 0 0
 outer loop
  vertex 6.5 3.073 3.5
  vertex 6.5 2.366 11.759
  vertex 6.5 1.541 11.896
 endloop
endfacet
facet normal 1 0 0
 outer loop
  vertex 6.5 -0.76 11.975
  vertex 6.5 -1.541 11.896
  vertex 6.5 -3.073 3.5
 endloop
endfacet
facet normal 1 0 0
 outer loop
  vertex 6.5 -3.073 3.5
  vertex 6.5 -1.541 11.896
  vertex 6.5 -2.366 11.759
 endloop
endfacet
facet normal 1 0 0
 outer loop
  vertex 6.5 -3.073 3.5
  vertex 6.5 -2.366 11.759
  vertex 6.5 -3.073 11.602
 endloop
endfacet
facet normal 0 0 1
 outer loop
  vertex 4.392 0.271 12
  vertex 4.4 0 12
  vertex 6.5 0 12
 endloop
endfacet
facet normal 0 0 1
 outer loop
  vertex 6.5 0 12
  vertex 4.4 0 12
  vertex 4.392 -0.271 12
 endloop
endfacet
facet normal 0 0 1
 outer loop
  vertex 6.5 0 12
  vertex 4.392 -0.271 12
  vertex 6.456 -0.755 12
 endloop
endfacet
facet normal 0 0 1
 outer loop
  vertex 6.456 -0.755 12
  vertex 4.392 -0.271 12
  vertex 4.325 -0.808 12
 endloop
endfacet
facet normal 0 0 1
 outer loop
  vertex 6.456 -0.755 12
  vertex 4.325 -0.808 12
  vertex 6.325 -1.499 12
 endloop
endfacet
facet normal 0 0 1
 outer loop
  vertex 6.325 -1.499 12
  vertex 4.325 -0.808 12
  vertex 4.193 -1.334 12
 endloop
endfacet
facet normal 0 0 1
 outer loop
  vertex 6.325 -1.499 12
  vertex 4.193 -1.334 12
  vertex 6.108 -2.223 12
 endloop
endfacet
facet normal 0 0 1
 outer loop
  vertex 6.108 -2.223 12
  vertex 4.193 -1.334 12
  vertex 3.997 -1.839 12
 endloop
endfacet
facet normal 0 0 1
 outer loop
  vertex 6.108 -2.223 12
  vertex 3.997 -1.839 12
  vertex 5.809 -2.917 12
 endloop
endfacet
facet normal 0 0 1
 outer loop
  vertex 5.809 -2.917 12
  vertex 3.997 -1.839 12
  vertex 3.741 -2.316 12
 endloop
endfacet
facet normal 0 0 1
 outer loop
  vertex 5.809 -2.917 12
  vertex 3.741 -2.316 12
  vertex 5.431 -3.572 12
 endloop
endfacet
facet normal 0 0 1
 outer loop
  vertex 5.431 -3.572 12
  vertex 3.741 -2.316 12
  vertex 3.428 -2.758 12
 endloop
endfacet
facet normal 0 0 1
 outer loop
  vertex 5.431 -3.572 12
  vertex 3.428 -2.758 12
  vertex 4.979 -4.178 12
 endloop
endfacet
facet normal 0 0 1
 outer loop
  vertex 4.979 -4.178 12
  vertex 3.428 -2.758 12
  vertex 3.063 -3.159 12
 endloop
endfacet
facet normal 0 0 1
 outer loop
  vertex 4.979 -4.178 12
  vertex 3.063 -3.159 12
  vertex 4.461 -4.728 12
 endloop
endfacet
facet normal 0 0 1
 outer loop
  vertex 4.461 -4.728 12
  vertex 3.063 -3.159 12
  vertex 2.652 -3.511 12
 endloop
endfacet
facet normal 0 0 1
 outer loop
  vertex 4.461 -4.728 12
  vertex 2.652 -3.511 12
  vertex 3.882 -5.214 12
 endloop
endfacet
facet normal 0 0 1
 outer loop
  vertex 3.882 -5.214 12
  vertex 2.652 -3.511 12
  vertex 2.2 -3.811 12
 endloop
endfacet
facet normal 0 0 1
 outer loop
  vertex 3.882 -5.214 12
  vertex 2.2 -3.811 12
  vertex 3.25 -5.629 12
 endloop
endfacet
facet normal 0 0 1
 outer loop
  vertex 3.25 -5.629 12
  vertex 2.2 -3.811 12
  vertex 2.575 -5.968 12
 endloop
endfacet
facet normal 0 0 1
 outer loop
  vertex 2.2 -3.811 12
  vertex 1.715 -4.052 12
  vertex 2.575 -5.968 12
 endloop
endfacet
facet normal 0 0 1
 outer loop
  vertex 2.575 -5.968 12
  vertex 1.715 -4.052 12
  vertex 1.864 -6.227 12
 endloop
endfacet
facet normal 0 0 1
 outer loop
  vertex 1.715 -4.052 12
  vertex 1.204 -4.232 12
  vertex 1.864 -6.227 12
 endloop
endfacet
facet normal 0 0 1
 outer loop
  vertex 1.864 -6.227 12
  vertex 1.204 -4.232 12
  vertex 1.129 -6.401 12
 endloop
endfacet
facet normal 0 0 1
 outer loop
  vertex 1.204 -4.232 12
  vertex 0.675 -4.348 12
  vertex 1.129 -6.401 12
 endloop
endfacet
facet normal 0 0 1
 outer loop
  vertex 1.129 -6.401 12
  vertex 0.675 -4.348 12
  vertex 0.378 -6.489 12
 endloop
endfacet
facet normal 0 0 1
 outer loop
  vertex 0.675 -4.348 12
  vertex 0.135 -4.398 12
  vertex 0.378 -6.489 12
 endloop
endfacet
facet normal 0 0 1
 outer loop
  vertex 0.378 -6.489 12
  vertex 0.135 -4.398 12
  vertex -0.378 -6.489 12
 endloop
endfacet
facet normal 0 0 1
 outer loop
  vertex 0.135 -4.398 12
  vertex -0.406 -4.381 12
  vertex -0.378 -6.489 12
 endloop
endfacet
facet normal 0 0 1
 outer loop
  vertex -0.378 -6.489 12
  vertex -0.406 -4.381 12
  vertex -1.129 -6.401 12
 endloop
endfacet
facet normal 0 0 1
 outer loop
  vertex -0.406 -4.381 12
  vertex -0.941 -4.298 12
  vertex -1.129 -6.401 12
 endloop
endfacet
facet normal 0 -0 1
 outer loop
  vertex -1.129 -6.401 12
  vertex -0.941 -4.298 12
  vertex -1.864 -6.227 12
 endloop
endfacet
facet normal 0 0 1
 outer loop
  vertex -0.941 -4.298 12
  vertex -1.462 -4.15 12
  vertex -1.864 -6.227 12
 endloop
endfacet
facet normal 0 -0 1
 outer loop
  vertex -1.864 -6.227 12
  vertex -1.462 -4.15 12
  vertex -2.575 -5.968 12
 endloop
endfacet
facet normal 0 0 1
 outer loop
  vertex -1.462 -4.15 12
  vertex -1.961 -3.939 12
  vertex -2.575 -5.968 12
 endloop
endfacet
facet normal 0 -0 1
 outer loop
  vertex -2.575 -5.968 12
  vertex -1.961 -3.939 12
  vertex -3.25 -5.629 12
 endloop
endfacet
facet normal 0 0 1
 outer loop
  vertex -1.961 -3.939 12
  vertex -2.43 -3.668 12
  vertex -3.25 -5.629 12
 endloop
endfacet
facet normal 0 -0 1
 outer loop
  vertex -3.25 -5.629 12
  vertex -2.43 -3.668 12
  vertex -3.882 -5.214 12
 endloop
endfacet
facet normal 0 0 1
 outer loop
  vertex -2.43 -3.668 12
  vertex -2.863 -3.341 12
  vertex -3.882 -5.214 12
 endloop
endfacet
facet normal 0 -0 1
 outer loop
  vertex -3.882 -5.214 12
  vertex -2.863 -3.341 12
  vertex -4.461 -4.728 12
 endloop
endfacet
facet normal 0 0 1
 outer loop
  vertex -2.863 -3.341 12
  vertex -3.252 -2.964 12
  vertex -4.461 -4.728 12
 endloop
endfacet
facet normal 0 -0 1
 outer loop
  vertex -4.461 -4.728 12
  vertex -3.252 -2.964 12
  vertex -4.979 -4.178 12
 endloop
endfacet
facet normal 0 0 1
 outer loop
  vertex -3.252 -2.964 12
  vertex -3.591 -2.542 12
  vertex -4.979 -4.178 12
 endloop
endfacet
facet normal 0 -0 1
 outer loop
  vertex -4.979 -4.178 12
  vertex -3.591 -2.542 12
  vertex -5.431 -3.572 12
 endloop
endfacet
facet normal 0 0 1
 outer loop
  vertex -3.591 -2.542 12
  vertex -3.876 -2.082 12
  vertex -5.431 -3.572 12
 endloop
endfacet
facet normal 0 -0 1
 outer loop
  vertex -5.431 -3.572 12
  vertex -3.876 -2.082 12
  vertex -5.809 -2.917 12
 endloop
endfacet
facet normal 0 0 1
 outer loop
  vertex -3.876 -2.082 12
  vertex -4.103 -1.589 12
  vertex -5.809 -2.917 12
 endloop
endfacet
facet normal 0 -0 1
 outer loop
  vertex -5.809 -2.917 12
  vertex -4.103 -1.589 12
  vertex -6.108 -2.223 12
 endloop
endfacet
facet normal 0 0 1
 outer loop
  vertex -4.103 -1.589 12
  vertex -4.267 -1.073 12
  vertex -6.108 -2.223 12
 endloop
endfacet
facet normal 0 -0 1
 outer loop
  vertex -6.108 -2.223 12
  vertex -4.267 -1.073 12
  vertex -6.325 -1.499 12
 endloop
endfacet
facet normal 0 0 1
 outer loop
  vertex -4.267 -1.073 12
  vertex -4.367 -0.541 12
  vertex -6.325 -1.499 12
 endloop
endfacet
facet normal 0 -0 1
 outer loop
  vertex -6.325 -1.499 12
  vertex -4.367 -0.541 12
  vertex -6.456 -0.755 12
 endloop
endfacet
facet normal 0 0 1
 outer loop
  vertex -4.367 -0.541 12
  vertex -4.4 -0 12
  vertex -6.456 -0.755 12
 endloop
endfacet
facet normal 0 -0 1
 outer loop
  vertex -6.456 -0.755 12
  vertex -4.4 -0 12
  vertex -6.5 0 12
 endloop
endfacet
facet normal -0 0 1
 outer loop
  vertex -6.5 0 12
  vertex -4.4 -0 12
  vertex -6.456 0.755 12
 endloop
endfacet
facet normal 0 0 1
 outer loop
  vertex -6.456 0.755 12
  vertex -4.4 -0 12
  vertex -4.367 0.541 12
 endloop
endfacet
facet normal -0 0 1
 outer loop
  vertex -6.456 0.755 12
  vertex -4.367 0.541 12
  vertex -6.325 1.499 12
 endloop
endfacet
facet normal 0 0 1
 outer loop
  vertex -6.325 1.499 12
  vertex -4.367 0.541 12
  vertex -4.267 1.073 12
 endloop
endfacet
facet normal -0 0 1
 outer loop
  vertex -6.325 1.499 12
  vertex -4.267 1.073 12
  vertex -6.108 2.223 12
 endloop
endfacet
facet normal 0 0 1
 outer loop
  vertex -6.108 2.223 12
  vertex -4.267 1.073 12
  vertex -4.103 1.589 12
 endloop
endfacet
facet normal -0 0 1
 outer loop
  vertex -6.108 2.223 12
  vertex -4.103 1.589 12
  vertex -5.809 2.917 12
 endloop
endfacet
facet normal 0 0 1
 outer loop
  vertex -5.809 2.917 12
  vertex -4.103 1.589 12
  vertex -3.876 2.082 12
 endloop
endfacet
facet normal -0 0 1
 outer loop
  vertex -5.809 2.917 12
  vertex -3.876 2.082 12
  vertex -5.431 3.572 12
 endloop
endfacet
facet normal 0 0 1
 outer loop
  vertex -5.431 3.572 12
  vertex -3.876 2.082 12
  vertex -3.591 2.542 12
 endloop
endfacet
facet normal -0 0 1
 outer loop
  vertex -5.431 3.572 12
  vertex -3.591 2.542 12
  vertex -4.979 4.178 12
 endloop
endfacet
facet normal 0 0 1
 outer loop
  vertex -4.979 4.178 12
  vertex -3.591 2.542 12
  vertex -3.252 2.964 12
 endloop
endfacet
facet normal -0 0 1
 outer loop
  vertex -4.979 4.178 12
  vertex -3.252 2.964 12
  vertex -4.461 4.728 12
 endloop
endfacet
facet normal 0 0 1
 outer loop
  vertex -4.461 4.728 12
  vertex -3.252 2.964 12
  vertex -2.863 3.341 12
 endloop
endfacet
facet normal -0 0 1
 outer loop
  vertex -4.461 4.728 12
  vertex -2.863 3.341 12
  vertex -3.882 5.214 12
 endloop
endfacet
facet normal 0 0 1
 outer loop
  vertex -3.882 5.214 12
  vertex -2.863 3.341 12
  vertex -2.43 3.668 12
 endloop
endfacet
facet normal -0 0 1
 outer loop
  vertex -3.882 5.214 12
  vertex -2.43 3.668 12
  vertex -3.25 5.629 12
 endloop
endfacet
facet normal 0 0 1
 outer loop
  vertex -3.25 5.629 12
  vertex -2.43 3.668 12
  vertex -1.961 3.939 12
 endloop
endfacet
facet normal -0 0 1
 outer loop
  vertex -3.25 5.629 12
  vertex -1.961 3.939 12
  vertex -2.575 5.968 12
 endloop
endfacet
facet normal 0 0 1
 outer loop
  vertex -2.575 5.968 12
  vertex -1.961 3.939 12
  vertex -1.462 4.15 12
 endloop
endfacet
facet normal -0 0 1
 outer loop
  vertex -2.575 5.968 12
  vertex -1.462 4.15 12
  vertex -1.864 6.227 12
 endloop
endfacet
facet normal 0 0 1
 outer loop
  vertex -1.864 6.227 12
  vertex -1.462 4.15 12
  vertex -0.941 4.298 12
 endloop
endfacet
facet normal -0 0 1
 outer loop
  vertex -1.864 6.227 12
  vertex -0.941 4.298 12
  vertex -1.129 6.401 12
 endloop
endfacet
facet normal 0 0 1
 outer loop
  vertex -1.129 6.401 12
  vertex -0.941 4.298 12
  vertex -0.406 4.381 12
 endloop
endfacet
facet normal -0 0 1
 outer loop
  vertex -1.129 6.401 12
  vertex -0.406 4.381 12
  vertex -0.378 6.489 12
 endloop
endfacet
facet normal 0 0 1
 outer loop
  vertex -0.378 6.489 12
  vertex -0.406 4.381 12
  vertex 0.135 4.398 12
 endloop
endfacet
facet normal -0 0 1
 outer loop
  vertex -0.378 6.489 12
  vertex 0.135 4.398 12
  vertex 0.378 6.489 12
 endloop
endfacet
facet normal 0 0 1
 outer loop
  vertex 0.378 6.489 12
  vertex 0.135 4.398 12
  vertex 0.675 4.348 12
 endloop
endfacet
facet normal 0 0 1
 outer loop
  vertex 0.378 6.489 12
  vertex 0.675 4.348 12
  vertex 1.129 6.401 12
 endloop
endfacet
facet normal 0 0 1
 outer loop
  vertex 1.129 6.401 12
  vertex 0.675 4.348 12
  vertex 1.204 4.232 12
 endloop
endfacet
facet normal 0 0 1
 outer loop
  vertex 1.129 6.401 12
  vertex 1.204 4.232 12
  vertex 1.864 6.227 12
 endloop
endfacet
facet normal 0 0 1
 outer loop
  vertex 1.864 6.227 12
  vertex 1.204 4.232 12
  vertex 1.715 4.052 12
 endloop
endfacet
facet normal 0 0 1
 outer loop
  vertex 1.864 6.227 12
  vertex 1.715 4.052 12
  vertex 2.575 5.968 12
 endloop
endfacet
facet normal 0 0 1
 outer loop
  vertex 2.575 5.968 12
  vertex 1.715 4.052 12
  vertex 2.2 3.811 12
 endloop
endfacet
facet normal 0 0 1
 outer loop
  vertex 2.575 5.968 12
  vertex 2.2 3.811 12
  vertex 3.25 5.629 12
 endloop
endfacet
facet normal 0 0 1
 outer loop
  vertex 3.25 5.629 12
  vertex 2.2 3.811 12
  vertex 3.882 5.214 12
 endloop
endfacet
facet normal -0 0 1
 outer loop
  vertex 2.2 3.811 12
  vertex 2.652 3.511 12
  vertex 3.882 5.214 12
 endloop
endfacet
facet normal 0 0 1
 outer loop
  vertex 3.882 5.214 12
  vertex 2.652 3.511 12
  vertex 4.461 4.728 12
 endloop
endfacet
facet normal -0 0 1
 outer loop
  vertex 2.652 3.511 12
  vertex 3.063 3.159 12
  vertex 4.461 4.728 12
 endloop
endfacet
facet normal 0 0 1
 outer loop
  vertex 4.461 4.728 12
  vertex 3.063 3.159 12
  vertex 4.979 4.178 12
 endloop
endfacet
facet normal -0 0 1
 outer loop
  vertex 3.063 3.159 12
  vertex 3.428 2.758 12
  vertex 4.979 4.178 12
 endloop
endfacet
facet normal 0 0 1
 outer loop
  vertex 4.979 4.178 12
  vertex 3.428 2.758 12
  vertex 5.431 3.572 12
 endloop
endfacet
facet normal -0 0 1
 outer loop
  vertex 3.428 2.758 12
  vertex 3.741 2.316 12
  vertex 5.431 3.572 12
 endloop
endfacet
facet normal 0 0 1
 outer loop
  vertex 5.431 3.572 12
  vertex 3.741 2.316 12
  vertex 5.809 2.917 12
 endloop
endfacet
facet normal -0 0 1
 outer loop
  vertex 3.741 2.316 12
  vertex 3.997 1.839 12
  vertex 5.809 2.917 12
 endloop
endfacet
facet normal 0 0 1
 outer loop
  vertex 5.809 2.917 12
  vertex 3.997 1.839 12
  vertex 6.108 2.223 12
 endloop
endfacet
facet normal -0 0 1
 outer loop
  vertex 3.997 1.839 12
  vertex 4.193 1.334 12
  vertex 6.108 2.223 12
 endloop
endfacet
facet normal 0 0 1
 outer loop
  vertex 6.108 2.223 12
  vertex 4.193 1.334 12
  vertex 6.325 1.499 12
 endloop
endfacet
facet normal -0 0 1
 outer loop
  vertex 4.193 1.334 12
  vertex 4.325 0.808 12
  vertex 6.325 1.499 12
 endloop
endfacet
facet normal 0 0 1
 outer loop
  vertex 6.325 1.499 12
  vertex 4.325 0.808 12
  vertex 6.456 0.755 12
 endloop
endfacet
facet normal 0 0 1
 outer loop
  vertex 4.325 0.808 12
  vertex 4.392 0.271 12
  vertex 6.456 0.755 12
 endloop
endfacet
facet normal 0 0 1
 outer loop
  vertex 6.456 0.755 12
  vertex 4.392 0.271 12
  vertex 6.5 0 12
 endloop
endfacet
facet normal 0.275 -0.418 0.866
 outer loop
  vertex 3.25 -5.629 12
  vertex 3.908 -5.249 11.975
  vertex 3.882 -5.214 12
 endloop
endfacet
facet normal 0.321 -0.383 0.866
 outer loop
  vertex 3.882 -5.214 12
  vertex 3.908 -5.249 11.975
  vertex 4.461 -4.728 12
 endloop
endfacet
facet normal 0.322 -0.384 0.866
 outer loop
  vertex 3.908 -5.249 11.975
  vertex 4.584 -4.859 11.896
  vertex 4.461 -4.728 12
 endloop
endfacet
facet normal 0.364 -0.344 0.866
 outer loop
  vertex 4.461 -4.728 12
  vertex 4.584 -4.859 11.896
  vertex 4.979 -4.178 12
 endloop
endfacet
facet normal 0.364 -0.344 0.866
 outer loop
  vertex 4.584 -4.859 11.896
  vertex 5.299 -4.446 11.759
  vertex 4.979 -4.178 12
 endloop
endfacet
facet normal 0.398 -0.303 0.866
 outer loop
  vertex 4.979 -4.178 12
  vertex 5.299 -4.446 11.759
  vertex 5.912 -4.092 11.602
 endloop
endfacet
facet normal 0.398 -0.296 0.868
 outer loop
  vertex 4.979 -4.178 12
  vertex 5.912 -4.092 11.602
  vertex 5.431 -3.572 12
 endloop
endfacet
facet normal 0.414 -0.28 0.866
 outer loop
  vertex 5.431 -3.572 12
  vertex 5.912 -4.092 11.602
  vertex 6.007 -3.951 11.602
 endloop
endfacet
facet normal 0.434 -0.25 0.866
 outer loop
  vertex 5.431 -3.572 12
  vertex 6.007 -3.951 11.602
  vertex 5.809 -2.917 12
 endloop
endfacet
facet normal 0.434 -0.25 0.866
 outer loop
  vertex 5.809 -2.917 12
  vertex 6.007 -3.951 11.602
  vertex 6.425 -3.227 11.602
 endloop
endfacet
facet normal 0.449 -0.219 0.866
 outer loop
  vertex 5.809 -2.917 12
  vertex 6.425 -3.227 11.602
  vertex 6.5 -3.073 11.602
 endloop
endfacet
facet normal 0.456 -0.197 0.868
 outer loop
  vertex 5.809 -2.917 12
  vertex 6.5 -3.073 11.602
  vertex 6.108 -2.223 12
 endloop
endfacet
facet normal 0.462 -0.193 0.866
 outer loop
  vertex 6.108 -2.223 12
  vertex 6.5 -3.073 11.602
  vertex 6.5 -2.366 11.759
 endloop
endfacet
facet normal 0.48 -0.144 0.866
 outer loop
  vertex 6.108 -2.223 12
  vertex 6.5 -2.366 11.759
  vertex 6.325 -1.499 12
 endloop
endfacet
facet normal 0.48 -0.143 0.866
 outer loop
  vertex 6.325 -1.499 12
  vertex 6.5 -2.366 11.759
  vertex 6.5 -1.541 11.896
 endloop
endfacet
facet normal 0.493 -0.087 0.866
 outer loop
  vertex 6.325 -1.499 12
  vertex 6.5 -1.541 11.896
  vertex 6.456 -0.755 12
 endloop
endfacet
facet normal 0.492 -0.087 0.866
 outer loop
  vertex 6.456 -0.755 12
  vertex 6.5 -1.541 11.896
  vertex 6.5 -0.76 11.975
 endloop
endfacet
facet normal 0.497 -0.051 0.866
 outer loop
  vertex 6.456 -0.755 12
  vertex 6.5 -0.76 11.975
  vertex 6.5 -0.753 11.975
 endloop
endfacet
facet normal 0.497 -0.029 0.868
 outer loop
  vertex 6.5 -0.753 11.975
  vertex 6.5 0 12
  vertex 6.456 -0.755 12
 endloop
endfacet
facet normal 0.829 -0.559 0
 outer loop
  vertex 5.912 -4.092 11.602
  vertex 5.912 -4.092 3.5
  vertex 6.007 -3.951 11.602
 endloop
endfacet
facet normal 0.866 -0.5 -0.001
 outer loop
  vertex 6.007 -3.951 11.602
  vertex 5.912 -4.092 3.5
  vertex 6.5 -3.073 3.5
 endloop
endfacet
facet normal 0.866 -0.5 -0.001
 outer loop
  vertex 6.007 -3.951 11.602
  vertex 6.5 -3.073 3.5
  vertex 6.425 -3.227 11.602
 endloop
endfacet
facet normal 0.899 -0.438 0
 outer loop
  vertex 6.425 -3.227 11.602
  vertex 6.5 -3.073 3.5
  vertex 6.5 -3.073 11.602
 endloop
endfacet
endsolid CADClick
