solid CADClick
facet normal -0.692 0.143 0.707
 outer loop
  vertex 3.852 -0.72 6.718
  vertex 3.821 -0.87 6.719
  vertex 3.932 -0.735 6.8
 endloop
endfacet
facet normal -0.71 0.173 0.682
 outer loop
  vertex 3.932 -0.735 6.8
  vertex 3.821 -0.87 6.719
  vertex 3.794 -0.979 6.718
 endloop
endfacet
facet normal -0.718 0.181 0.673
 outer loop
  vertex 3.932 -0.735 6.8
  vertex 3.794 -0.979 6.718
  vertex 3.812 -1.213 6.8
 endloop
endfacet
facet normal -0.679 0.196 0.707
 outer loop
  vertex 3.812 -1.213 6.8
  vertex 3.794 -0.979 6.718
  vertex 3.732 -1.187 6.716
 endloop
endfacet
facet normal -0.666 0.238 0.707
 outer loop
  vertex 3.812 -1.213 6.8
  vertex 3.732 -1.187 6.716
  vertex 3.636 -1.447 6.713
 endloop
endfacet
facet normal -0.688 0.267 0.675
 outer loop
  vertex 3.812 -1.213 6.8
  vertex 3.636 -1.447 6.713
  vertex 3.634 -1.672 6.8
 endloop
endfacet
facet normal -0.65 0.279 0.707
 outer loop
  vertex 3.634 -1.672 6.8
  vertex 3.636 -1.447 6.713
  vertex 3.552 -1.634 6.71
 endloop
endfacet
facet normal -0.631 0.319 0.707
 outer loop
  vertex 3.634 -1.672 6.8
  vertex 3.552 -1.634 6.71
  vertex 3.418 -1.889 6.706
 endloop
endfacet
facet normal -0.647 0.348 0.678
 outer loop
  vertex 3.634 -1.672 6.8
  vertex 3.418 -1.889 6.706
  vertex 3.401 -2.106 6.8
 endloop
endfacet
facet normal -0.61 0.357 0.707
 outer loop
  vertex 3.401 -2.106 6.8
  vertex 3.418 -1.889 6.706
  vertex 3.318 -2.054 6.702
 endloop
endfacet
facet normal -0.587 0.395 0.707
 outer loop
  vertex 3.401 -2.106 6.8
  vertex 3.318 -2.054 6.702
  vertex 3.147 -2.298 6.696
 endloop
endfacet
facet normal -0.597 0.423 0.681
 outer loop
  vertex 3.401 -2.106 6.8
  vertex 3.147 -2.298 6.696
  vertex 3.116 -2.508 6.8
 endloop
endfacet
facet normal -0.561 0.43 0.707
 outer loop
  vertex 3.116 -2.508 6.8
  vertex 3.147 -2.298 6.696
  vertex 3.033 -2.44 6.693
 endloop
endfacet
facet normal -0.533 0.465 0.707
 outer loop
  vertex 3.116 -2.508 6.8
  vertex 3.033 -2.44 6.693
  vertex 2.826 -2.667 6.686
 endloop
endfacet
facet normal -0.539 0.491 0.684
 outer loop
  vertex 3.116 -2.508 6.8
  vertex 2.826 -2.667 6.686
  vertex 2.785 -2.872 6.8
 endloop
endfacet
facet normal -0.503 0.497 0.707
 outer loop
  vertex 2.785 -2.872 6.8
  vertex 2.826 -2.667 6.686
  vertex 2.702 -2.787 6.682
 endloop
endfacet
facet normal -0.483 0.516 0.707
 outer loop
  vertex 2.785 -2.872 6.8
  vertex 2.702 -2.787 6.682
  vertex 2.602 -2.875 6.678
 endloop
endfacet
facet normal -0.472 0.549 0.69
 outer loop
  vertex 2.602 -2.875 6.678
  vertex 2.462 -2.99 6.674
  vertex 2.785 -2.872 6.8
 endloop
endfacet
facet normal -0.473 0.552 0.687
 outer loop
  vertex 2.785 -2.872 6.8
  vertex 2.462 -2.99 6.674
  vertex 2.411 -3.192 6.8
 endloop
endfacet
facet normal -0.438 0.555 0.707
 outer loop
  vertex 2.462 -2.99 6.674
  vertex 2.332 -3.088 6.669
  vertex 2.411 -3.192 6.8
 endloop
endfacet
facet normal -0.402 0.582 0.707
 outer loop
  vertex 2.411 -3.192 6.8
  vertex 2.332 -3.088 6.669
  vertex 2.062 -3.263 6.661
 endloop
endfacet
facet normal -0.4 0.604 0.69
 outer loop
  vertex 2.411 -3.192 6.8
  vertex 2.062 -3.263 6.661
  vertex 2 -3.464 6.8
 endloop
endfacet
facet normal -0.366 0.605 0.707
 outer loop
  vertex 2 -3.464 6.8
  vertex 2.062 -3.263 6.661
  vertex 1.928 -3.339 6.656
 endloop
endfacet
facet normal -0.327 0.627 0.707
 outer loop
  vertex 2 -3.464 6.8
  vertex 1.928 -3.339 6.656
  vertex 1.633 -3.482 6.646
 endloop
endfacet
facet normal -0.322 0.647 0.692
 outer loop
  vertex 2 -3.464 6.8
  vertex 1.633 -3.482 6.646
  vertex 1.559 -3.684 6.8
 endloop
endfacet
facet normal -0.288 0.646 0.707
 outer loop
  vertex 1.559 -3.684 6.8
  vertex 1.633 -3.482 6.646
  vertex 1.498 -3.538 6.642
 endloop
endfacet
facet normal -0.247 0.663 0.707
 outer loop
  vertex 1.559 -3.684 6.8
  vertex 1.498 -3.538 6.642
  vertex 1.183 -3.644 6.632
 endloop
endfacet
facet normal -0.239 0.68 0.693
 outer loop
  vertex 1.559 -3.684 6.8
  vertex 1.183 -3.644 6.632
  vertex 1.095 -3.847 6.8
 endloop
endfacet
facet normal -0.206 0.676 0.707
 outer loop
  vertex 1.095 -3.847 6.8
  vertex 1.183 -3.644 6.632
  vertex 1.047 -3.681 6.627
 endloop
endfacet
facet normal -0.164 0.688 0.707
 outer loop
  vertex 1.095 -3.847 6.8
  vertex 1.047 -3.681 6.627
  vertex 0.719 -3.748 6.617
 endloop
endfacet
facet normal -0.154 0.703 0.695
 outer loop
  vertex 1.095 -3.847 6.8
  vertex 0.719 -3.748 6.617
  vertex 0.614 -3.953 6.8
 endloop
endfacet
facet normal -0.121 0.697 0.707
 outer loop
  vertex 0.614 -3.953 6.8
  vertex 0.719 -3.748 6.617
  vertex 0.585 -3.767 6.612
 endloop
endfacet
facet normal -0.077 0.703 0.707
 outer loop
  vertex 0.614 -3.953 6.8
  vertex 0.585 -3.767 6.612
  vertex 0.25 -3.794 6.602
 endloop
endfacet
facet normal -0.066 0.715 0.696
 outer loop
  vertex 0.614 -3.953 6.8
  vertex 0.25 -3.794 6.602
  vertex 0.123 -3.998 6.8
 endloop
endfacet
facet normal -0.034 0.706 0.707
 outer loop
  vertex 0.123 -3.998 6.8
  vertex 0.25 -3.794 6.602
  vertex 0.117 -3.796 6.598
 endloop
endfacet
facet normal 0.01 0.707 0.707
 outer loop
  vertex 0.123 -3.998 6.8
  vertex 0.117 -3.796 6.598
  vertex -0.219 -3.781 6.587
 endloop
endfacet
facet normal 0.022 0.717 0.697
 outer loop
  vertex 0.123 -3.998 6.8
  vertex -0.219 -3.781 6.587
  vertex -0.369 -3.983 6.8
 endloop
endfacet
facet normal 0.053 0.705 0.707
 outer loop
  vertex -0.369 -3.983 6.8
  vertex -0.219 -3.781 6.587
  vertex -0.349 -3.767 6.583
 endloop
endfacet
facet normal 0.096 0.701 0.707
 outer loop
  vertex -0.369 -3.983 6.8
  vertex -0.349 -3.767 6.583
  vertex -0.679 -3.711 6.572
 endloop
endfacet
facet normal 0.11 0.708 0.697
 outer loop
  vertex -0.369 -3.983 6.8
  vertex -0.679 -3.711 6.572
  vertex -0.856 -3.907 6.8
 endloop
endfacet
facet normal 0.139 0.693 0.707
 outer loop
  vertex -0.856 -3.907 6.8
  vertex -0.679 -3.711 6.572
  vertex -0.806 -3.681 6.568
 endloop
endfacet
facet normal 0.182 0.684 0.707
 outer loop
  vertex -0.856 -3.907 6.8
  vertex -0.806 -3.681 6.568
  vertex -1.124 -3.586 6.559
 endloop
endfacet
facet normal 0.196 0.689 0.698
 outer loop
  vertex -0.856 -3.907 6.8
  vertex -1.124 -3.586 6.559
  vertex -1.329 -3.773 6.8
 endloop
endfacet
facet normal 0.223 0.671 0.707
 outer loop
  vertex -1.329 -3.773 6.8
  vertex -1.124 -3.586 6.559
  vertex -1.248 -3.541 6.555
 endloop
endfacet
facet normal 0.264 0.656 0.707
 outer loop
  vertex -1.329 -3.773 6.8
  vertex -1.248 -3.541 6.555
  vertex -1.548 -3.411 6.545
 endloop
endfacet
facet normal 0.279 0.659 0.698
 outer loop
  vertex -1.329 -3.773 6.8
  vertex -1.548 -3.411 6.545
  vertex -1.783 -3.581 6.8
 endloop
endfacet
facet normal 0.304 0.638 0.707
 outer loop
  vertex -1.783 -3.581 6.8
  vertex -1.548 -3.411 6.545
  vertex -1.668 -3.349 6.542
 endloop
endfacet
facet normal 0.342 0.619 0.707
 outer loop
  vertex -1.783 -3.581 6.8
  vertex -1.668 -3.349 6.542
  vertex -1.944 -3.187 6.533
 endloop
endfacet
facet normal 0.358 0.62 0.698
 outer loop
  vertex -1.783 -3.581 6.8
  vertex -1.944 -3.187 6.533
  vertex -2.209 -3.334 6.8
 endloop
endfacet
facet normal 0.379 0.597 0.707
 outer loop
  vertex -2.209 -3.334 6.8
  vertex -1.944 -3.187 6.533
  vertex -2.06 -3.109 6.53
 endloop
endfacet
facet normal 0.415 0.573 0.707
 outer loop
  vertex -2.209 -3.334 6.8
  vertex -2.06 -3.109 6.53
  vertex -2.309 -2.919 6.522
 endloop
endfacet
facet normal 0.431 0.571 0.699
 outer loop
  vertex -2.209 -3.334 6.8
  vertex -2.309 -2.919 6.522
  vertex -2.602 -3.038 6.8
 endloop
endfacet
facet normal 0.449 0.546 0.707
 outer loop
  vertex -2.602 -3.038 6.8
  vertex -2.309 -2.919 6.522
  vertex -2.419 -2.824 6.519
 endloop
endfacet
facet normal 0.482 0.518 0.707
 outer loop
  vertex -2.602 -3.038 6.8
  vertex -2.419 -2.824 6.519
  vertex -2.638 -2.612 6.512
 endloop
endfacet
facet normal 0.498 0.514 0.699
 outer loop
  vertex -2.602 -3.038 6.8
  vertex -2.638 -2.612 6.512
  vertex -2.956 -2.695 6.8
 endloop
endfacet
facet normal 0.513 0.487 0.707
 outer loop
  vertex -2.956 -2.695 6.8
  vertex -2.638 -2.612 6.512
  vertex -2.741 -2.499 6.509
 endloop
endfacet
facet normal 0.541 0.455 0.707
 outer loop
  vertex -2.956 -2.695 6.8
  vertex -2.741 -2.499 6.509
  vertex -2.926 -2.27 6.504
 endloop
endfacet
facet normal 0.557 0.449 0.699
 outer loop
  vertex -2.956 -2.695 6.8
  vertex -2.926 -2.27 6.504
  vertex -3.265 -2.311 6.8
 endloop
endfacet
facet normal 0.568 0.421 0.707
 outer loop
  vertex -3.265 -2.311 6.8
  vertex -2.926 -2.27 6.504
  vertex -3.021 -2.138 6.501
 endloop
endfacet
facet normal 0.593 0.386 0.707
 outer loop
  vertex -3.265 -2.311 6.8
  vertex -3.021 -2.138 6.501
  vertex -3.172 -1.898 6.496
 endloop
endfacet
facet normal 0.608 0.377 0.699
 outer loop
  vertex -3.265 -2.311 6.8
  vertex -3.172 -1.898 6.496
  vertex -3.524 -1.892 6.8
 endloop
endfacet
facet normal 0.615 0.349 0.707
 outer loop
  vertex -3.524 -1.892 6.8
  vertex -3.172 -1.898 6.496
  vertex -3.254 -1.747 6.494
 endloop
endfacet
facet normal 0.635 0.312 0.707
 outer loop
  vertex -3.524 -1.892 6.8
  vertex -3.254 -1.747 6.494
  vertex -3.371 -1.502 6.49
 endloop
endfacet
facet normal 0.65 0.299 0.699
 outer loop
  vertex -3.524 -1.892 6.8
  vertex -3.371 -1.502 6.49
  vertex -3.73 -1.445 6.8
 endloop
endfacet
facet normal 0.653 0.272 0.707
 outer loop
  vertex -3.73 -1.445 6.8
  vertex -3.371 -1.502 6.49
  vertex -3.439 -1.332 6.488
 endloop
endfacet
facet normal 0.668 0.232 0.707
 outer loop
  vertex -3.73 -1.445 6.8
  vertex -3.439 -1.332 6.488
  vertex -3.522 -1.087 6.486
 endloop
endfacet
facet normal 0.682 0.217 0.699
 outer loop
  vertex -3.73 -1.445 6.8
  vertex -3.522 -1.087 6.486
  vertex -3.879 -0.976 6.8
 endloop
endfacet
facet normal 0.681 0.191 0.707
 outer loop
  vertex -3.879 -0.976 6.8
  vertex -3.522 -1.087 6.486
  vertex -3.573 -0.899 6.484
 endloop
endfacet
facet normal 0.691 0.15 0.707
 outer loop
  vertex -3.879 -0.976 6.8
  vertex -3.573 -0.899 6.484
  vertex -3.624 -0.658 6.483
 endloop
endfacet
facet normal 0.703 0.131 0.699
 outer loop
  vertex -3.879 -0.976 6.8
  vertex -3.624 -0.658 6.483
  vertex -3.97 -0.492 6.8
 endloop
endfacet
facet normal 0.699 0.106 0.707
 outer loop
  vertex -3.97 -0.492 6.8
  vertex -3.624 -0.658 6.483
  vertex -3.654 -0.452 6.482
 endloop
endfacet
facet normal 0.704 0.065 0.707
 outer loop
  vertex -3.97 -0.492 6.8
  vertex -3.654 -0.452 6.482
  vertex -3.675 -0.22 6.481
 endloop
endfacet
facet normal 0.714 0.044 0.699
 outer loop
  vertex -3.97 -0.492 6.8
  vertex -3.675 -0.22 6.481
  vertex -4 -0 6.8
 endloop
endfacet
facet normal 0.707 0.021 0.707
 outer loop
  vertex -4 -0 6.8
  vertex -3.675 -0.22 6.481
  vertex -3.681 0 6.481
 endloop
endfacet
facet normal 0.707 -0.021 0.707
 outer loop
  vertex -4 -0 6.8
  vertex -3.681 0 6.481
  vertex -3.675 0.22 6.481
 endloop
endfacet
facet normal 0.714 -0.044 0.699
 outer loop
  vertex -4 -0 6.8
  vertex -3.675 0.22 6.481
  vertex -3.97 0.492 6.8
 endloop
endfacet
facet normal 0.704 -0.065 0.707
 outer loop
  vertex -3.97 0.492 6.8
  vertex -3.675 0.22 6.481
  vertex -3.654 0.452 6.482
 endloop
endfacet
facet normal 0.699 -0.106 0.707
 outer loop
  vertex -3.97 0.492 6.8
  vertex -3.654 0.452 6.482
  vertex -3.624 0.658 6.483
 endloop
endfacet
facet normal 0.703 -0.131 0.699
 outer loop
  vertex -3.97 0.492 6.8
  vertex -3.624 0.658 6.483
  vertex -3.879 0.976 6.8
 endloop
endfacet
facet normal 0.691 -0.15 0.707
 outer loop
  vertex -3.879 0.976 6.8
  vertex -3.624 0.658 6.483
  vertex -3.573 0.899 6.484
 endloop
endfacet
facet normal 0.681 -0.191 0.707
 outer loop
  vertex -3.879 0.976 6.8
  vertex -3.573 0.899 6.484
  vertex -3.522 1.087 6.486
 endloop
endfacet
facet normal 0.682 -0.217 0.699
 outer loop
  vertex -3.879 0.976 6.8
  vertex -3.522 1.087 6.486
  vertex -3.73 1.445 6.8
 endloop
endfacet
facet normal 0.668 -0.232 0.707
 outer loop
  vertex -3.73 1.445 6.8
  vertex -3.522 1.087 6.486
  vertex -3.439 1.332 6.488
 endloop
endfacet
facet normal 0.653 -0.272 0.707
 outer loop
  vertex -3.73 1.445 6.8
  vertex -3.439 1.332 6.488
  vertex -3.371 1.502 6.49
 endloop
endfacet
facet normal 0.65 -0.299 0.699
 outer loop
  vertex -3.73 1.445 6.8
  vertex -3.371 1.502 6.49
  vertex -3.524 1.892 6.8
 endloop
endfacet
facet normal 0.635 -0.312 0.707
 outer loop
  vertex -3.524 1.892 6.8
  vertex -3.371 1.502 6.49
  vertex -3.254 1.747 6.494
 endloop
endfacet
facet normal 0.615 -0.349 0.707
 outer loop
  vertex -3.524 1.892 6.8
  vertex -3.254 1.747 6.494
  vertex -3.172 1.898 6.496
 endloop
endfacet
facet normal 0.608 -0.377 0.699
 outer loop
  vertex -3.524 1.892 6.8
  vertex -3.172 1.898 6.496
  vertex -3.265 2.311 6.8
 endloop
endfacet
facet normal 0.593 -0.386 0.707
 outer loop
  vertex -3.265 2.311 6.8
  vertex -3.172 1.898 6.496
  vertex -3.021 2.138 6.501
 endloop
endfacet
facet normal 0.568 -0.421 0.707
 outer loop
  vertex -3.265 2.311 6.8
  vertex -3.021 2.138 6.501
  vertex -2.926 2.27 6.504
 endloop
endfacet
facet normal 0.557 -0.449 0.699
 outer loop
  vertex -3.265 2.311 6.8
  vertex -2.926 2.27 6.504
  vertex -2.956 2.695 6.8
 endloop
endfacet
facet normal 0.541 -0.455 0.707
 outer loop
  vertex -2.956 2.695 6.8
  vertex -2.926 2.27 6.504
  vertex -2.741 2.499 6.509
 endloop
endfacet
facet normal 0.513 -0.487 0.707
 outer loop
  vertex -2.956 2.695 6.8
  vertex -2.741 2.499 6.509
  vertex -2.638 2.612 6.512
 endloop
endfacet
facet normal 0.498 -0.514 0.699
 outer loop
  vertex -2.956 2.695 6.8
  vertex -2.638 2.612 6.512
  vertex -2.602 3.038 6.8
 endloop
endfacet
facet normal 0.482 -0.518 0.707
 outer loop
  vertex -2.602 3.038 6.8
  vertex -2.638 2.612 6.512
  vertex -2.419 2.824 6.519
 endloop
endfacet
facet normal 0.449 -0.546 0.707
 outer loop
  vertex -2.602 3.038 6.8
  vertex -2.419 2.824 6.519
  vertex -2.309 2.919 6.522
 endloop
endfacet
facet normal 0.431 -0.571 0.699
 outer loop
  vertex -2.602 3.038 6.8
  vertex -2.309 2.919 6.522
  vertex -2.209 3.334 6.8
 endloop
endfacet
facet normal 0.415 -0.573 0.707
 outer loop
  vertex -2.209 3.334 6.8
  vertex -2.309 2.919 6.522
  vertex -2.06 3.109 6.53
 endloop
endfacet
facet normal 0.379 -0.597 0.707
 outer loop
  vertex -2.209 3.334 6.8
  vertex -2.06 3.109 6.53
  vertex -1.944 3.187 6.533
 endloop
endfacet
facet normal 0.358 -0.62 0.698
 outer loop
  vertex -2.209 3.334 6.8
  vertex -1.944 3.187 6.533
  vertex -1.783 3.581 6.8
 endloop
endfacet
facet normal 0.342 -0.619 0.707
 outer loop
  vertex -1.783 3.581 6.8
  vertex -1.944 3.187 6.533
  vertex -1.668 3.349 6.542
 endloop
endfacet
facet normal 0.304 -0.638 0.707
 outer loop
  vertex -1.783 3.581 6.8
  vertex -1.668 3.349 6.542
  vertex -1.548 3.411 6.545
 endloop
endfacet
facet normal 0.279 -0.659 0.698
 outer loop
  vertex -1.783 3.581 6.8
  vertex -1.548 3.411 6.545
  vertex -1.329 3.773 6.8
 endloop
endfacet
facet normal 0.264 -0.656 0.707
 outer loop
  vertex -1.329 3.773 6.8
  vertex -1.548 3.411 6.545
  vertex -1.248 3.541 6.555
 endloop
endfacet
facet normal 0.223 -0.671 0.707
 outer loop
  vertex -1.329 3.773 6.8
  vertex -1.248 3.541 6.555
  vertex -1.124 3.586 6.559
 endloop
endfacet
facet normal 0.196 -0.689 0.698
 outer loop
  vertex -1.329 3.773 6.8
  vertex -1.124 3.586 6.559
  vertex -0.856 3.907 6.8
 endloop
endfacet
facet normal 0.182 -0.684 0.707
 outer loop
  vertex -0.856 3.907 6.8
  vertex -1.124 3.586 6.559
  vertex -0.806 3.681 6.568
 endloop
endfacet
facet normal 0.139 -0.693 0.707
 outer loop
  vertex -0.856 3.907 6.8
  vertex -0.806 3.681 6.568
  vertex -0.679 3.711 6.572
 endloop
endfacet
facet normal 0.11 -0.708 0.697
 outer loop
  vertex -0.856 3.907 6.8
  vertex -0.679 3.711 6.572
  vertex -0.369 3.983 6.8
 endloop
endfacet
facet normal 0.096 -0.701 0.707
 outer loop
  vertex -0.369 3.983 6.8
  vertex -0.679 3.711 6.572
  vertex -0.349 3.767 6.583
 endloop
endfacet
facet normal 0.053 -0.705 0.707
 outer loop
  vertex -0.369 3.983 6.8
  vertex -0.349 3.767 6.583
  vertex -0.219 3.781 6.587
 endloop
endfacet
facet normal 0.022 -0.717 0.697
 outer loop
  vertex -0.369 3.983 6.8
  vertex -0.219 3.781 6.587
  vertex 0.123 3.998 6.8
 endloop
endfacet
facet normal 0.01 -0.707 0.707
 outer loop
  vertex 0.123 3.998 6.8
  vertex -0.219 3.781 6.587
  vertex 0.117 3.796 6.598
 endloop
endfacet
facet normal -0.034 -0.706 0.707
 outer loop
  vertex 0.123 3.998 6.8
  vertex 0.117 3.796 6.598
  vertex 0.25 3.794 6.602
 endloop
endfacet
facet normal -0.066 -0.715 0.696
 outer loop
  vertex 0.123 3.998 6.8
  vertex 0.25 3.794 6.602
  vertex 0.614 3.953 6.8
 endloop
endfacet
facet normal -0.077 -0.703 0.707
 outer loop
  vertex 0.614 3.953 6.8
  vertex 0.25 3.794 6.602
  vertex 0.585 3.767 6.612
 endloop
endfacet
facet normal -0.121 -0.697 0.707
 outer loop
  vertex 0.614 3.953 6.8
  vertex 0.585 3.767 6.612
  vertex 0.719 3.748 6.617
 endloop
endfacet
facet normal -0.154 -0.703 0.695
 outer loop
  vertex 0.614 3.953 6.8
  vertex 0.719 3.748 6.617
  vertex 1.095 3.847 6.8
 endloop
endfacet
facet normal -0.164 -0.688 0.707
 outer loop
  vertex 1.095 3.847 6.8
  vertex 0.719 3.748 6.617
  vertex 1.047 3.681 6.627
 endloop
endfacet
facet normal -0.206 -0.676 0.707
 outer loop
  vertex 1.095 3.847 6.8
  vertex 1.047 3.681 6.627
  vertex 1.183 3.644 6.632
 endloop
endfacet
facet normal -0.239 -0.68 0.693
 outer loop
  vertex 1.095 3.847 6.8
  vertex 1.183 3.644 6.632
  vertex 1.559 3.684 6.8
 endloop
endfacet
facet normal -0.247 -0.663 0.707
 outer loop
  vertex 1.559 3.684 6.8
  vertex 1.183 3.644 6.632
  vertex 1.498 3.538 6.642
 endloop
endfacet
facet normal -0.288 -0.646 0.707
 outer loop
  vertex 1.559 3.684 6.8
  vertex 1.498 3.538 6.642
  vertex 1.633 3.482 6.646
 endloop
endfacet
facet normal -0.322 -0.647 0.692
 outer loop
  vertex 1.559 3.684 6.8
  vertex 1.633 3.482 6.646
  vertex 2 3.464 6.8
 endloop
endfacet
facet normal -0.327 -0.627 0.707
 outer loop
  vertex 2 3.464 6.8
  vertex 1.633 3.482 6.646
  vertex 1.928 3.339 6.656
 endloop
endfacet
facet normal -0.366 -0.605 0.707
 outer loop
  vertex 2 3.464 6.8
  vertex 1.928 3.339 6.656
  vertex 2.062 3.263 6.661
 endloop
endfacet
facet normal -0.4 -0.604 0.69
 outer loop
  vertex 2 3.464 6.8
  vertex 2.062 3.263 6.661
  vertex 2.411 3.192 6.8
 endloop
endfacet
facet normal -0.402 -0.582 0.707
 outer loop
  vertex 2.411 3.192 6.8
  vertex 2.062 3.263 6.661
  vertex 2.332 3.088 6.669
 endloop
endfacet
facet normal -0.438 -0.555 0.707
 outer loop
  vertex 2.411 3.192 6.8
  vertex 2.332 3.088 6.669
  vertex 2.462 2.99 6.674
 endloop
endfacet
facet normal -0.473 -0.552 0.687
 outer loop
  vertex 2.411 3.192 6.8
  vertex 2.462 2.99 6.674
  vertex 2.785 2.872 6.8
 endloop
endfacet
facet normal -0.471 -0.527 0.707
 outer loop
  vertex 2.785 2.872 6.8
  vertex 2.462 2.99 6.674
  vertex 2.702 2.787 6.682
 endloop
endfacet
facet normal -0.503 -0.497 0.707
 outer loop
  vertex 2.785 2.872 6.8
  vertex 2.702 2.787 6.682
  vertex 2.826 2.667 6.686
 endloop
endfacet
facet normal -0.539 -0.491 0.684
 outer loop
  vertex 2.785 2.872 6.8
  vertex 2.826 2.667 6.686
  vertex 3.116 2.508 6.8
 endloop
endfacet
facet normal -0.533 -0.465 0.707
 outer loop
  vertex 3.116 2.508 6.8
  vertex 2.826 2.667 6.686
  vertex 3.033 2.44 6.693
 endloop
endfacet
facet normal -0.561 -0.43 0.707
 outer loop
  vertex 3.116 2.508 6.8
  vertex 3.033 2.44 6.693
  vertex 3.147 2.298 6.696
 endloop
endfacet
facet normal -0.597 -0.423 0.681
 outer loop
  vertex 3.116 2.508 6.8
  vertex 3.147 2.298 6.696
  vertex 3.401 2.106 6.8
 endloop
endfacet
facet normal -0.587 -0.395 0.707
 outer loop
  vertex 3.401 2.106 6.8
  vertex 3.147 2.298 6.696
  vertex 3.318 2.054 6.702
 endloop
endfacet
facet normal -0.61 -0.357 0.707
 outer loop
  vertex 3.401 2.106 6.8
  vertex 3.318 2.054 6.702
  vertex 3.418 1.889 6.706
 endloop
endfacet
facet normal -0.647 -0.348 0.678
 outer loop
  vertex 3.401 2.106 6.8
  vertex 3.418 1.889 6.706
  vertex 3.634 1.672 6.8
 endloop
endfacet
facet normal -0.631 -0.319 0.707
 outer loop
  vertex 3.634 1.672 6.8
  vertex 3.418 1.889 6.706
  vertex 3.552 1.634 6.71
 endloop
endfacet
facet normal -0.65 -0.279 0.707
 outer loop
  vertex 3.634 1.672 6.8
  vertex 3.552 1.634 6.71
  vertex 3.636 1.447 6.713
 endloop
endfacet
facet normal -0.688 -0.267 0.675
 outer loop
  vertex 3.634 1.672 6.8
  vertex 3.636 1.447 6.713
  vertex 3.812 1.213 6.8
 endloop
endfacet
facet normal -0.666 -0.238 0.707
 outer loop
  vertex 3.812 1.213 6.8
  vertex 3.636 1.447 6.713
  vertex 3.732 1.187 6.716
 endloop
endfacet
facet normal -0.679 -0.196 0.707
 outer loop
  vertex 3.812 1.213 6.8
  vertex 3.732 1.187 6.716
  vertex 3.794 0.979 6.718
 endloop
endfacet
facet normal -0.718 -0.181 0.673
 outer loop
  vertex 3.812 1.213 6.8
  vertex 3.794 0.979 6.718
  vertex 3.932 0.735 6.8
 endloop
endfacet
facet normal -0.71 -0.173 0.682
 outer loop
  vertex 3.932 0.735 6.8
  vertex 3.794 0.979 6.718
  vertex 3.821 0.87 6.719
 endloop
endfacet
facet normal -0.692 -0.143 0.707
 outer loop
  vertex 3.932 0.735 6.8
  vertex 3.821 0.87 6.719
  vertex 3.852 0.72 6.718
 endloop
endfacet
facet normal -0.699 -0.109 0.707
 outer loop
  vertex 3.852 0.72 6.718
  vertex 3.887 0.493 6.718
  vertex 3.932 0.735 6.8
 endloop
endfacet
facet normal -0.734 -0.091 0.672
 outer loop
  vertex 3.932 0.735 6.8
  vertex 3.887 0.493 6.718
  vertex 3.992 0.246 6.8
 endloop
endfacet
facet normal -0.704 -0.066 0.707
 outer loop
  vertex 3.887 0.493 6.718
  vertex 3.91 0.241 6.717
  vertex 3.992 0.246 6.8
 endloop
endfacet
facet normal -0.707 -0.022 0.707
 outer loop
  vertex 3.992 0.246 6.8
  vertex 3.91 0.241 6.717
  vertex 4 0 6.8
 endloop
endfacet
facet normal -0.707 -0.022 0.707
 outer loop
  vertex 3.91 0.241 6.717
  vertex 3.917 0 6.717
  vertex 4 0 6.8
 endloop
endfacet
facet normal -0.707 0.022 0.707
 outer loop
  vertex 4 0 6.8
  vertex 3.917 0 6.717
  vertex 3.992 -0.246 6.8
 endloop
endfacet
facet normal -0.707 0.022 0.707
 outer loop
  vertex 3.917 0 6.717
  vertex 3.91 -0.241 6.717
  vertex 3.992 -0.246 6.8
 endloop
endfacet
facet normal -0.704 0.066 0.707
 outer loop
  vertex 3.992 -0.246 6.8
  vertex 3.91 -0.241 6.717
  vertex 3.887 -0.493 6.718
 endloop
endfacet
facet normal -0.734 0.091 0.672
 outer loop
  vertex 3.992 -0.246 6.8
  vertex 3.887 -0.493 6.718
  vertex 3.932 -0.735 6.8
 endloop
endfacet
facet normal -0.699 0.109 0.707
 outer loop
  vertex 3.932 -0.735 6.8
  vertex 3.887 -0.493 6.718
  vertex 3.852 -0.72 6.718
 endloop
endfacet
facet normal -0.894 -0.441 -0.078
 outer loop
  vertex 3.567 1.64 6.697
  vertex 3.44 1.9 6.686
  vertex 3.458 1.9 6.487
 endloop
endfacet
facet normal -0.866 -0.494 -0.076
 outer loop
  vertex 3.458 1.9 6.487
  vertex 3.44 1.9 6.686
  vertex 3.344 2.069 6.677
 endloop
endfacet
facet normal -0.85 -0.526 -0.038
 outer loop
  vertex 3.458 1.9 6.487
  vertex 3.344 2.069 6.677
  vertex 3.199 2.32 6.464
 endloop
endfacet
facet normal -0.834 -0.547 -0.073
 outer loop
  vertex 3.199 2.32 6.464
  vertex 3.344 2.069 6.677
  vertex 3.181 2.32 6.663
 endloop
endfacet
facet normal -0.776 -0.627 -0.068
 outer loop
  vertex 3.199 2.32 6.464
  vertex 3.181 2.32 6.663
  vertex 2.89 2.705 6.437
 endloop
endfacet
facet normal -0.776 -0.627 -0.068
 outer loop
  vertex 2.89 2.705 6.437
  vertex 3.181 2.32 6.663
  vertex 2.872 2.705 6.636
 endloop
endfacet
facet normal -0.693 -0.718 -0.061
 outer loop
  vertex 2.89 2.705 6.437
  vertex 2.872 2.705 6.636
  vertex 2.536 3.049 6.406
 endloop
endfacet
facet normal -0.693 -0.718 -0.061
 outer loop
  vertex 2.536 3.049 6.406
  vertex 2.872 2.705 6.636
  vertex 2.519 3.049 6.605
 endloop
endfacet
facet normal -0.6 -0.798 -0.053
 outer loop
  vertex 2.536 3.049 6.406
  vertex 2.519 3.049 6.605
  vertex 2.143 3.347 6.372
 endloop
endfacet
facet normal -0.6 -0.798 -0.053
 outer loop
  vertex 2.143 3.347 6.372
  vertex 2.519 3.049 6.605
  vertex 2.126 3.347 6.571
 endloop
endfacet
facet normal -0.498 -0.866 -0.044
 outer loop
  vertex 2.143 3.347 6.372
  vertex 2.126 3.347 6.571
  vertex 1.717 3.594 6.334
 endloop
endfacet
facet normal -0.498 -0.866 -0.044
 outer loop
  vertex 1.717 3.594 6.334
  vertex 2.126 3.347 6.571
  vertex 1.699 3.594 6.533
 endloop
endfacet
facet normal -0.388 -0.921 -0.034
 outer loop
  vertex 1.717 3.594 6.334
  vertex 1.699 3.594 6.533
  vertex 1.263 3.787 6.295
 endloop
endfacet
facet normal -0.388 -0.921 -0.034
 outer loop
  vertex 1.263 3.787 6.295
  vertex 1.699 3.594 6.533
  vertex 1.246 3.787 6.494
 endloop
endfacet
facet normal -0.273 -0.962 -0.024
 outer loop
  vertex 1.263 3.787 6.295
  vertex 1.246 3.787 6.494
  vertex 0.789 3.922 6.253
 endloop
endfacet
facet normal -0.273 -0.962 -0.024
 outer loop
  vertex 0.789 3.922 6.253
  vertex 1.246 3.787 6.494
  vertex 0.772 3.922 6.452
 endloop
endfacet
facet normal -0.153 -0.988 -0.013
 outer loop
  vertex 0.789 3.922 6.253
  vertex 0.772 3.922 6.452
  vertex 0.303 3.998 6.21
 endloop
endfacet
facet normal -0.153 -0.988 -0.013
 outer loop
  vertex 0.303 3.998 6.21
  vertex 0.772 3.922 6.452
  vertex 0.285 3.998 6.41
 endloop
endfacet
facet normal -0.031 -1 -0.003
 outer loop
  vertex 0.303 3.998 6.21
  vertex 0.285 3.998 6.41
  vertex -0.189 4.013 6.167
 endloop
endfacet
facet normal -0.031 -1 -0.003
 outer loop
  vertex -0.189 4.013 6.167
  vertex 0.285 3.998 6.41
  vertex -0.207 4.013 6.367
 endloop
endfacet
facet normal 0.092 -0.996 0.008
 outer loop
  vertex -0.189 4.013 6.167
  vertex -0.207 4.013 6.367
  vertex -0.68 3.968 6.125
 endloop
endfacet
facet normal 0.092 -0.996 0.008
 outer loop
  vertex -0.68 3.968 6.125
  vertex -0.207 4.013 6.367
  vertex -0.697 3.968 6.324
 endloop
endfacet
facet normal 0.213 -0.977 0.019
 outer loop
  vertex -0.68 3.968 6.125
  vertex -0.697 3.968 6.324
  vertex -1.161 3.862 6.082
 endloop
endfacet
facet normal 0.213 -0.977 0.019
 outer loop
  vertex -1.161 3.862 6.082
  vertex -0.697 3.968 6.324
  vertex -1.178 3.862 6.282
 endloop
endfacet
facet normal 0.331 -0.943 0.029
 outer loop
  vertex -1.161 3.862 6.082
  vertex -1.178 3.862 6.282
  vertex -1.625 3.698 6.042
 endloop
endfacet
facet normal 0.331 -0.943 0.029
 outer loop
  vertex -1.625 3.698 6.042
  vertex -1.178 3.862 6.282
  vertex -1.643 3.698 6.241
 endloop
endfacet
facet normal 0.444 -0.895 0.039
 outer loop
  vertex -1.625 3.698 6.042
  vertex -1.643 3.698 6.241
  vertex -2.066 3.477 6.003
 endloop
endfacet
facet normal 0.444 -0.895 0.039
 outer loop
  vertex -2.066 3.477 6.003
  vertex -1.643 3.698 6.241
  vertex -2.084 3.477 6.202
 endloop
endfacet
facet normal 0.55 -0.834 0.048
 outer loop
  vertex -2.066 3.477 6.003
  vertex -2.084 3.477 6.202
  vertex -2.477 3.204 5.967
 endloop
endfacet
facet normal 0.55 -0.834 0.048
 outer loop
  vertex -2.477 3.204 5.967
  vertex -2.084 3.477 6.202
  vertex -2.494 3.204 6.167
 endloop
endfacet
facet normal 0.648 -0.759 0.057
 outer loop
  vertex -2.477 3.204 5.967
  vertex -2.494 3.204 6.167
  vertex -2.851 2.883 5.935
 endloop
endfacet
facet normal 0.648 -0.759 0.057
 outer loop
  vertex -2.851 2.883 5.935
  vertex -2.494 3.204 6.167
  vertex -2.868 2.883 6.134
 endloop
endfacet
facet normal 0.736 -0.674 0.064
 outer loop
  vertex -2.851 2.883 5.935
  vertex -2.868 2.883 6.134
  vertex -3.183 2.517 5.906
 endloop
endfacet
facet normal 0.736 -0.674 0.064
 outer loop
  vertex -3.183 2.517 5.906
  vertex -2.868 2.883 6.134
  vertex -3.2 2.517 6.105
 endloop
endfacet
facet normal 0.813 -0.578 0.071
 outer loop
  vertex -3.183 2.517 5.906
  vertex -3.2 2.517 6.105
  vertex -3.467 2.114 5.881
 endloop
endfacet
facet normal 0.813 -0.578 0.071
 outer loop
  vertex -3.467 2.114 5.881
  vertex -3.2 2.517 6.105
  vertex -3.485 2.114 6.08
 endloop
endfacet
facet normal 0.878 -0.473 0.077
 outer loop
  vertex -3.467 2.114 5.881
  vertex -3.485 2.114 6.08
  vertex -3.7 1.678 5.86
 endloop
endfacet
facet normal 0.878 -0.473 0.077
 outer loop
  vertex -3.7 1.678 5.86
  vertex -3.485 2.114 6.08
  vertex -3.718 1.678 6.06
 endloop
endfacet
facet normal 0.929 -0.361 0.081
 outer loop
  vertex -3.7 1.678 5.86
  vertex -3.718 1.678 6.06
  vertex -3.878 1.217 5.845
 endloop
endfacet
facet normal 0.929 -0.361 0.081
 outer loop
  vertex -3.878 1.217 5.845
  vertex -3.718 1.678 6.06
  vertex -3.895 1.217 6.044
 endloop
endfacet
facet normal 0.966 -0.244 0.085
 outer loop
  vertex -3.878 1.217 5.845
  vertex -3.895 1.217 6.044
  vertex -3.998 0.738 5.834
 endloop
endfacet
facet normal 0.966 -0.244 0.085
 outer loop
  vertex -3.998 0.738 5.834
  vertex -3.895 1.217 6.044
  vertex -4.016 0.738 6.033
 endloop
endfacet
facet normal 0.989 -0.123 0.086
 outer loop
  vertex -3.998 0.738 5.834
  vertex -4.016 0.738 6.033
  vertex -4.059 0.247 5.829
 endloop
endfacet
facet normal 0.989 -0.123 0.086
 outer loop
  vertex -4.059 0.247 5.829
  vertex -4.016 0.738 6.033
  vertex -4.076 0.247 6.028
 endloop
endfacet
facet normal 0.996 -0.031 0.087
 outer loop
  vertex -4.059 0.247 5.829
  vertex -4.076 0.247 6.028
  vertex -4.066 0 5.828
 endloop
endfacet
facet normal 0.999 0 0.049
 outer loop
  vertex -4.066 0 5.828
  vertex -4.076 0.247 6.028
  vertex -4.076 -0.247 6.028
 endloop
endfacet
facet normal 0.996 0.031 0.087
 outer loop
  vertex -4.066 0 5.828
  vertex -4.076 -0.247 6.028
  vertex -4.059 -0.247 5.829
 endloop
endfacet
facet normal 0.989 0.123 0.086
 outer loop
  vertex -4.059 -0.247 5.829
  vertex -4.076 -0.247 6.028
  vertex -3.998 -0.738 5.834
 endloop
endfacet
facet normal -0.908 -0.418 -0.042
 outer loop
  vertex 3.458 1.9 6.487
  vertex 3.664 1.45 6.505
  vertex 3.567 1.64 6.697
 endloop
endfacet
facet normal -0.919 -0.385 -0.08
 outer loop
  vertex 3.567 1.64 6.697
  vertex 3.664 1.45 6.505
  vertex 3.646 1.45 6.704
 endloop
endfacet
facet normal -0.941 -0.329 -0.082
 outer loop
  vertex 3.646 1.45 6.704
  vertex 3.664 1.45 6.505
  vertex 3.737 1.189 6.712
 endloop
endfacet
facet normal -0.952 -0.303 -0.046
 outer loop
  vertex 3.737 1.189 6.712
  vertex 3.664 1.45 6.505
  vertex 3.813 0.979 6.518
 endloop
endfacet
facet normal -0.959 -0.27 -0.084
 outer loop
  vertex 3.737 1.189 6.712
  vertex 3.813 0.979 6.518
  vertex 3.796 0.979 6.717
 endloop
endfacet
facet normal -0.969 -0.23 -0.085
 outer loop
  vertex 3.796 0.979 6.717
  vertex 3.813 0.979 6.518
  vertex 3.821 0.87 6.719
 endloop
endfacet
facet normal -0.978 -0.198 -0.067
 outer loop
  vertex 3.821 0.87 6.719
  vertex 3.813 0.979 6.518
  vertex 3.852 0.72 6.718
 endloop
endfacet
facet normal -0.982 -0.184 -0.047
 outer loop
  vertex 3.852 0.72 6.718
  vertex 3.813 0.979 6.518
  vertex 3.903 0.493 6.526
 endloop
endfacet
facet normal -0.985 -0.151 -0.086
 outer loop
  vertex 3.852 0.72 6.718
  vertex 3.903 0.493 6.526
  vertex 3.887 0.493 6.718
 endloop
endfacet
facet normal -0.992 -0.092 -0.087
 outer loop
  vertex 3.887 0.493 6.718
  vertex 3.903 0.493 6.526
  vertex 3.91 0.241 6.717
 endloop
endfacet
facet normal -0.997 -0.062 -0.047
 outer loop
  vertex 3.903 0.493 6.526
  vertex 3.934 -0 6.528
  vertex 3.91 0.241 6.717
 endloop
endfacet
facet normal -0.996 -0.03 -0.087
 outer loop
  vertex 3.91 0.241 6.717
  vertex 3.934 -0 6.528
  vertex 3.917 0 6.717
 endloop
endfacet
facet normal -0.996 0.03 -0.087
 outer loop
  vertex 3.917 0 6.717
  vertex 3.934 -0 6.528
  vertex 3.91 -0.241 6.717
 endloop
endfacet
facet normal -0.997 0.062 -0.047
 outer loop
  vertex 3.91 -0.241 6.717
  vertex 3.934 -0 6.528
  vertex 3.903 -0.493 6.526
 endloop
endfacet
facet normal -0.992 0.092 -0.087
 outer loop
  vertex 3.91 -0.241 6.717
  vertex 3.903 -0.493 6.526
  vertex 3.887 -0.493 6.718
 endloop
endfacet
facet normal -0.985 0.151 -0.086
 outer loop
  vertex 3.887 -0.493 6.718
  vertex 3.903 -0.493 6.526
  vertex 3.852 -0.72 6.718
 endloop
endfacet
facet normal -0.982 0.184 -0.047
 outer loop
  vertex 3.903 -0.493 6.526
  vertex 3.813 -0.979 6.518
  vertex 3.852 -0.72 6.718
 endloop
endfacet
facet normal -0.978 0.198 -0.067
 outer loop
  vertex 3.852 -0.72 6.718
  vertex 3.813 -0.979 6.518
  vertex 3.821 -0.87 6.719
 endloop
endfacet
facet normal -0.919 0.385 -0.08
 outer loop
  vertex 3.567 -1.64 6.697
  vertex 3.646 -1.45 6.704
  vertex 3.664 -1.45 6.505
 endloop
endfacet
facet normal -0.941 0.329 -0.082
 outer loop
  vertex 3.664 -1.45 6.505
  vertex 3.646 -1.45 6.704
  vertex 3.737 -1.189 6.712
 endloop
endfacet
facet normal -0.952 0.303 -0.046
 outer loop
  vertex 3.664 -1.45 6.505
  vertex 3.737 -1.189 6.712
  vertex 3.813 -0.979 6.518
 endloop
endfacet
facet normal -0.959 0.27 -0.084
 outer loop
  vertex 3.813 -0.979 6.518
  vertex 3.737 -1.189 6.712
  vertex 3.796 -0.979 6.717
 endloop
endfacet
facet normal -0.969 0.23 -0.085
 outer loop
  vertex 3.813 -0.979 6.518
  vertex 3.796 -0.979 6.717
  vertex 3.821 -0.87 6.719
 endloop
endfacet
facet normal -0.908 0.418 -0.042
 outer loop
  vertex 3.664 -1.45 6.505
  vertex 3.458 -1.9 6.487
  vertex 3.567 -1.64 6.697
 endloop
endfacet
facet normal -0.894 0.441 -0.078
 outer loop
  vertex 3.567 -1.64 6.697
  vertex 3.458 -1.9 6.487
  vertex 3.44 -1.9 6.686
 endloop
endfacet
facet normal -0.866 0.494 -0.076
 outer loop
  vertex 3.44 -1.9 6.686
  vertex 3.458 -1.9 6.487
  vertex 3.344 -2.069 6.677
 endloop
endfacet
facet normal -0.85 0.526 -0.038
 outer loop
  vertex 3.344 -2.069 6.677
  vertex 3.458 -1.9 6.487
  vertex 3.199 -2.32 6.464
 endloop
endfacet
facet normal -0.834 0.547 -0.073
 outer loop
  vertex 3.344 -2.069 6.677
  vertex 3.199 -2.32 6.464
  vertex 3.181 -2.32 6.663
 endloop
endfacet
facet normal -0.776 0.627 -0.068
 outer loop
  vertex 3.181 -2.32 6.663
  vertex 3.199 -2.32 6.464
  vertex 2.872 -2.705 6.636
 endloop
endfacet
facet normal -0.776 0.627 -0.068
 outer loop
  vertex 3.199 -2.32 6.464
  vertex 2.89 -2.705 6.437
  vertex 2.872 -2.705 6.636
 endloop
endfacet
facet normal -0.693 0.718 -0.061
 outer loop
  vertex 2.872 -2.705 6.636
  vertex 2.89 -2.705 6.437
  vertex 2.519 -3.049 6.605
 endloop
endfacet
facet normal -0.693 0.718 -0.061
 outer loop
  vertex 2.89 -2.705 6.437
  vertex 2.536 -3.049 6.406
  vertex 2.519 -3.049 6.605
 endloop
endfacet
facet normal -0.6 0.798 -0.053
 outer loop
  vertex 2.519 -3.049 6.605
  vertex 2.536 -3.049 6.406
  vertex 2.126 -3.347 6.571
 endloop
endfacet
facet normal -0.6 0.798 -0.053
 outer loop
  vertex 2.536 -3.049 6.406
  vertex 2.143 -3.347 6.372
  vertex 2.126 -3.347 6.571
 endloop
endfacet
facet normal -0.498 0.866 -0.044
 outer loop
  vertex 2.126 -3.347 6.571
  vertex 2.143 -3.347 6.372
  vertex 1.699 -3.594 6.533
 endloop
endfacet
facet normal -0.498 0.866 -0.044
 outer loop
  vertex 2.143 -3.347 6.372
  vertex 1.717 -3.594 6.334
  vertex 1.699 -3.594 6.533
 endloop
endfacet
facet normal -0.388 0.921 -0.034
 outer loop
  vertex 1.699 -3.594 6.533
  vertex 1.717 -3.594 6.334
  vertex 1.246 -3.787 6.494
 endloop
endfacet
facet normal -0.388 0.921 -0.034
 outer loop
  vertex 1.717 -3.594 6.334
  vertex 1.263 -3.787 6.295
  vertex 1.246 -3.787 6.494
 endloop
endfacet
facet normal -0.273 0.962 -0.024
 outer loop
  vertex 1.246 -3.787 6.494
  vertex 1.263 -3.787 6.295
  vertex 0.772 -3.922 6.452
 endloop
endfacet
facet normal -0.273 0.962 -0.024
 outer loop
  vertex 1.263 -3.787 6.295
  vertex 0.789 -3.922 6.253
  vertex 0.772 -3.922 6.452
 endloop
endfacet
facet normal -0.153 0.988 -0.013
 outer loop
  vertex 0.772 -3.922 6.452
  vertex 0.789 -3.922 6.253
  vertex 0.285 -3.998 6.41
 endloop
endfacet
facet normal -0.153 0.988 -0.013
 outer loop
  vertex 0.789 -3.922 6.253
  vertex 0.303 -3.998 6.21
  vertex 0.285 -3.998 6.41
 endloop
endfacet
facet normal -0.031 1 -0.003
 outer loop
  vertex 0.285 -3.998 6.41
  vertex 0.303 -3.998 6.21
  vertex -0.207 -4.013 6.367
 endloop
endfacet
facet normal -0.031 1 -0.003
 outer loop
  vertex 0.303 -3.998 6.21
  vertex -0.189 -4.013 6.167
  vertex -0.207 -4.013 6.367
 endloop
endfacet
facet normal 0.092 0.996 0.008
 outer loop
  vertex -0.207 -4.013 6.367
  vertex -0.189 -4.013 6.167
  vertex -0.697 -3.968 6.324
 endloop
endfacet
facet normal 0.092 0.996 0.008
 outer loop
  vertex -0.189 -4.013 6.167
  vertex -0.68 -3.968 6.125
  vertex -0.697 -3.968 6.324
 endloop
endfacet
facet normal 0.213 0.977 0.019
 outer loop
  vertex -0.697 -3.968 6.324
  vertex -0.68 -3.968 6.125
  vertex -1.178 -3.862 6.282
 endloop
endfacet
facet normal 0.213 0.977 0.019
 outer loop
  vertex -0.68 -3.968 6.125
  vertex -1.161 -3.862 6.082
  vertex -1.178 -3.862 6.282
 endloop
endfacet
facet normal 0.331 0.943 0.029
 outer loop
  vertex -1.178 -3.862 6.282
  vertex -1.161 -3.862 6.082
  vertex -1.643 -3.698 6.241
 endloop
endfacet
facet normal 0.331 0.943 0.029
 outer loop
  vertex -1.161 -3.862 6.082
  vertex -1.625 -3.698 6.042
  vertex -1.643 -3.698 6.241
 endloop
endfacet
facet normal 0.444 0.895 0.039
 outer loop
  vertex -1.643 -3.698 6.241
  vertex -1.625 -3.698 6.042
  vertex -2.084 -3.477 6.202
 endloop
endfacet
facet normal 0.444 0.895 0.039
 outer loop
  vertex -1.625 -3.698 6.042
  vertex -2.066 -3.477 6.003
  vertex -2.084 -3.477 6.202
 endloop
endfacet
facet normal 0.55 0.834 0.048
 outer loop
  vertex -2.084 -3.477 6.202
  vertex -2.066 -3.477 6.003
  vertex -2.494 -3.204 6.167
 endloop
endfacet
facet normal 0.55 0.834 0.048
 outer loop
  vertex -2.066 -3.477 6.003
  vertex -2.477 -3.204 5.967
  vertex -2.494 -3.204 6.167
 endloop
endfacet
facet normal 0.648 0.759 0.057
 outer loop
  vertex -2.494 -3.204 6.167
  vertex -2.477 -3.204 5.967
  vertex -2.868 -2.883 6.134
 endloop
endfacet
facet normal 0.648 0.759 0.057
 outer loop
  vertex -2.477 -3.204 5.967
  vertex -2.851 -2.883 5.935
  vertex -2.868 -2.883 6.134
 endloop
endfacet
facet normal 0.736 0.674 0.064
 outer loop
  vertex -2.868 -2.883 6.134
  vertex -2.851 -2.883 5.935
  vertex -3.2 -2.517 6.105
 endloop
endfacet
facet normal 0.736 0.674 0.064
 outer loop
  vertex -2.851 -2.883 5.935
  vertex -3.183 -2.517 5.906
  vertex -3.2 -2.517 6.105
 endloop
endfacet
facet normal 0.813 0.578 0.071
 outer loop
  vertex -3.2 -2.517 6.105
  vertex -3.183 -2.517 5.906
  vertex -3.485 -2.114 6.08
 endloop
endfacet
facet normal 0.813 0.578 0.071
 outer loop
  vertex -3.183 -2.517 5.906
  vertex -3.467 -2.114 5.881
  vertex -3.485 -2.114 6.08
 endloop
endfacet
facet normal 0.878 0.473 0.077
 outer loop
  vertex -3.485 -2.114 6.08
  vertex -3.467 -2.114 5.881
  vertex -3.718 -1.678 6.06
 endloop
endfacet
facet normal 0.878 0.473 0.077
 outer loop
  vertex -3.467 -2.114 5.881
  vertex -3.7 -1.678 5.86
  vertex -3.718 -1.678 6.06
 endloop
endfacet
facet normal 0.929 0.361 0.081
 outer loop
  vertex -3.718 -1.678 6.06
  vertex -3.7 -1.678 5.86
  vertex -3.895 -1.217 6.044
 endloop
endfacet
facet normal 0.929 0.361 0.081
 outer loop
  vertex -3.7 -1.678 5.86
  vertex -3.878 -1.217 5.845
  vertex -3.895 -1.217 6.044
 endloop
endfacet
facet normal 0.966 0.244 0.085
 outer loop
  vertex -3.895 -1.217 6.044
  vertex -3.878 -1.217 5.845
  vertex -4.016 -0.738 6.033
 endloop
endfacet
facet normal 0.966 0.244 0.085
 outer loop
  vertex -3.878 -1.217 5.845
  vertex -3.998 -0.738 5.834
  vertex -4.016 -0.738 6.033
 endloop
endfacet
facet normal 0.989 0.123 0.086
 outer loop
  vertex -4.016 -0.738 6.033
  vertex -3.998 -0.738 5.834
  vertex -4.076 -0.247 6.028
 endloop
endfacet
facet normal -0.707 -0.022 -0.707
 outer loop
  vertex 3.306 0.204 0.687
  vertex 3.992 0.246 0
  vertex 3.313 0 0.688
 endloop
endfacet
facet normal -0.707 -0.022 -0.707
 outer loop
  vertex 3.313 0 0.688
  vertex 3.992 0.246 0
  vertex 4 0 0
 endloop
endfacet
facet normal -0.707 0.022 -0.707
 outer loop
  vertex 3.313 0 0.688
  vertex 4 0 0
  vertex 3.306 -0.204 0.687
 endloop
endfacet
facet normal -0.707 0.022 -0.707
 outer loop
  vertex 3.306 -0.204 0.687
  vertex 4 0 0
  vertex 3.992 -0.246 0
 endloop
endfacet
facet normal -0.704 0.066 -0.707
 outer loop
  vertex 3.306 -0.204 0.687
  vertex 3.992 -0.246 0
  vertex 3.288 -0.41 0.686
 endloop
endfacet
facet normal -0.706 0.087 -0.703
 outer loop
  vertex 3.288 -0.41 0.686
  vertex 3.992 -0.246 0
  vertex 3.932 -0.735 0
 endloop
endfacet
facet normal -0.699 0.109 -0.707
 outer loop
  vertex 3.288 -0.41 0.686
  vertex 3.932 -0.735 0
  vertex 3.259 -0.609 0.685
 endloop
endfacet
facet normal -0.691 0.152 -0.707
 outer loop
  vertex 3.259 -0.609 0.685
  vertex 3.932 -0.735 0
  vertex 3.216 -0.814 0.683
 endloop
endfacet
facet normal -0.704 -0.066 -0.707
 outer loop
  vertex 3.306 0.204 0.687
  vertex 3.288 0.41 0.686
  vertex 3.992 0.246 0
 endloop
endfacet
facet normal -0.706 -0.087 -0.703
 outer loop
  vertex 3.992 0.246 0
  vertex 3.288 0.41 0.686
  vertex 3.932 0.735 0
 endloop
endfacet
facet normal -0.699 -0.109 -0.707
 outer loop
  vertex 3.288 0.41 0.686
  vertex 3.259 0.609 0.685
  vertex 3.932 0.735 0
 endloop
endfacet
facet normal -0.691 -0.152 -0.707
 outer loop
  vertex 3.932 0.735 0
  vertex 3.259 0.609 0.685
  vertex 3.216 0.814 0.683
 endloop
endfacet
facet normal -0.69 -0.173 -0.703
 outer loop
  vertex 3.932 0.735 0
  vertex 3.216 0.814 0.683
  vertex 3.812 1.213 0
 endloop
endfacet
facet normal -0.68 -0.194 -0.707
 outer loop
  vertex 3.812 1.213 0
  vertex 3.216 0.814 0.683
  vertex 3.163 1.006 0.68
 endloop
endfacet
facet normal -0.667 -0.236 -0.707
 outer loop
  vertex 3.812 1.213 0
  vertex 3.163 1.006 0.68
  vertex 3.096 1.208 0.677
 endloop
endfacet
facet normal -0.663 -0.257 -0.703
 outer loop
  vertex 3.812 1.213 0
  vertex 3.096 1.208 0.677
  vertex 3.634 1.672 0
 endloop
endfacet
facet normal -0.651 -0.276 -0.707
 outer loop
  vertex 3.634 1.672 0
  vertex 3.096 1.208 0.677
  vertex 3.022 1.39 0.673
 endloop
endfacet
facet normal -0.633 -0.316 -0.707
 outer loop
  vertex 3.634 1.672 0
  vertex 3.022 1.39 0.673
  vertex 2.93 1.585 0.669
 endloop
endfacet
facet normal -0.626 -0.336 -0.703
 outer loop
  vertex 3.634 1.672 0
  vertex 2.93 1.585 0.669
  vertex 3.401 2.106 0
 endloop
endfacet
facet normal -0.612 -0.354 -0.707
 outer loop
  vertex 3.401 2.106 0
  vertex 2.93 1.585 0.669
  vertex 2.836 1.756 0.664
 endloop
endfacet
facet normal -0.589 -0.392 -0.707
 outer loop
  vertex 3.401 2.106 0
  vertex 2.836 1.756 0.664
  vertex 2.72 1.941 0.659
 endloop
endfacet
facet normal -0.58 -0.411 -0.703
 outer loop
  vertex 3.401 2.106 0
  vertex 2.72 1.941 0.659
  vertex 3.116 2.508 0
 endloop
endfacet
facet normal -0.563 -0.427 -0.707
 outer loop
  vertex 3.116 2.508 0
  vertex 2.72 1.941 0.659
  vertex 2.607 2.098 0.653
 endloop
endfacet
facet normal -0.536 -0.461 -0.707
 outer loop
  vertex 3.116 2.508 0
  vertex 2.607 2.098 0.653
  vertex 2.468 2.27 0.647
 endloop
endfacet
facet normal -0.526 -0.479 -0.703
 outer loop
  vertex 3.116 2.508 0
  vertex 2.468 2.27 0.647
  vertex 2.785 2.872 0
 endloop
endfacet
facet normal -0.507 -0.493 -0.707
 outer loop
  vertex 2.785 2.872 0
  vertex 2.468 2.27 0.647
  vertex 2.339 2.412 0.64
 endloop
endfacet
facet normal -0.475 -0.524 -0.707
 outer loop
  vertex 2.785 2.872 0
  vertex 2.339 2.412 0.64
  vertex 2.178 2.568 0.633
 endloop
endfacet
facet normal -0.463 -0.54 -0.703
 outer loop
  vertex 2.785 2.872 0
  vertex 2.178 2.568 0.633
  vertex 2.411 3.192 0
 endloop
endfacet
facet normal -0.442 -0.552 -0.707
 outer loop
  vertex 2.411 3.192 0
  vertex 2.178 2.568 0.633
  vertex 2.034 2.693 0.626
 endloop
endfacet
facet normal -0.41 -0.576 -0.707
 outer loop
  vertex 2.411 3.192 0
  vertex 2.034 2.693 0.626
  vertex 1.884 2.808 0.618
 endloop
endfacet
facet normal -0.393 -0.593 -0.703
 outer loop
  vertex 1.884 2.808 0.618
  vertex 1.853 2.83 0.617
  vertex 2.411 3.192 0
 endloop
endfacet
facet normal -0.393 -0.593 -0.703
 outer loop
  vertex 2.411 3.192 0
  vertex 1.853 2.83 0.617
  vertex 2 3.464 0
 endloop
endfacet
facet normal -0.371 -0.602 -0.707
 outer loop
  vertex 1.853 2.83 0.617
  vertex 1.695 2.936 0.609
  vertex 2 3.464 0
 endloop
endfacet
facet normal -0.333 -0.624 -0.707
 outer loop
  vertex 2 3.464 0
  vertex 1.695 2.936 0.609
  vertex 1.498 3.053 0.6
 endloop
endfacet
facet normal -0.317 -0.637 -0.703
 outer loop
  vertex 2 3.464 0
  vertex 1.498 3.053 0.6
  vertex 1.559 3.684 0
 endloop
endfacet
facet normal -0.294 -0.643 -0.707
 outer loop
  vertex 1.559 3.684 0
  vertex 1.498 3.053 0.6
  vertex 1.329 3.139 0.592
 endloop
endfacet
facet normal -0.253 -0.66 -0.707
 outer loop
  vertex 1.559 3.684 0
  vertex 1.329 3.139 0.592
  vertex 1.117 3.231 0.581
 endloop
endfacet
facet normal -0.237 -0.671 -0.703
 outer loop
  vertex 1.559 3.684 0
  vertex 1.117 3.231 0.581
  vertex 1.095 3.847 0
 endloop
endfacet
facet normal -0.212 -0.675 -0.707
 outer loop
  vertex 1.095 3.847 0
  vertex 1.117 3.231 0.581
  vertex 0.938 3.296 0.573
 endloop
endfacet
facet normal -0.171 -0.686 -0.707
 outer loop
  vertex 1.095 3.847 0
  vertex 0.938 3.296 0.573
  vertex 0.715 3.363 0.562
 endloop
endfacet
facet normal -0.152 -0.695 -0.702
 outer loop
  vertex 1.095 3.847 0
  vertex 0.715 3.363 0.562
  vertex 0.614 3.953 0
 endloop
endfacet
facet normal -0.128 -0.696 -0.707
 outer loop
  vertex 0.614 3.953 0
  vertex 0.715 3.363 0.562
  vertex 0.529 3.406 0.553
 endloop
endfacet
facet normal -0.085 -0.702 -0.707
 outer loop
  vertex 0.614 3.953 0
  vertex 0.529 3.406 0.553
  vertex 0.298 3.445 0.542
 endloop
endfacet
facet normal -0.066 -0.709 -0.702
 outer loop
  vertex 0.614 3.953 0
  vertex 0.298 3.445 0.542
  vertex 0.123 3.998 0
 endloop
endfacet
facet normal -0.041 -0.706 -0.707
 outer loop
  vertex 0.123 3.998 0
  vertex 0.298 3.445 0.542
  vertex 0.107 3.465 0.533
 endloop
endfacet
facet normal 0.002 -0.707 -0.707
 outer loop
  vertex 0.123 3.998 0
  vertex 0.107 3.465 0.533
  vertex -0.129 3.476 0.522
 endloop
endfacet
facet normal 0.022 -0.712 -0.702
 outer loop
  vertex 0.123 3.998 0
  vertex -0.129 3.476 0.522
  vertex -0.369 3.983 0
 endloop
endfacet
facet normal 0.046 -0.706 -0.707
 outer loop
  vertex -0.369 3.983 0
  vertex -0.129 3.476 0.522
  vertex -0.322 3.473 0.512
 endloop
endfacet
facet normal 0.089 -0.702 -0.707
 outer loop
  vertex -0.369 3.983 0
  vertex -0.322 3.473 0.512
  vertex -0.558 3.454 0.501
 endloop
endfacet
facet normal 0.109 -0.704 -0.702
 outer loop
  vertex -0.369 3.983 0
  vertex -0.558 3.454 0.501
  vertex -0.856 3.907 0
 endloop
endfacet
facet normal 0.132 -0.695 -0.707
 outer loop
  vertex -0.856 3.907 0
  vertex -0.558 3.454 0.501
  vertex -0.75 3.427 0.492
 endloop
endfacet
facet normal 0.175 -0.685 -0.707
 outer loop
  vertex -0.856 3.907 0
  vertex -0.75 3.427 0.492
  vertex -0.983 3.379 0.481
 endloop
endfacet
facet normal 0.195 -0.685 -0.702
 outer loop
  vertex -0.856 3.907 0
  vertex -0.983 3.379 0.481
  vertex -1.329 3.773 0
 endloop
endfacet
facet normal 0.216 -0.673 -0.707
 outer loop
  vertex -1.329 3.773 0
  vertex -0.983 3.379 0.481
  vertex -1.173 3.328 0.472
 endloop
endfacet
facet normal 0.257 -0.659 -0.707
 outer loop
  vertex -1.329 3.773 0
  vertex -1.173 3.328 0.472
  vertex -1.397 3.251 0.461
 endloop
endfacet
facet normal 0.278 -0.657 -0.701
 outer loop
  vertex -1.329 3.773 0
  vertex -1.397 3.251 0.461
  vertex -1.783 3.581 0
 endloop
endfacet
facet normal 0.297 -0.642 -0.707
 outer loop
  vertex -1.783 3.581 0
  vertex -1.397 3.251 0.461
  vertex -1.581 3.176 0.452
 endloop
endfacet
facet normal 0.336 -0.622 -0.707
 outer loop
  vertex -1.783 3.581 0
  vertex -1.581 3.176 0.452
  vertex -1.795 3.072 0.442
 endloop
endfacet
facet normal 0.357 -0.618 -0.701
 outer loop
  vertex -1.783 3.581 0
  vertex -1.795 3.072 0.442
  vertex -2.209 3.334 0
 endloop
endfacet
facet normal 0.374 -0.6 -0.707
 outer loop
  vertex -2.209 3.334 0
  vertex -1.795 3.072 0.442
  vertex -1.97 2.973 0.434
 endloop
endfacet
facet normal 0.41 -0.576 -0.707
 outer loop
  vertex -2.209 3.334 0
  vertex -1.97 2.973 0.434
  vertex -2.168 2.843 0.424
 endloop
endfacet
facet normal 0.43 -0.569 -0.701
 outer loop
  vertex -2.209 3.334 0
  vertex -2.168 2.843 0.424
  vertex -2.602 3.038 0
 endloop
endfacet
facet normal 0.445 -0.55 -0.707
 outer loop
  vertex -2.602 3.038 0
  vertex -2.168 2.843 0.424
  vertex -2.331 2.721 0.417
 endloop
endfacet
facet normal 0.477 -0.522 -0.707
 outer loop
  vertex -2.602 3.038 0
  vertex -2.331 2.721 0.417
  vertex -2.511 2.568 0.408
 endloop
endfacet
facet normal 0.497 -0.512 -0.7
 outer loop
  vertex -2.602 3.038 0
  vertex -2.511 2.568 0.408
  vertex -2.956 2.695 0
 endloop
endfacet
facet normal 0.509 -0.491 -0.707
 outer loop
  vertex -2.956 2.695 0
  vertex -2.511 2.568 0.408
  vertex -2.66 2.425 0.401
 endloop
endfacet
facet normal 0.538 -0.459 -0.707
 outer loop
  vertex -2.956 2.695 0
  vertex -2.66 2.425 0.401
  vertex -2.818 2.251 0.394
 endloop
endfacet
facet normal 0.556 -0.448 -0.7
 outer loop
  vertex -2.956 2.695 0
  vertex -2.818 2.251 0.394
  vertex -3.265 2.311 0
 endloop
endfacet
facet normal 0.565 -0.425 -0.707
 outer loop
  vertex -3.265 2.311 0
  vertex -2.818 2.251 0.394
  vertex -2.949 2.087 0.387
 endloop
endfacet
facet normal 0.59 -0.39 -0.707
 outer loop
  vertex -3.265 2.311 0
  vertex -2.949 2.087 0.387
  vertex -3.083 1.896 0.381
 endloop
endfacet
facet normal 0.607 -0.376 -0.7
 outer loop
  vertex -3.265 2.311 0
  vertex -3.083 1.896 0.381
  vertex -3.524 1.892 0
 endloop
endfacet
facet normal 0.613 -0.353 -0.707
 outer loop
  vertex -3.524 1.892 0
  vertex -3.083 1.896 0.381
  vertex -3.193 1.715 0.376
 endloop
endfacet
facet normal 0.633 -0.315 -0.707
 outer loop
  vertex -3.524 1.892 0
  vertex -3.193 1.715 0.376
  vertex -3.301 1.509 0.371
 endloop
endfacet
facet normal 0.649 -0.299 -0.7
 outer loop
  vertex -3.524 1.892 0
  vertex -3.301 1.509 0.371
  vertex -3.73 1.445 0
 endloop
endfacet
facet normal 0.652 -0.275 -0.707
 outer loop
  vertex -3.73 1.445 0
  vertex -3.301 1.509 0.371
  vertex -3.388 1.313 0.366
 endloop
endfacet
facet normal 0.667 -0.234 -0.707
 outer loop
  vertex -3.73 1.445 0
  vertex -3.388 1.313 0.366
  vertex -3.468 1.097 0.363
 endloop
endfacet
facet normal 0.681 -0.217 -0.7
 outer loop
  vertex -3.73 1.445 0
  vertex -3.468 1.097 0.363
  vertex -3.879 0.976 0
 endloop
endfacet
facet normal 0.68 -0.193 -0.707
 outer loop
  vertex -3.879 0.976 0
  vertex -3.468 1.097 0.363
  vertex -3.53 0.888 0.36
 endloop
endfacet
facet normal 0.691 -0.151 -0.707
 outer loop
  vertex -3.879 0.976 0
  vertex -3.53 0.888 0.36
  vertex -3.581 0.666 0.357
 endloop
endfacet
facet normal 0.702 -0.131 -0.699
 outer loop
  vertex -3.879 0.976 0
  vertex -3.581 0.666 0.357
  vertex -3.97 0.492 0
 endloop
endfacet
facet normal 0.699 -0.108 -0.707
 outer loop
  vertex -3.97 0.492 0
  vertex -3.581 0.666 0.357
  vertex -3.617 0.448 0.356
 endloop
endfacet
facet normal 0.704 -0.065 -0.707
 outer loop
  vertex -3.97 0.492 0
  vertex -3.617 0.448 0.356
  vertex -3.638 0.223 0.355
 endloop
endfacet
facet normal 0.713 -0.044 -0.699
 outer loop
  vertex -3.97 0.492 0
  vertex -3.638 0.223 0.355
  vertex -4 0 0
 endloop
endfacet
facet normal 0.707 -0.022 -0.707
 outer loop
  vertex -4 0 0
  vertex -3.638 0.223 0.355
  vertex -3.646 -0 0.354
 endloop
endfacet
facet normal 0.707 0.022 -0.707
 outer loop
  vertex -4 0 0
  vertex -3.646 -0 0.354
  vertex -3.638 -0.223 0.355
 endloop
endfacet
facet normal 0.713 0.044 -0.699
 outer loop
  vertex -4 0 0
  vertex -3.638 -0.223 0.355
  vertex -3.97 -0.492 0
 endloop
endfacet
facet normal 0.704 0.065 -0.707
 outer loop
  vertex -3.97 -0.492 0
  vertex -3.638 -0.223 0.355
  vertex -3.617 -0.448 0.356
 endloop
endfacet
facet normal 0.699 0.108 -0.707
 outer loop
  vertex -3.97 -0.492 0
  vertex -3.617 -0.448 0.356
  vertex -3.581 -0.666 0.357
 endloop
endfacet
facet normal 0.702 0.131 -0.699
 outer loop
  vertex -3.97 -0.492 0
  vertex -3.581 -0.666 0.357
  vertex -3.879 -0.976 0
 endloop
endfacet
facet normal 0.691 0.151 -0.707
 outer loop
  vertex -3.879 -0.976 0
  vertex -3.581 -0.666 0.357
  vertex -3.53 -0.888 0.36
 endloop
endfacet
facet normal 0.68 0.193 -0.707
 outer loop
  vertex -3.879 -0.976 0
  vertex -3.53 -0.888 0.36
  vertex -3.468 -1.097 0.363
 endloop
endfacet
facet normal 0.681 0.217 -0.7
 outer loop
  vertex -3.879 -0.976 0
  vertex -3.468 -1.097 0.363
  vertex -3.73 -1.445 0
 endloop
endfacet
facet normal 0.667 0.234 -0.707
 outer loop
  vertex -3.73 -1.445 0
  vertex -3.468 -1.097 0.363
  vertex -3.388 -1.313 0.366
 endloop
endfacet
facet normal 0.652 0.275 -0.707
 outer loop
  vertex -3.73 -1.445 0
  vertex -3.388 -1.313 0.366
  vertex -3.301 -1.509 0.371
 endloop
endfacet
facet normal 0.649 0.299 -0.7
 outer loop
  vertex -3.73 -1.445 0
  vertex -3.301 -1.509 0.371
  vertex -3.524 -1.892 0
 endloop
endfacet
facet normal 0.633 0.315 -0.707
 outer loop
  vertex -3.524 -1.892 0
  vertex -3.301 -1.509 0.371
  vertex -3.193 -1.715 0.376
 endloop
endfacet
facet normal 0.613 0.353 -0.707
 outer loop
  vertex -3.524 -1.892 0
  vertex -3.193 -1.715 0.376
  vertex -3.083 -1.896 0.381
 endloop
endfacet
facet normal 0.607 0.376 -0.7
 outer loop
  vertex -3.524 -1.892 0
  vertex -3.083 -1.896 0.381
  vertex -3.265 -2.311 0
 endloop
endfacet
facet normal 0.59 0.39 -0.707
 outer loop
  vertex -3.265 -2.311 0
  vertex -3.083 -1.896 0.381
  vertex -2.949 -2.087 0.387
 endloop
endfacet
facet normal 0.565 0.425 -0.707
 outer loop
  vertex -3.265 -2.311 0
  vertex -2.949 -2.087 0.387
  vertex -2.818 -2.251 0.394
 endloop
endfacet
facet normal 0.556 0.448 -0.7
 outer loop
  vertex -3.265 -2.311 0
  vertex -2.818 -2.251 0.394
  vertex -2.956 -2.695 0
 endloop
endfacet
facet normal 0.538 0.459 -0.707
 outer loop
  vertex -2.956 -2.695 0
  vertex -2.818 -2.251 0.394
  vertex -2.66 -2.425 0.401
 endloop
endfacet
facet normal 0.509 0.491 -0.707
 outer loop
  vertex -2.956 -2.695 0
  vertex -2.66 -2.425 0.401
  vertex -2.511 -2.568 0.408
 endloop
endfacet
facet normal 0.497 0.512 -0.7
 outer loop
  vertex -2.956 -2.695 0
  vertex -2.511 -2.568 0.408
  vertex -2.602 -3.038 0
 endloop
endfacet
facet normal 0.477 0.522 -0.707
 outer loop
  vertex -2.602 -3.038 0
  vertex -2.511 -2.568 0.408
  vertex -2.331 -2.721 0.417
 endloop
endfacet
facet normal 0.445 0.55 -0.707
 outer loop
  vertex -2.602 -3.038 0
  vertex -2.331 -2.721 0.417
  vertex -2.168 -2.843 0.424
 endloop
endfacet
facet normal 0.43 0.569 -0.701
 outer loop
  vertex -2.602 -3.038 0
  vertex -2.168 -2.843 0.424
  vertex -2.209 -3.334 0
 endloop
endfacet
facet normal 0.41 0.576 -0.707
 outer loop
  vertex -2.209 -3.334 0
  vertex -2.168 -2.843 0.424
  vertex -1.97 -2.973 0.434
 endloop
endfacet
facet normal 0.374 0.6 -0.707
 outer loop
  vertex -2.209 -3.334 0
  vertex -1.97 -2.973 0.434
  vertex -1.795 -3.072 0.442
 endloop
endfacet
facet normal 0.357 0.618 -0.701
 outer loop
  vertex -2.209 -3.334 0
  vertex -1.795 -3.072 0.442
  vertex -1.783 -3.581 0
 endloop
endfacet
facet normal 0.336 0.622 -0.707
 outer loop
  vertex -1.783 -3.581 0
  vertex -1.795 -3.072 0.442
  vertex -1.581 -3.176 0.452
 endloop
endfacet
facet normal 0.297 0.642 -0.707
 outer loop
  vertex -1.783 -3.581 0
  vertex -1.581 -3.176 0.452
  vertex -1.397 -3.251 0.461
 endloop
endfacet
facet normal 0.278 0.657 -0.701
 outer loop
  vertex -1.783 -3.581 0
  vertex -1.397 -3.251 0.461
  vertex -1.329 -3.773 0
 endloop
endfacet
facet normal 0.257 0.659 -0.707
 outer loop
  vertex -1.329 -3.773 0
  vertex -1.397 -3.251 0.461
  vertex -1.173 -3.328 0.472
 endloop
endfacet
facet normal 0.216 0.673 -0.707
 outer loop
  vertex -1.329 -3.773 0
  vertex -1.173 -3.328 0.472
  vertex -0.983 -3.379 0.481
 endloop
endfacet
facet normal 0.195 0.685 -0.702
 outer loop
  vertex -1.329 -3.773 0
  vertex -0.983 -3.379 0.481
  vertex -0.856 -3.907 0
 endloop
endfacet
facet normal 0.175 0.685 -0.707
 outer loop
  vertex -0.856 -3.907 0
  vertex -0.983 -3.379 0.481
  vertex -0.75 -3.427 0.492
 endloop
endfacet
facet normal 0.132 0.695 -0.707
 outer loop
  vertex -0.856 -3.907 0
  vertex -0.75 -3.427 0.492
  vertex -0.558 -3.454 0.501
 endloop
endfacet
facet normal 0.109 0.704 -0.702
 outer loop
  vertex -0.856 -3.907 0
  vertex -0.558 -3.454 0.501
  vertex -0.369 -3.983 0
 endloop
endfacet
facet normal 0.089 0.702 -0.707
 outer loop
  vertex -0.369 -3.983 0
  vertex -0.558 -3.454 0.501
  vertex -0.322 -3.473 0.512
 endloop
endfacet
facet normal 0.046 0.706 -0.707
 outer loop
  vertex -0.369 -3.983 0
  vertex -0.322 -3.473 0.512
  vertex -0.129 -3.476 0.522
 endloop
endfacet
facet normal 0.022 0.712 -0.702
 outer loop
  vertex -0.369 -3.983 0
  vertex -0.129 -3.476 0.522
  vertex 0.123 -3.998 0
 endloop
endfacet
facet normal 0.002 0.707 -0.707
 outer loop
  vertex 0.123 -3.998 0
  vertex -0.129 -3.476 0.522
  vertex 0.107 -3.465 0.533
 endloop
endfacet
facet normal -0.041 0.706 -0.707
 outer loop
  vertex 0.123 -3.998 0
  vertex 0.107 -3.465 0.533
  vertex 0.298 -3.445 0.542
 endloop
endfacet
facet normal -0.066 0.709 -0.702
 outer loop
  vertex 0.123 -3.998 0
  vertex 0.298 -3.445 0.542
  vertex 0.614 -3.953 0
 endloop
endfacet
facet normal -0.085 0.702 -0.707
 outer loop
  vertex 0.614 -3.953 0
  vertex 0.298 -3.445 0.542
  vertex 0.529 -3.406 0.553
 endloop
endfacet
facet normal -0.128 0.696 -0.707
 outer loop
  vertex 0.614 -3.953 0
  vertex 0.529 -3.406 0.553
  vertex 0.715 -3.363 0.562
 endloop
endfacet
facet normal -0.152 0.695 -0.702
 outer loop
  vertex 0.614 -3.953 0
  vertex 0.715 -3.363 0.562
  vertex 1.095 -3.847 0
 endloop
endfacet
facet normal -0.171 0.686 -0.707
 outer loop
  vertex 1.095 -3.847 0
  vertex 0.715 -3.363 0.562
  vertex 0.938 -3.296 0.573
 endloop
endfacet
facet normal -0.212 0.675 -0.707
 outer loop
  vertex 1.095 -3.847 0
  vertex 0.938 -3.296 0.573
  vertex 1.117 -3.231 0.581
 endloop
endfacet
facet normal -0.237 0.671 -0.703
 outer loop
  vertex 1.095 -3.847 0
  vertex 1.117 -3.231 0.581
  vertex 1.559 -3.684 0
 endloop
endfacet
facet normal -0.253 0.66 -0.707
 outer loop
  vertex 1.559 -3.684 0
  vertex 1.117 -3.231 0.581
  vertex 1.329 -3.139 0.592
 endloop
endfacet
facet normal -0.294 0.643 -0.707
 outer loop
  vertex 1.559 -3.684 0
  vertex 1.329 -3.139 0.592
  vertex 1.498 -3.053 0.6
 endloop
endfacet
facet normal -0.317 0.637 -0.703
 outer loop
  vertex 1.559 -3.684 0
  vertex 1.498 -3.053 0.6
  vertex 2 -3.464 0
 endloop
endfacet
facet normal -0.333 0.624 -0.707
 outer loop
  vertex 2 -3.464 0
  vertex 1.498 -3.053 0.6
  vertex 1.695 -2.936 0.609
 endloop
endfacet
facet normal -0.371 0.602 -0.707
 outer loop
  vertex 2 -3.464 0
  vertex 1.695 -2.936 0.609
  vertex 1.853 -2.83 0.617
 endloop
endfacet
facet normal -0.393 0.593 -0.703
 outer loop
  vertex 2 -3.464 0
  vertex 1.853 -2.83 0.617
  vertex 2.411 -3.192 0
 endloop
endfacet
facet normal -0.407 0.578 -0.707
 outer loop
  vertex 2.411 -3.192 0
  vertex 1.853 -2.83 0.617
  vertex 2.034 -2.693 0.626
 endloop
endfacet
facet normal -0.442 0.552 -0.707
 outer loop
  vertex 2.411 -3.192 0
  vertex 2.034 -2.693 0.626
  vertex 2.178 -2.568 0.633
 endloop
endfacet
facet normal -0.463 0.54 -0.703
 outer loop
  vertex 2.411 -3.192 0
  vertex 2.178 -2.568 0.633
  vertex 2.785 -2.872 0
 endloop
endfacet
facet normal -0.475 0.524 -0.707
 outer loop
  vertex 2.785 -2.872 0
  vertex 2.178 -2.568 0.633
  vertex 2.339 -2.412 0.64
 endloop
endfacet
facet normal -0.507 0.493 -0.707
 outer loop
  vertex 2.785 -2.872 0
  vertex 2.339 -2.412 0.64
  vertex 2.468 -2.27 0.647
 endloop
endfacet
facet normal -0.526 0.479 -0.703
 outer loop
  vertex 2.785 -2.872 0
  vertex 2.468 -2.27 0.647
  vertex 3.116 -2.508 0
 endloop
endfacet
facet normal -0.536 0.461 -0.707
 outer loop
  vertex 3.116 -2.508 0
  vertex 2.468 -2.27 0.647
  vertex 2.607 -2.098 0.653
 endloop
endfacet
facet normal -0.563 0.427 -0.707
 outer loop
  vertex 3.116 -2.508 0
  vertex 2.607 -2.098 0.653
  vertex 2.72 -1.941 0.659
 endloop
endfacet
facet normal -0.58 0.411 -0.703
 outer loop
  vertex 3.116 -2.508 0
  vertex 2.72 -1.941 0.659
  vertex 3.401 -2.106 0
 endloop
endfacet
facet normal -0.589 0.392 -0.707
 outer loop
  vertex 3.401 -2.106 0
  vertex 2.72 -1.941 0.659
  vertex 2.836 -1.756 0.664
 endloop
endfacet
facet normal -0.612 0.354 -0.707
 outer loop
  vertex 3.401 -2.106 0
  vertex 2.836 -1.756 0.664
  vertex 2.93 -1.585 0.669
 endloop
endfacet
facet normal -0.626 0.336 -0.703
 outer loop
  vertex 3.401 -2.106 0
  vertex 2.93 -1.585 0.669
  vertex 3.634 -1.672 0
 endloop
endfacet
facet normal -0.633 0.316 -0.707
 outer loop
  vertex 3.634 -1.672 0
  vertex 2.93 -1.585 0.669
  vertex 3.022 -1.39 0.673
 endloop
endfacet
facet normal -0.651 0.276 -0.707
 outer loop
  vertex 3.634 -1.672 0
  vertex 3.022 -1.39 0.673
  vertex 3.096 -1.208 0.677
 endloop
endfacet
facet normal -0.663 0.257 -0.703
 outer loop
  vertex 3.634 -1.672 0
  vertex 3.096 -1.208 0.677
  vertex 3.812 -1.213 0
 endloop
endfacet
facet normal -0.667 0.236 -0.707
 outer loop
  vertex 3.812 -1.213 0
  vertex 3.096 -1.208 0.677
  vertex 3.163 -1.006 0.68
 endloop
endfacet
facet normal -0.68 0.194 -0.707
 outer loop
  vertex 3.812 -1.213 0
  vertex 3.163 -1.006 0.68
  vertex 3.216 -0.814 0.683
 endloop
endfacet
facet normal -0.69 0.173 -0.703
 outer loop
  vertex 3.932 -0.735 0
  vertex 3.812 -1.213 0
  vertex 3.216 -0.814 0.683
 endloop
endfacet
facet normal -0.591 -0.156 -0.792
 outer loop
  vertex 3.821 0.87 6.719
  vertex 3.794 0.979 6.718
  vertex 3.796 0.979 6.717
 endloop
endfacet
facet normal -0.584 -0.182 -0.791
 outer loop
  vertex 3.796 0.979 6.717
  vertex 3.794 0.979 6.718
  vertex 3.737 1.189 6.712
 endloop
endfacet
facet normal -0.592 -0.184 -0.785
 outer loop
  vertex 3.794 0.979 6.718
  vertex 3.732 1.187 6.716
  vertex 3.737 1.189 6.712
 endloop
endfacet
facet normal -0.579 -0.224 -0.784
 outer loop
  vertex 3.737 1.189 6.712
  vertex 3.732 1.187 6.716
  vertex 3.636 1.447 6.713
 endloop
endfacet
facet normal -0.583 -0.226 -0.78
 outer loop
  vertex 3.737 1.189 6.712
  vertex 3.636 1.447 6.713
  vertex 3.646 1.45 6.704
 endloop
endfacet
facet normal -0.569 -0.265 -0.779
 outer loop
  vertex 3.646 1.45 6.704
  vertex 3.636 1.447 6.713
  vertex 3.567 1.64 6.697
 endloop
endfacet
facet normal -0.568 -0.264 -0.779
 outer loop
  vertex 3.636 1.447 6.713
  vertex 3.552 1.634 6.71
  vertex 3.567 1.64 6.697
 endloop
endfacet
facet normal -0.551 -0.303 -0.778
 outer loop
  vertex 3.567 1.64 6.697
  vertex 3.552 1.634 6.71
  vertex 3.418 1.889 6.706
 endloop
endfacet
facet normal -0.55 -0.303 -0.778
 outer loop
  vertex 3.567 1.64 6.697
  vertex 3.418 1.889 6.706
  vertex 3.44 1.9 6.686
 endloop
endfacet
facet normal -0.531 -0.339 -0.777
 outer loop
  vertex 3.44 1.9 6.686
  vertex 3.418 1.889 6.706
  vertex 3.344 2.069 6.677
 endloop
endfacet
facet normal -0.532 -0.34 -0.776
 outer loop
  vertex 3.418 1.889 6.706
  vertex 3.318 2.054 6.702
  vertex 3.344 2.069 6.677
 endloop
endfacet
facet normal -0.51 -0.376 -0.774
 outer loop
  vertex 3.344 2.069 6.677
  vertex 3.318 2.054 6.702
  vertex 3.147 2.298 6.696
 endloop
endfacet
facet normal -0.51 -0.376 -0.774
 outer loop
  vertex 3.344 2.069 6.677
  vertex 3.147 2.298 6.696
  vertex 3.181 2.32 6.663
 endloop
endfacet
facet normal -0.486 -0.41 -0.772
 outer loop
  vertex 3.181 2.32 6.663
  vertex 3.147 2.298 6.696
  vertex 3.033 2.44 6.693
 endloop
endfacet
facet normal -0.522 -0.468 -0.713
 outer loop
  vertex 3.181 2.32 6.663
  vertex 3.033 2.44 6.693
  vertex 2.872 2.705 6.636
 endloop
endfacet
facet normal -0.46 -0.443 -0.769
 outer loop
  vertex 2.872 2.705 6.636
  vertex 3.033 2.44 6.693
  vertex 2.826 2.667 6.686
 endloop
endfacet
facet normal -0.433 -0.474 -0.767
 outer loop
  vertex 2.872 2.705 6.636
  vertex 2.826 2.667 6.686
  vertex 2.702 2.787 6.682
 endloop
endfacet
facet normal -0.445 -0.523 -0.727
 outer loop
  vertex 2.872 2.705 6.636
  vertex 2.702 2.787 6.682
  vertex 2.519 3.049 6.605
 endloop
endfacet
facet normal -0.402 -0.504 -0.764
 outer loop
  vertex 2.519 3.049 6.605
  vertex 2.702 2.787 6.682
  vertex 2.462 2.99 6.674
 endloop
endfacet
facet normal -0.371 -0.531 -0.762
 outer loop
  vertex 2.519 3.049 6.605
  vertex 2.462 2.99 6.674
  vertex 2.332 3.088 6.669
 endloop
endfacet
facet normal -0.37 -0.572 -0.732
 outer loop
  vertex 2.519 3.049 6.605
  vertex 2.332 3.088 6.669
  vertex 2.126 3.347 6.571
 endloop
endfacet
facet normal -0.338 -0.557 -0.758
 outer loop
  vertex 2.126 3.347 6.571
  vertex 2.332 3.088 6.669
  vertex 2.062 3.263 6.661
 endloop
endfacet
facet normal -0.304 -0.58 -0.756
 outer loop
  vertex 2.126 3.347 6.571
  vertex 2.062 3.263 6.661
  vertex 1.928 3.339 6.656
 endloop
endfacet
facet normal -0.292 -0.615 -0.733
 outer loop
  vertex 2.126 3.347 6.571
  vertex 1.928 3.339 6.656
  vertex 1.699 3.594 6.533
 endloop
endfacet
facet normal -0.268 -0.602 -0.752
 outer loop
  vertex 1.699 3.594 6.533
  vertex 1.928 3.339 6.656
  vertex 1.633 3.482 6.646
 endloop
endfacet
facet normal -0.23 -0.621 -0.749
 outer loop
  vertex 1.699 3.594 6.533
  vertex 1.633 3.482 6.646
  vertex 1.498 3.538 6.642
 endloop
endfacet
facet normal -0.212 -0.65 -0.73
 outer loop
  vertex 1.699 3.594 6.533
  vertex 1.498 3.538 6.642
  vertex 1.246 3.787 6.494
 endloop
endfacet
facet normal -0.192 -0.638 -0.746
 outer loop
  vertex 1.246 3.787 6.494
  vertex 1.498 3.538 6.642
  vertex 1.183 3.644 6.632
 endloop
endfacet
facet normal -0.152 -0.652 -0.742
 outer loop
  vertex 1.246 3.787 6.494
  vertex 1.183 3.644 6.632
  vertex 1.047 3.681 6.627
 endloop
endfacet
facet normal -0.129 -0.675 -0.726
 outer loop
  vertex 1.246 3.787 6.494
  vertex 1.047 3.681 6.627
  vertex 0.772 3.922 6.452
 endloop
endfacet
facet normal -0.112 -0.665 -0.739
 outer loop
  vertex 0.772 3.922 6.452
  vertex 1.047 3.681 6.627
  vertex 0.719 3.748 6.617
 endloop
endfacet
facet normal -0.071 -0.674 -0.735
 outer loop
  vertex 0.772 3.922 6.452
  vertex 0.719 3.748 6.617
  vertex 0.585 3.767 6.612
 endloop
endfacet
facet normal -0.045 -0.691 -0.721
 outer loop
  vertex 0.772 3.922 6.452
  vertex 0.585 3.767 6.612
  vertex 0.285 3.998 6.41
 endloop
endfacet
facet normal -0.03 -0.681 -0.731
 outer loop
  vertex 0.285 3.998 6.41
  vertex 0.585 3.767 6.612
  vertex 0.25 3.794 6.602
 endloop
endfacet
facet normal 0.012 -0.685 -0.728
 outer loop
  vertex 0.285 3.998 6.41
  vertex 0.25 3.794 6.602
  vertex 0.117 3.796 6.598
 endloop
endfacet
facet normal 0.041 -0.698 -0.715
 outer loop
  vertex 0.285 3.998 6.41
  vertex 0.117 3.796 6.598
  vertex -0.207 4.013 6.367
 endloop
endfacet
facet normal 0.054 -0.688 -0.724
 outer loop
  vertex -0.207 4.013 6.367
  vertex 0.117 3.796 6.598
  vertex -0.219 3.781 6.587
 endloop
endfacet
facet normal 0.096 -0.687 -0.721
 outer loop
  vertex -0.207 4.013 6.367
  vertex -0.219 3.781 6.587
  vertex -0.349 3.767 6.583
 endloop
endfacet
facet normal 0.127 -0.694 -0.709
 outer loop
  vertex -0.207 4.013 6.367
  vertex -0.349 3.767 6.583
  vertex -0.697 3.968 6.324
 endloop
endfacet
facet normal 0.138 -0.684 -0.717
 outer loop
  vertex -0.697 3.968 6.324
  vertex -0.349 3.767 6.583
  vertex -0.679 3.711 6.572
 endloop
endfacet
facet normal 0.18 -0.677 -0.713
 outer loop
  vertex -0.697 3.968 6.324
  vertex -0.679 3.711 6.572
  vertex -0.806 3.681 6.568
 endloop
endfacet
facet normal 0.211 -0.68 -0.702
 outer loop
  vertex -0.697 3.968 6.324
  vertex -0.806 3.681 6.568
  vertex -1.178 3.862 6.282
 endloop
endfacet
facet normal 0.222 -0.669 -0.709
 outer loop
  vertex -1.178 3.862 6.282
  vertex -0.806 3.681 6.568
  vertex -1.124 3.586 6.559
 endloop
endfacet
facet normal 0.262 -0.658 -0.706
 outer loop
  vertex -1.178 3.862 6.282
  vertex -1.124 3.586 6.559
  vertex -1.248 3.541 6.555
 endloop
endfacet
facet normal 0.293 -0.656 -0.696
 outer loop
  vertex -1.178 3.862 6.282
  vertex -1.248 3.541 6.555
  vertex -1.643 3.698 6.241
 endloop
endfacet
facet normal 0.302 -0.644 -0.702
 outer loop
  vertex -1.643 3.698 6.241
  vertex -1.248 3.541 6.555
  vertex -1.548 3.411 6.545
 endloop
endfacet
facet normal 0.342 -0.628 -0.699
 outer loop
  vertex -1.643 3.698 6.241
  vertex -1.548 3.411 6.545
  vertex -1.668 3.349 6.542
 endloop
endfacet
facet normal 0.371 -0.622 -0.69
 outer loop
  vertex -1.643 3.698 6.241
  vertex -1.668 3.349 6.542
  vertex -2.084 3.477 6.202
 endloop
endfacet
facet normal 0.38 -0.61 -0.696
 outer loop
  vertex -2.084 3.477 6.202
  vertex -1.668 3.349 6.542
  vertex -1.944 3.187 6.533
 endloop
endfacet
facet normal 0.417 -0.589 -0.693
 outer loop
  vertex -2.084 3.477 6.202
  vertex -1.944 3.187 6.533
  vertex -2.06 3.109 6.53
 endloop
endfacet
facet normal 0.445 -0.579 -0.683
 outer loop
  vertex -2.084 3.477 6.202
  vertex -2.06 3.109 6.53
  vertex -2.494 3.204 6.167
 endloop
endfacet
facet normal 0.453 -0.566 -0.689
 outer loop
  vertex -2.494 3.204 6.167
  vertex -2.06 3.109 6.53
  vertex -2.309 2.919 6.522
 endloop
endfacet
facet normal 0.487 -0.54 -0.686
 outer loop
  vertex -2.494 3.204 6.167
  vertex -2.309 2.919 6.522
  vertex -2.419 2.824 6.519
 endloop
endfacet
facet normal 0.513 -0.527 -0.678
 outer loop
  vertex -2.494 3.204 6.167
  vertex -2.419 2.824 6.519
  vertex -2.868 2.883 6.134
 endloop
endfacet
facet normal 0.519 -0.513 -0.683
 outer loop
  vertex -2.868 2.883 6.134
  vertex -2.419 2.824 6.519
  vertex -2.638 2.612 6.512
 endloop
endfacet
facet normal 0.55 -0.483 -0.681
 outer loop
  vertex -2.868 2.883 6.134
  vertex -2.638 2.612 6.512
  vertex -2.741 2.499 6.509
 endloop
endfacet
facet normal 0.574 -0.467 -0.673
 outer loop
  vertex -2.868 2.883 6.134
  vertex -2.741 2.499 6.509
  vertex -3.2 2.517 6.105
 endloop
endfacet
facet normal 0.579 -0.452 -0.678
 outer loop
  vertex -3.2 2.517 6.105
  vertex -2.741 2.499 6.509
  vertex -2.926 2.27 6.504
 endloop
endfacet
facet normal 0.606 -0.419 -0.676
 outer loop
  vertex -3.2 2.517 6.105
  vertex -2.926 2.27 6.504
  vertex -3.021 2.138 6.501
 endloop
endfacet
facet normal 0.627 -0.401 -0.668
 outer loop
  vertex -3.2 2.517 6.105
  vertex -3.021 2.138 6.501
  vertex -3.485 2.114 6.08
 endloop
endfacet
facet normal 0.631 -0.385 -0.674
 outer loop
  vertex -3.485 2.114 6.08
  vertex -3.021 2.138 6.501
  vertex -3.172 1.898 6.496
 endloop
endfacet
facet normal 0.654 -0.348 -0.672
 outer loop
  vertex -3.485 2.114 6.08
  vertex -3.172 1.898 6.496
  vertex -3.254 1.747 6.494
 endloop
endfacet
facet normal 0.672 -0.328 -0.664
 outer loop
  vertex -3.485 2.114 6.08
  vertex -3.254 1.747 6.494
  vertex -3.718 1.678 6.06
 endloop
endfacet
facet normal 0.674 -0.311 -0.67
 outer loop
  vertex -3.718 1.678 6.06
  vertex -3.254 1.747 6.494
  vertex -3.371 1.502 6.49
 endloop
endfacet
facet normal 0.693 -0.271 -0.668
 outer loop
  vertex -3.718 1.678 6.06
  vertex -3.371 1.502 6.49
  vertex -3.439 1.332 6.488
 endloop
endfacet
facet normal 0.707 -0.251 -0.661
 outer loop
  vertex -3.718 1.678 6.06
  vertex -3.439 1.332 6.488
  vertex -3.895 1.217 6.044
 endloop
endfacet
facet normal 0.708 -0.232 -0.667
 outer loop
  vertex -3.895 1.217 6.044
  vertex -3.439 1.332 6.488
  vertex -3.522 1.087 6.486
 endloop
endfacet
facet normal 0.721 -0.191 -0.666
 outer loop
  vertex -3.895 1.217 6.044
  vertex -3.522 1.087 6.486
  vertex -3.573 0.899 6.484
 endloop
endfacet
facet normal 0.733 -0.169 -0.659
 outer loop
  vertex -3.895 1.217 6.044
  vertex -3.573 0.899 6.484
  vertex -4.016 0.738 6.033
 endloop
endfacet
facet normal 0.732 -0.15 -0.665
 outer loop
  vertex -4.016 0.738 6.033
  vertex -3.573 0.899 6.484
  vertex -3.624 0.658 6.483
 endloop
endfacet
facet normal 0.74 -0.107 -0.664
 outer loop
  vertex -4.016 0.738 6.033
  vertex -3.624 0.658 6.483
  vertex -3.654 0.452 6.482
 endloop
endfacet
facet normal 0.749 -0.085 -0.658
 outer loop
  vertex -4.016 0.738 6.033
  vertex -3.654 0.452 6.482
  vertex -4.076 0.247 6.028
 endloop
endfacet
facet normal 0.745 -0.065 -0.664
 outer loop
  vertex -4.076 0.247 6.028
  vertex -3.654 0.452 6.482
  vertex -3.675 0.22 6.481
 endloop
endfacet
facet normal 0.748 -0.021 -0.664
 outer loop
  vertex -4.076 0.247 6.028
  vertex -3.675 0.22 6.481
  vertex -3.681 0 6.481
 endloop
endfacet
facet normal 0.754 0 -0.657
 outer loop
  vertex -4.076 0.247 6.028
  vertex -3.681 0 6.481
  vertex -4.076 -0.247 6.028
 endloop
endfacet
facet normal 0.748 0.021 -0.664
 outer loop
  vertex -4.076 -0.247 6.028
  vertex -3.681 0 6.481
  vertex -3.675 -0.22 6.481
 endloop
endfacet
facet normal 0.745 0.065 -0.664
 outer loop
  vertex -4.076 -0.247 6.028
  vertex -3.675 -0.22 6.481
  vertex -3.654 -0.452 6.482
 endloop
endfacet
facet normal 0.749 0.085 -0.658
 outer loop
  vertex -4.076 -0.247 6.028
  vertex -3.654 -0.452 6.482
  vertex -4.016 -0.738 6.033
 endloop
endfacet
facet normal 0.74 0.107 -0.664
 outer loop
  vertex -4.016 -0.738 6.033
  vertex -3.654 -0.452 6.482
  vertex -3.624 -0.658 6.483
 endloop
endfacet
facet normal 0.732 0.15 -0.665
 outer loop
  vertex -4.016 -0.738 6.033
  vertex -3.624 -0.658 6.483
  vertex -3.573 -0.899 6.484
 endloop
endfacet
facet normal 0.733 0.169 -0.659
 outer loop
  vertex -4.016 -0.738 6.033
  vertex -3.573 -0.899 6.484
  vertex -3.895 -1.217 6.044
 endloop
endfacet
facet normal 0.721 0.191 -0.666
 outer loop
  vertex -3.895 -1.217 6.044
  vertex -3.573 -0.899 6.484
  vertex -3.522 -1.087 6.486
 endloop
endfacet
facet normal 0.708 0.232 -0.667
 outer loop
  vertex -3.895 -1.217 6.044
  vertex -3.522 -1.087 6.486
  vertex -3.439 -1.332 6.488
 endloop
endfacet
facet normal 0.707 0.251 -0.661
 outer loop
  vertex -3.895 -1.217 6.044
  vertex -3.439 -1.332 6.488
  vertex -3.718 -1.678 6.06
 endloop
endfacet
facet normal 0.693 0.271 -0.668
 outer loop
  vertex -3.718 -1.678 6.06
  vertex -3.439 -1.332 6.488
  vertex -3.371 -1.502 6.49
 endloop
endfacet
facet normal 0.674 0.311 -0.67
 outer loop
  vertex -3.718 -1.678 6.06
  vertex -3.371 -1.502 6.49
  vertex -3.254 -1.747 6.494
 endloop
endfacet
facet normal 0.672 0.328 -0.664
 outer loop
  vertex -3.718 -1.678 6.06
  vertex -3.254 -1.747 6.494
  vertex -3.485 -2.114 6.08
 endloop
endfacet
facet normal 0.654 0.348 -0.672
 outer loop
  vertex -3.485 -2.114 6.08
  vertex -3.254 -1.747 6.494
  vertex -3.172 -1.898 6.496
 endloop
endfacet
facet normal 0.631 0.385 -0.674
 outer loop
  vertex -3.485 -2.114 6.08
  vertex -3.172 -1.898 6.496
  vertex -3.021 -2.138 6.501
 endloop
endfacet
facet normal 0.627 0.401 -0.668
 outer loop
  vertex -3.485 -2.114 6.08
  vertex -3.021 -2.138 6.501
  vertex -3.2 -2.517 6.105
 endloop
endfacet
facet normal 0.606 0.419 -0.676
 outer loop
  vertex -3.2 -2.517 6.105
  vertex -3.021 -2.138 6.501
  vertex -2.926 -2.27 6.504
 endloop
endfacet
facet normal 0.579 0.452 -0.678
 outer loop
  vertex -3.2 -2.517 6.105
  vertex -2.926 -2.27 6.504
  vertex -2.741 -2.499 6.509
 endloop
endfacet
facet normal 0.574 0.467 -0.673
 outer loop
  vertex -3.2 -2.517 6.105
  vertex -2.741 -2.499 6.509
  vertex -2.868 -2.883 6.134
 endloop
endfacet
facet normal 0.55 0.483 -0.681
 outer loop
  vertex -2.868 -2.883 6.134
  vertex -2.741 -2.499 6.509
  vertex -2.638 -2.612 6.512
 endloop
endfacet
facet normal 0.519 0.513 -0.683
 outer loop
  vertex -2.868 -2.883 6.134
  vertex -2.638 -2.612 6.512
  vertex -2.419 -2.824 6.519
 endloop
endfacet
facet normal 0.513 0.527 -0.678
 outer loop
  vertex -2.868 -2.883 6.134
  vertex -2.419 -2.824 6.519
  vertex -2.494 -3.204 6.167
 endloop
endfacet
facet normal 0.487 0.54 -0.686
 outer loop
  vertex -2.494 -3.204 6.167
  vertex -2.419 -2.824 6.519
  vertex -2.309 -2.919 6.522
 endloop
endfacet
facet normal 0.453 0.566 -0.689
 outer loop
  vertex -2.494 -3.204 6.167
  vertex -2.309 -2.919 6.522
  vertex -2.06 -3.109 6.53
 endloop
endfacet
facet normal 0.445 0.579 -0.683
 outer loop
  vertex -2.494 -3.204 6.167
  vertex -2.06 -3.109 6.53
  vertex -2.084 -3.477 6.202
 endloop
endfacet
facet normal 0.417 0.589 -0.693
 outer loop
  vertex -2.084 -3.477 6.202
  vertex -2.06 -3.109 6.53
  vertex -1.944 -3.187 6.533
 endloop
endfacet
facet normal 0.38 0.61 -0.696
 outer loop
  vertex -2.084 -3.477 6.202
  vertex -1.944 -3.187 6.533
  vertex -1.668 -3.349 6.542
 endloop
endfacet
facet normal 0.371 0.622 -0.69
 outer loop
  vertex -2.084 -3.477 6.202
  vertex -1.668 -3.349 6.542
  vertex -1.643 -3.698 6.241
 endloop
endfacet
facet normal 0.342 0.628 -0.699
 outer loop
  vertex -1.643 -3.698 6.241
  vertex -1.668 -3.349 6.542
  vertex -1.548 -3.411 6.545
 endloop
endfacet
facet normal 0.302 0.644 -0.702
 outer loop
  vertex -1.643 -3.698 6.241
  vertex -1.548 -3.411 6.545
  vertex -1.248 -3.541 6.555
 endloop
endfacet
facet normal 0.293 0.656 -0.696
 outer loop
  vertex -1.643 -3.698 6.241
  vertex -1.248 -3.541 6.555
  vertex -1.178 -3.862 6.282
 endloop
endfacet
facet normal 0.262 0.658 -0.706
 outer loop
  vertex -1.178 -3.862 6.282
  vertex -1.248 -3.541 6.555
  vertex -1.124 -3.586 6.559
 endloop
endfacet
facet normal 0.222 0.669 -0.709
 outer loop
  vertex -1.178 -3.862 6.282
  vertex -1.124 -3.586 6.559
  vertex -0.806 -3.681 6.568
 endloop
endfacet
facet normal 0.211 0.68 -0.702
 outer loop
  vertex -1.178 -3.862 6.282
  vertex -0.806 -3.681 6.568
  vertex -0.697 -3.968 6.324
 endloop
endfacet
facet normal 0.18 0.677 -0.713
 outer loop
  vertex -0.697 -3.968 6.324
  vertex -0.806 -3.681 6.568
  vertex -0.679 -3.711 6.572
 endloop
endfacet
facet normal 0.138 0.684 -0.717
 outer loop
  vertex -0.697 -3.968 6.324
  vertex -0.679 -3.711 6.572
  vertex -0.349 -3.767 6.583
 endloop
endfacet
facet normal 0.127 0.694 -0.709
 outer loop
  vertex -0.697 -3.968 6.324
  vertex -0.349 -3.767 6.583
  vertex -0.207 -4.013 6.367
 endloop
endfacet
facet normal 0.096 0.687 -0.721
 outer loop
  vertex -0.207 -4.013 6.367
  vertex -0.349 -3.767 6.583
  vertex -0.219 -3.781 6.587
 endloop
endfacet
facet normal 0.054 0.688 -0.724
 outer loop
  vertex -0.207 -4.013 6.367
  vertex -0.219 -3.781 6.587
  vertex 0.117 -3.796 6.598
 endloop
endfacet
facet normal 0.041 0.698 -0.715
 outer loop
  vertex -0.207 -4.013 6.367
  vertex 0.117 -3.796 6.598
  vertex 0.285 -3.998 6.41
 endloop
endfacet
facet normal 0.012 0.685 -0.728
 outer loop
  vertex 0.285 -3.998 6.41
  vertex 0.117 -3.796 6.598
  vertex 0.25 -3.794 6.602
 endloop
endfacet
facet normal -0.03 0.681 -0.731
 outer loop
  vertex 0.285 -3.998 6.41
  vertex 0.25 -3.794 6.602
  vertex 0.585 -3.767 6.612
 endloop
endfacet
facet normal -0.045 0.691 -0.721
 outer loop
  vertex 0.285 -3.998 6.41
  vertex 0.585 -3.767 6.612
  vertex 0.772 -3.922 6.452
 endloop
endfacet
facet normal -0.071 0.674 -0.735
 outer loop
  vertex 0.772 -3.922 6.452
  vertex 0.585 -3.767 6.612
  vertex 0.719 -3.748 6.617
 endloop
endfacet
facet normal -0.112 0.665 -0.739
 outer loop
  vertex 0.772 -3.922 6.452
  vertex 0.719 -3.748 6.617
  vertex 1.047 -3.681 6.627
 endloop
endfacet
facet normal -0.129 0.675 -0.726
 outer loop
  vertex 0.772 -3.922 6.452
  vertex 1.047 -3.681 6.627
  vertex 1.246 -3.787 6.494
 endloop
endfacet
facet normal -0.152 0.652 -0.742
 outer loop
  vertex 1.246 -3.787 6.494
  vertex 1.047 -3.681 6.627
  vertex 1.183 -3.644 6.632
 endloop
endfacet
facet normal -0.192 0.638 -0.746
 outer loop
  vertex 1.246 -3.787 6.494
  vertex 1.183 -3.644 6.632
  vertex 1.498 -3.538 6.642
 endloop
endfacet
facet normal -0.212 0.65 -0.73
 outer loop
  vertex 1.246 -3.787 6.494
  vertex 1.498 -3.538 6.642
  vertex 1.699 -3.594 6.533
 endloop
endfacet
facet normal -0.23 0.621 -0.749
 outer loop
  vertex 1.699 -3.594 6.533
  vertex 1.498 -3.538 6.642
  vertex 1.633 -3.482 6.646
 endloop
endfacet
facet normal -0.268 0.602 -0.752
 outer loop
  vertex 1.699 -3.594 6.533
  vertex 1.633 -3.482 6.646
  vertex 1.928 -3.339 6.656
 endloop
endfacet
facet normal -0.292 0.615 -0.733
 outer loop
  vertex 1.699 -3.594 6.533
  vertex 1.928 -3.339 6.656
  vertex 2.126 -3.347 6.571
 endloop
endfacet
facet normal -0.304 0.58 -0.756
 outer loop
  vertex 2.126 -3.347 6.571
  vertex 1.928 -3.339 6.656
  vertex 2.062 -3.263 6.661
 endloop
endfacet
facet normal -0.338 0.557 -0.758
 outer loop
  vertex 2.126 -3.347 6.571
  vertex 2.062 -3.263 6.661
  vertex 2.332 -3.088 6.669
 endloop
endfacet
facet normal -0.37 0.572 -0.732
 outer loop
  vertex 2.126 -3.347 6.571
  vertex 2.332 -3.088 6.669
  vertex 2.519 -3.049 6.605
 endloop
endfacet
facet normal -0.371 0.531 -0.762
 outer loop
  vertex 2.519 -3.049 6.605
  vertex 2.332 -3.088 6.669
  vertex 2.462 -2.99 6.674
 endloop
endfacet
facet normal -0.394 0.511 -0.764
 outer loop
  vertex 2.519 -3.049 6.605
  vertex 2.462 -2.99 6.674
  vertex 2.602 -2.875 6.678
 endloop
endfacet
facet normal -0.439 0.52 -0.733
 outer loop
  vertex 2.602 -2.875 6.678
  vertex 2.702 -2.787 6.682
  vertex 2.519 -3.049 6.605
 endloop
endfacet
facet normal -0.445 0.523 -0.727
 outer loop
  vertex 2.519 -3.049 6.605
  vertex 2.702 -2.787 6.682
  vertex 2.872 -2.705 6.636
 endloop
endfacet
facet normal -0.433 0.474 -0.767
 outer loop
  vertex 2.702 -2.787 6.682
  vertex 2.826 -2.667 6.686
  vertex 2.872 -2.705 6.636
 endloop
endfacet
facet normal -0.46 0.443 -0.769
 outer loop
  vertex 2.872 -2.705 6.636
  vertex 2.826 -2.667 6.686
  vertex 3.033 -2.44 6.693
 endloop
endfacet
facet normal -0.522 0.468 -0.713
 outer loop
  vertex 2.872 -2.705 6.636
  vertex 3.033 -2.44 6.693
  vertex 3.181 -2.32 6.663
 endloop
endfacet
facet normal -0.486 0.41 -0.772
 outer loop
  vertex 3.181 -2.32 6.663
  vertex 3.033 -2.44 6.693
  vertex 3.147 -2.298 6.696
 endloop
endfacet
facet normal -0.51 0.376 -0.774
 outer loop
  vertex 3.181 -2.32 6.663
  vertex 3.147 -2.298 6.696
  vertex 3.344 -2.069 6.677
 endloop
endfacet
facet normal -0.51 0.376 -0.774
 outer loop
  vertex 3.344 -2.069 6.677
  vertex 3.147 -2.298 6.696
  vertex 3.318 -2.054 6.702
 endloop
endfacet
facet normal -0.532 0.34 -0.776
 outer loop
  vertex 3.344 -2.069 6.677
  vertex 3.318 -2.054 6.702
  vertex 3.44 -1.9 6.686
 endloop
endfacet
facet normal -0.531 0.339 -0.776
 outer loop
  vertex 3.44 -1.9 6.686
  vertex 3.318 -2.054 6.702
  vertex 3.418 -1.889 6.706
 endloop
endfacet
facet normal -0.55 0.303 -0.778
 outer loop
  vertex 3.44 -1.9 6.686
  vertex 3.418 -1.889 6.706
  vertex 3.567 -1.64 6.697
 endloop
endfacet
facet normal -0.551 0.303 -0.778
 outer loop
  vertex 3.567 -1.64 6.697
  vertex 3.418 -1.889 6.706
  vertex 3.552 -1.634 6.71
 endloop
endfacet
facet normal -0.568 0.264 -0.779
 outer loop
  vertex 3.567 -1.64 6.697
  vertex 3.552 -1.634 6.71
  vertex 3.646 -1.45 6.704
 endloop
endfacet
facet normal -0.569 0.265 -0.779
 outer loop
  vertex 3.646 -1.45 6.704
  vertex 3.552 -1.634 6.71
  vertex 3.636 -1.447 6.713
 endloop
endfacet
facet normal -0.583 0.226 -0.78
 outer loop
  vertex 3.646 -1.45 6.704
  vertex 3.636 -1.447 6.713
  vertex 3.737 -1.189 6.712
 endloop
endfacet
facet normal -0.579 0.224 -0.784
 outer loop
  vertex 3.737 -1.189 6.712
  vertex 3.636 -1.447 6.713
  vertex 3.732 -1.187 6.716
 endloop
endfacet
facet normal -0.592 0.185 -0.785
 outer loop
  vertex 3.737 -1.189 6.712
  vertex 3.732 -1.187 6.716
  vertex 3.796 -0.979 6.717
 endloop
endfacet
facet normal -0.584 0.182 -0.791
 outer loop
  vertex 3.796 -0.979 6.717
  vertex 3.732 -1.187 6.716
  vertex 3.794 -0.979 6.718
 endloop
endfacet
facet normal -0.591 0.156 -0.792
 outer loop
  vertex 3.796 -0.979 6.717
  vertex 3.794 -0.979 6.718
  vertex 3.821 -0.87 6.719
 endloop
endfacet
facet normal 0.029 -0.681 0.732
 outer loop
  vertex -0.494 3.188 5.391
  vertex -0.372 3.204 5.402
  vertex -0.68 3.968 6.125
 endloop
endfacet
facet normal 0.003 -0.687 0.727
 outer loop
  vertex -0.68 3.968 6.125
  vertex -0.372 3.204 5.402
  vertex -0.248 3.214 5.41
 endloop
endfacet
facet normal 0 -0.688 0.726
 outer loop
  vertex -0.68 3.968 6.125
  vertex -0.248 3.214 5.41
  vertex -0.189 4.013 6.167
 endloop
endfacet
facet normal -0.026 -0.686 0.727
 outer loop
  vertex -0.189 4.013 6.167
  vertex -0.248 3.214 5.41
  vertex -0.099 3.218 5.42
 endloop
endfacet
facet normal -0.069 -0.688 0.723
 outer loop
  vertex -0.189 4.013 6.167
  vertex -0.099 3.218 5.42
  vertex 0.147 3.211 5.436
 endloop
endfacet
facet normal -0.084 -0.69 0.719
 outer loop
  vertex -0.189 4.013 6.167
  vertex 0.147 3.211 5.436
  vertex 0.303 3.998 6.21
 endloop
endfacet
facet normal -0.103 -0.687 0.719
 outer loop
  vertex 0.303 3.998 6.21
  vertex 0.147 3.211 5.436
  vertex 0.222 3.204 5.441
 endloop
endfacet
facet normal -0.119 -0.685 0.719
 outer loop
  vertex 0.303 3.998 6.21
  vertex 0.222 3.204 5.441
  vertex 0.295 3.199 5.447
 endloop
endfacet
facet normal -0.153 -0.682 0.715
 outer loop
  vertex 0.295 3.199 5.447
  vertex 0.541 3.166 5.468
  vertex 0.303 3.998 6.21
 endloop
endfacet
facet normal -0.169 -0.682 0.711
 outer loop
  vertex 0.303 3.998 6.21
  vertex 0.541 3.166 5.468
  vertex 0.789 3.922 6.253
 endloop
endfacet
facet normal -0.194 -0.675 0.712
 outer loop
  vertex 0.541 3.166 5.468
  vertex 0.685 3.138 5.481
  vertex 0.789 3.922 6.253
 endloop
endfacet
facet normal -0.236 -0.665 0.708
 outer loop
  vertex 0.789 3.922 6.253
  vertex 0.685 3.138 5.481
  vertex 0.929 3.074 5.502
 endloop
endfacet
facet normal -0.251 -0.664 0.704
 outer loop
  vertex 0.789 3.922 6.253
  vertex 0.929 3.074 5.502
  vertex 1.263 3.787 6.295
 endloop
endfacet
facet normal -0.277 -0.653 0.705
 outer loop
  vertex 1.263 3.787 6.295
  vertex 0.929 3.074 5.502
  vertex 1.064 3.03 5.514
 endloop
endfacet
facet normal -0.33 -0.634 0.7
 outer loop
  vertex 1.263 3.787 6.295
  vertex 1.064 3.03 5.514
  vertex 1.717 3.594 6.334
 endloop
endfacet
facet normal -0.33 -0.634 0.7
 outer loop
  vertex 1.717 3.594 6.334
  vertex 1.064 3.03 5.514
  vertex 1.426 2.875 5.546
 endloop
endfacet
facet normal -0.406 -0.596 0.693
 outer loop
  vertex 1.717 3.594 6.334
  vertex 1.426 2.875 5.546
  vertex 2.143 3.347 6.372
 endloop
endfacet
facet normal -0.406 -0.596 0.693
 outer loop
  vertex 2.143 3.347 6.372
  vertex 1.426 2.875 5.546
  vertex 1.768 2.678 5.576
 endloop
endfacet
facet normal -0.476 -0.549 0.687
 outer loop
  vertex 2.143 3.347 6.372
  vertex 1.768 2.678 5.576
  vertex 2.536 3.049 6.406
 endloop
endfacet
facet normal -0.476 -0.549 0.687
 outer loop
  vertex 2.536 3.049 6.406
  vertex 1.768 2.678 5.576
  vertex 2.082 2.439 5.603
 endloop
endfacet
facet normal -0.54 -0.494 0.681
 outer loop
  vertex 2.536 3.049 6.406
  vertex 2.082 2.439 5.603
  vertex 2.89 2.705 6.437
 endloop
endfacet
facet normal -0.54 -0.494 0.681
 outer loop
  vertex 2.89 2.705 6.437
  vertex 2.082 2.439 5.603
  vertex 2.365 2.164 5.628
 endloop
endfacet
facet normal -0.597 -0.431 0.676
 outer loop
  vertex 2.89 2.705 6.437
  vertex 2.365 2.164 5.628
  vertex 3.199 2.32 6.464
 endloop
endfacet
facet normal -0.597 -0.431 0.676
 outer loop
  vertex 3.199 2.32 6.464
  vertex 2.365 2.164 5.628
  vertex 2.612 1.856 5.65
 endloop
endfacet
facet normal -0.646 -0.362 0.672
 outer loop
  vertex 3.199 2.32 6.464
  vertex 2.612 1.856 5.65
  vertex 3.458 1.9 6.487
 endloop
endfacet
facet normal -0.646 -0.362 0.672
 outer loop
  vertex 3.458 1.9 6.487
  vertex 2.612 1.856 5.65
  vertex 2.819 1.52 5.668
 endloop
endfacet
facet normal -0.686 -0.288 0.668
 outer loop
  vertex 3.458 1.9 6.487
  vertex 2.819 1.52 5.668
  vertex 3.664 1.45 6.505
 endloop
endfacet
facet normal -0.686 -0.288 0.668
 outer loop
  vertex 3.664 1.45 6.505
  vertex 2.819 1.52 5.668
  vertex 2.984 1.16 5.682
 endloop
endfacet
facet normal -0.716 -0.209 0.666
 outer loop
  vertex 3.664 1.45 6.505
  vertex 2.984 1.16 5.682
  vertex 3.813 0.979 6.518
 endloop
endfacet
facet normal -0.716 -0.209 0.666
 outer loop
  vertex 3.813 0.979 6.518
  vertex 2.984 1.16 5.682
  vertex 3.103 0.784 5.693
 endloop
endfacet
facet normal -0.737 -0.126 0.664
 outer loop
  vertex 3.813 0.979 6.518
  vertex 3.103 0.784 5.693
  vertex 3.903 0.493 6.526
 endloop
endfacet
facet normal -0.737 -0.126 0.664
 outer loop
  vertex 3.903 0.493 6.526
  vertex 3.103 0.784 5.693
  vertex 3.176 0.395 5.699
 endloop
endfacet
facet normal -0.747 -0.042 0.663
 outer loop
  vertex 3.903 0.493 6.526
  vertex 3.176 0.395 5.699
  vertex 3.934 -0 6.528
 endloop
endfacet
facet normal -0.747 -0.042 0.663
 outer loop
  vertex 3.934 -0 6.528
  vertex 3.176 0.395 5.699
  vertex 3.2 -0 5.701
 endloop
endfacet
facet normal -0.747 0.042 0.663
 outer loop
  vertex 3.934 -0 6.528
  vertex 3.2 -0 5.701
  vertex 3.903 -0.493 6.526
 endloop
endfacet
facet normal -0.747 0.042 0.663
 outer loop
  vertex 3.903 -0.493 6.526
  vertex 3.2 -0 5.701
  vertex 3.176 -0.395 5.699
 endloop
endfacet
facet normal -0.737 0.126 0.664
 outer loop
  vertex 3.903 -0.493 6.526
  vertex 3.176 -0.395 5.699
  vertex 3.813 -0.979 6.518
 endloop
endfacet
facet normal -0.737 0.126 0.664
 outer loop
  vertex 3.813 -0.979 6.518
  vertex 3.176 -0.395 5.699
  vertex 3.103 -0.784 5.693
 endloop
endfacet
facet normal -0.716 0.209 0.666
 outer loop
  vertex 3.813 -0.979 6.518
  vertex 3.103 -0.784 5.693
  vertex 3.664 -1.45 6.505
 endloop
endfacet
facet normal -0.716 0.209 0.666
 outer loop
  vertex 3.664 -1.45 6.505
  vertex 3.103 -0.784 5.693
  vertex 2.984 -1.16 5.682
 endloop
endfacet
facet normal -0.686 0.288 0.668
 outer loop
  vertex 3.664 -1.45 6.505
  vertex 2.984 -1.16 5.682
  vertex 3.458 -1.9 6.487
 endloop
endfacet
facet normal -0.686 0.288 0.668
 outer loop
  vertex 3.458 -1.9 6.487
  vertex 2.984 -1.16 5.682
  vertex 2.819 -1.52 5.668
 endloop
endfacet
facet normal -0.646 0.362 0.672
 outer loop
  vertex 3.458 -1.9 6.487
  vertex 2.819 -1.52 5.668
  vertex 3.199 -2.32 6.464
 endloop
endfacet
facet normal -0.646 0.362 0.672
 outer loop
  vertex 3.199 -2.32 6.464
  vertex 2.819 -1.52 5.668
  vertex 2.612 -1.856 5.65
 endloop
endfacet
facet normal -0.597 0.431 0.676
 outer loop
  vertex 3.199 -2.32 6.464
  vertex 2.612 -1.856 5.65
  vertex 2.89 -2.705 6.437
 endloop
endfacet
facet normal -0.597 0.431 0.676
 outer loop
  vertex 2.89 -2.705 6.437
  vertex 2.612 -1.856 5.65
  vertex 2.365 -2.164 5.628
 endloop
endfacet
facet normal -0.54 0.494 0.681
 outer loop
  vertex 2.89 -2.705 6.437
  vertex 2.365 -2.164 5.628
  vertex 2.536 -3.049 6.406
 endloop
endfacet
facet normal -0.54 0.494 0.681
 outer loop
  vertex 2.536 -3.049 6.406
  vertex 2.365 -2.164 5.628
  vertex 2.082 -2.439 5.603
 endloop
endfacet
facet normal -0.476 0.549 0.687
 outer loop
  vertex 2.536 -3.049 6.406
  vertex 2.082 -2.439 5.603
  vertex 2.143 -3.347 6.372
 endloop
endfacet
facet normal -0.476 0.549 0.687
 outer loop
  vertex 2.143 -3.347 6.372
  vertex 2.082 -2.439 5.603
  vertex 1.768 -2.678 5.576
 endloop
endfacet
facet normal -0.406 0.596 0.693
 outer loop
  vertex 2.143 -3.347 6.372
  vertex 1.768 -2.678 5.576
  vertex 1.717 -3.594 6.334
 endloop
endfacet
facet normal -0.406 0.596 0.693
 outer loop
  vertex 1.717 -3.594 6.334
  vertex 1.768 -2.678 5.576
  vertex 1.426 -2.875 5.546
 endloop
endfacet
facet normal -0.33 0.634 0.7
 outer loop
  vertex 1.717 -3.594 6.334
  vertex 1.426 -2.875 5.546
  vertex 1.263 -3.787 6.295
 endloop
endfacet
facet normal -0.33 0.634 0.7
 outer loop
  vertex 1.263 -3.787 6.295
  vertex 1.426 -2.875 5.546
  vertex 1.064 -3.03 5.514
 endloop
endfacet
facet normal -0.277 0.653 0.705
 outer loop
  vertex 1.263 -3.787 6.295
  vertex 1.064 -3.03 5.514
  vertex 0.929 -3.074 5.502
 endloop
endfacet
facet normal -0.251 0.664 0.704
 outer loop
  vertex 1.263 -3.787 6.295
  vertex 0.929 -3.074 5.502
  vertex 0.789 -3.922 6.253
 endloop
endfacet
facet normal -0.236 0.665 0.708
 outer loop
  vertex 0.789 -3.922 6.253
  vertex 0.929 -3.074 5.502
  vertex 0.685 -3.138 5.481
 endloop
endfacet
facet normal -0.194 0.675 0.712
 outer loop
  vertex 0.789 -3.922 6.253
  vertex 0.685 -3.138 5.481
  vertex 0.541 -3.166 5.468
 endloop
endfacet
facet normal -0.169 0.682 0.711
 outer loop
  vertex 0.789 -3.922 6.253
  vertex 0.541 -3.166 5.468
  vertex 0.303 -3.998 6.21
 endloop
endfacet
facet normal -0.153 0.682 0.715
 outer loop
  vertex 0.303 -3.998 6.21
  vertex 0.541 -3.166 5.468
  vertex 0.295 -3.199 5.447
 endloop
endfacet
facet normal -0.119 0.685 0.719
 outer loop
  vertex 0.303 -3.998 6.21
  vertex 0.295 -3.199 5.447
  vertex 0.222 -3.204 5.441
 endloop
endfacet
facet normal -0.103 0.687 0.719
 outer loop
  vertex 0.222 -3.204 5.441
  vertex 0.147 -3.211 5.436
  vertex 0.303 -3.998 6.21
 endloop
endfacet
facet normal -0.084 0.69 0.719
 outer loop
  vertex 0.303 -3.998 6.21
  vertex 0.147 -3.211 5.436
  vertex -0.189 -4.013 6.167
 endloop
endfacet
facet normal -0.069 0.688 0.723
 outer loop
  vertex 0.147 -3.211 5.436
  vertex -0.099 -3.218 5.42
  vertex -0.189 -4.013 6.167
 endloop
endfacet
facet normal -0.026 0.686 0.727
 outer loop
  vertex -0.189 -4.013 6.167
  vertex -0.099 -3.218 5.42
  vertex -0.248 -3.214 5.41
 endloop
endfacet
facet normal 0 0.688 0.726
 outer loop
  vertex -0.189 -4.013 6.167
  vertex -0.248 -3.214 5.41
  vertex -0.68 -3.968 6.125
 endloop
endfacet
facet normal 0.003 0.687 0.727
 outer loop
  vertex -0.68 -3.968 6.125
  vertex -0.248 -3.214 5.41
  vertex -0.372 -3.204 5.402
 endloop
endfacet
facet normal 0.029 0.681 0.732
 outer loop
  vertex -0.68 -3.968 6.125
  vertex -0.372 -3.204 5.402
  vertex -0.494 -3.188 5.391
 endloop
endfacet
facet normal 0.057 0.677 0.734
 outer loop
  vertex -0.494 -3.188 5.391
  vertex -0.638 -3.162 5.378
  vertex -0.68 -3.968 6.125
 endloop
endfacet
facet normal 0.084 0.675 0.733
 outer loop
  vertex -0.68 -3.968 6.125
  vertex -0.638 -3.162 5.378
  vertex -1.161 -3.862 6.082
 endloop
endfacet
facet normal 0.098 0.668 0.737
 outer loop
  vertex -0.638 -3.162 5.378
  vertex -0.881 -3.103 5.357
  vertex -1.161 -3.862 6.082
 endloop
endfacet
facet normal 0.139 0.657 0.741
 outer loop
  vertex -1.161 -3.862 6.082
  vertex -0.881 -3.103 5.357
  vertex -1.016 -3.061 5.345
 endloop
endfacet
facet normal 0.166 0.651 0.74
 outer loop
  vertex -1.161 -3.862 6.082
  vertex -1.016 -3.061 5.345
  vertex -1.625 -3.698 6.042
 endloop
endfacet
facet normal 0.179 0.643 0.744
 outer loop
  vertex -1.625 -3.698 6.042
  vertex -1.016 -3.061 5.345
  vertex -1.254 -2.971 5.325
 endloop
endfacet
facet normal 0.242 0.616 0.75
 outer loop
  vertex -1.625 -3.698 6.042
  vertex -1.254 -2.971 5.325
  vertex -2.066 -3.477 6.003
 endloop
endfacet
facet normal 0.242 0.616 0.75
 outer loop
  vertex -2.066 -3.477 6.003
  vertex -1.254 -2.971 5.325
  vertex -1.608 -2.794 5.294
 endloop
endfacet
facet normal 0.315 0.574 0.756
 outer loop
  vertex -2.066 -3.477 6.003
  vertex -1.608 -2.794 5.294
  vertex -2.477 -3.204 5.967
 endloop
endfacet
facet normal 0.315 0.574 0.756
 outer loop
  vertex -2.477 -3.204 5.967
  vertex -1.608 -2.794 5.294
  vertex -1.938 -2.574 5.265
 endloop
endfacet
facet normal 0.383 0.523 0.762
 outer loop
  vertex -2.477 -3.204 5.967
  vertex -1.938 -2.574 5.265
  vertex -2.851 -2.883 5.935
 endloop
endfacet
facet normal 0.383 0.523 0.762
 outer loop
  vertex -2.851 -2.883 5.935
  vertex -1.938 -2.574 5.265
  vertex -2.238 -2.316 5.238
 endloop
endfacet
facet normal 0.443 0.464 0.767
 outer loop
  vertex -2.851 -2.883 5.935
  vertex -2.238 -2.316 5.238
  vertex -3.183 -2.517 5.906
 endloop
endfacet
facet normal 0.443 0.464 0.767
 outer loop
  vertex -3.183 -2.517 5.906
  vertex -2.238 -2.316 5.238
  vertex -2.505 -2.022 5.215
 endloop
endfacet
facet normal 0.496 0.398 0.772
 outer loop
  vertex -3.183 -2.517 5.906
  vertex -2.505 -2.022 5.215
  vertex -3.467 -2.114 5.881
 endloop
endfacet
facet normal 0.496 0.398 0.772
 outer loop
  vertex -3.467 -2.114 5.881
  vertex -2.505 -2.022 5.215
  vertex -2.734 -1.698 5.195
 endloop
endfacet
facet normal 0.541 0.326 0.776
 outer loop
  vertex -3.467 -2.114 5.881
  vertex -2.734 -1.698 5.195
  vertex -3.7 -1.678 5.86
 endloop
endfacet
facet normal 0.541 0.326 0.776
 outer loop
  vertex -3.7 -1.678 5.86
  vertex -2.734 -1.698 5.195
  vertex -2.921 -1.348 5.179
 endloop
endfacet
facet normal 0.576 0.249 0.779
 outer loop
  vertex -3.7 -1.678 5.86
  vertex -2.921 -1.348 5.179
  vertex -3.878 -1.217 5.845
 endloop
endfacet
facet normal 0.576 0.249 0.779
 outer loop
  vertex -3.878 -1.217 5.845
  vertex -2.921 -1.348 5.179
  vertex -3.064 -0.978 5.166
 endloop
endfacet
facet normal 0.601 0.168 0.781
 outer loop
  vertex -3.878 -1.217 5.845
  vertex -3.064 -0.978 5.166
  vertex -3.998 -0.738 5.834
 endloop
endfacet
facet normal 0.601 0.168 0.781
 outer loop
  vertex -3.998 -0.738 5.834
  vertex -3.064 -0.978 5.166
  vertex -3.16 -0.593 5.158
 endloop
endfacet
facet normal 0.617 0.085 0.782
 outer loop
  vertex -3.998 -0.738 5.834
  vertex -3.16 -0.593 5.158
  vertex -4.059 -0.247 5.829
 endloop
endfacet
facet normal 0.617 0.085 0.782
 outer loop
  vertex -4.059 -0.247 5.829
  vertex -3.16 -0.593 5.158
  vertex -3.209 -0.199 5.153
 endloop
endfacet
facet normal 0.621 0.021 0.783
 outer loop
  vertex -4.059 -0.247 5.829
  vertex -3.209 -0.199 5.153
  vertex -4.066 0 5.828
 endloop
endfacet
facet normal 0.618 0 0.786
 outer loop
  vertex -4.066 0 5.828
  vertex -3.209 -0.199 5.153
  vertex -3.209 0.199 5.153
 endloop
endfacet
facet normal 0.621 -0.021 0.783
 outer loop
  vertex -4.066 0 5.828
  vertex -3.209 0.199 5.153
  vertex -4.059 0.247 5.829
 endloop
endfacet
facet normal 0.617 -0.085 0.782
 outer loop
  vertex -4.059 0.247 5.829
  vertex -3.209 0.199 5.153
  vertex -3.998 0.738 5.834
 endloop
endfacet
facet normal 0.617 -0.085 0.782
 outer loop
  vertex -3.209 0.199 5.153
  vertex -3.16 0.593 5.158
  vertex -3.998 0.738 5.834
 endloop
endfacet
facet normal 0.601 -0.168 0.781
 outer loop
  vertex -3.998 0.738 5.834
  vertex -3.16 0.593 5.158
  vertex -3.878 1.217 5.845
 endloop
endfacet
facet normal 0.601 -0.168 0.781
 outer loop
  vertex -3.16 0.593 5.158
  vertex -3.064 0.978 5.166
  vertex -3.878 1.217 5.845
 endloop
endfacet
facet normal 0.576 -0.249 0.779
 outer loop
  vertex -3.878 1.217 5.845
  vertex -3.064 0.978 5.166
  vertex -3.7 1.678 5.86
 endloop
endfacet
facet normal 0.576 -0.249 0.779
 outer loop
  vertex -3.064 0.978 5.166
  vertex -2.921 1.348 5.179
  vertex -3.7 1.678 5.86
 endloop
endfacet
facet normal 0.541 -0.326 0.776
 outer loop
  vertex -3.7 1.678 5.86
  vertex -2.921 1.348 5.179
  vertex -3.467 2.114 5.881
 endloop
endfacet
facet normal 0.541 -0.326 0.776
 outer loop
  vertex -2.921 1.348 5.179
  vertex -2.734 1.698 5.195
  vertex -3.467 2.114 5.881
 endloop
endfacet
facet normal 0.496 -0.398 0.772
 outer loop
  vertex -3.467 2.114 5.881
  vertex -2.734 1.698 5.195
  vertex -3.183 2.517 5.906
 endloop
endfacet
facet normal 0.496 -0.398 0.772
 outer loop
  vertex -2.734 1.698 5.195
  vertex -2.505 2.022 5.215
  vertex -3.183 2.517 5.906
 endloop
endfacet
facet normal 0.443 -0.464 0.767
 outer loop
  vertex -3.183 2.517 5.906
  vertex -2.505 2.022 5.215
  vertex -2.851 2.883 5.935
 endloop
endfacet
facet normal 0.443 -0.464 0.767
 outer loop
  vertex -2.505 2.022 5.215
  vertex -2.238 2.316 5.238
  vertex -2.851 2.883 5.935
 endloop
endfacet
facet normal 0.383 -0.523 0.762
 outer loop
  vertex -2.851 2.883 5.935
  vertex -2.238 2.316 5.238
  vertex -2.477 3.204 5.967
 endloop
endfacet
facet normal 0.383 -0.523 0.762
 outer loop
  vertex -2.238 2.316 5.238
  vertex -1.938 2.574 5.265
  vertex -2.477 3.204 5.967
 endloop
endfacet
facet normal 0.315 -0.574 0.756
 outer loop
  vertex -2.477 3.204 5.967
  vertex -1.938 2.574 5.265
  vertex -2.066 3.477 6.003
 endloop
endfacet
facet normal 0.315 -0.574 0.756
 outer loop
  vertex -1.938 2.574 5.265
  vertex -1.608 2.794 5.294
  vertex -2.066 3.477 6.003
 endloop
endfacet
facet normal 0.242 -0.616 0.75
 outer loop
  vertex -2.066 3.477 6.003
  vertex -1.608 2.794 5.294
  vertex -1.625 3.698 6.042
 endloop
endfacet
facet normal 0.242 -0.616 0.75
 outer loop
  vertex -1.608 2.794 5.294
  vertex -1.254 2.971 5.325
  vertex -1.625 3.698 6.042
 endloop
endfacet
facet normal 0.179 -0.643 0.744
 outer loop
  vertex -1.625 3.698 6.042
  vertex -1.254 2.971 5.325
  vertex -1.016 3.061 5.345
 endloop
endfacet
facet normal 0.166 -0.651 0.74
 outer loop
  vertex -1.625 3.698 6.042
  vertex -1.016 3.061 5.345
  vertex -1.161 3.862 6.082
 endloop
endfacet
facet normal 0.139 -0.657 0.741
 outer loop
  vertex -1.161 3.862 6.082
  vertex -1.016 3.061 5.345
  vertex -0.881 3.103 5.357
 endloop
endfacet
facet normal 0.098 -0.668 0.737
 outer loop
  vertex -1.161 3.862 6.082
  vertex -0.881 3.103 5.357
  vertex -0.638 3.162 5.378
 endloop
endfacet
facet normal 0.084 -0.675 0.733
 outer loop
  vertex -1.161 3.862 6.082
  vertex -0.638 3.162 5.378
  vertex -0.68 3.968 6.125
 endloop
endfacet
facet normal 0.057 -0.677 0.734
 outer loop
  vertex -0.68 3.968 6.125
  vertex -0.638 3.162 5.378
  vertex -0.494 3.188 5.391
 endloop
endfacet
facet normal -0.087 -0.003 0.996
 outer loop
  vertex 0.222 3.204 5.441
  vertex 0.295 3.195 5.447
  vertex 0.295 3.199 5.447
 endloop
endfacet
facet normal -0.088 -0.003 0.996
 outer loop
  vertex 0.295 3.199 5.447
  vertex 0.295 3.195 5.447
  vertex 0.539 3.151 5.468
 endloop
endfacet
facet normal -0.087 -0 0.996
 outer loop
  vertex 0.295 3.199 5.447
  vertex 0.539 3.151 5.468
  vertex 0.541 3.166 5.468
 endloop
endfacet
facet normal -0.087 -0 0.996
 outer loop
  vertex 0.541 3.166 5.468
  vertex 0.539 3.151 5.468
  vertex 0.685 3.138 5.481
 endloop
endfacet
facet normal -0.087 0 0.996
 outer loop
  vertex 0.539 3.151 5.468
  vertex 0.679 3.117 5.481
  vertex 0.685 3.138 5.481
 endloop
endfacet
facet normal -0.087 0 0.996
 outer loop
  vertex 0.685 3.138 5.481
  vertex 0.679 3.117 5.481
  vertex 0.919 3.043 5.502
 endloop
endfacet
facet normal -0.087 0 0.996
 outer loop
  vertex 0.685 3.138 5.481
  vertex 0.919 3.043 5.502
  vertex 0.929 3.074 5.502
 endloop
endfacet
facet normal -0.087 0 0.996
 outer loop
  vertex 0.929 3.074 5.502
  vertex 0.919 3.043 5.502
  vertex 1.064 3.03 5.514
 endloop
endfacet
facet normal -0.087 0 0.996
 outer loop
  vertex 0.919 3.043 5.502
  vertex 1.049 2.994 5.513
  vertex 1.064 3.03 5.514
 endloop
endfacet
facet normal -0.087 0 0.996
 outer loop
  vertex 1.064 3.03 5.514
  vertex 1.049 2.994 5.513
  vertex 1.284 2.888 5.533
 endloop
endfacet
facet normal -0.087 0 0.996
 outer loop
  vertex 1.064 3.03 5.514
  vertex 1.284 2.888 5.533
  vertex 1.426 2.875 5.546
 endloop
endfacet
facet normal -0.087 0 0.996
 outer loop
  vertex 1.426 2.875 5.546
  vertex 1.284 2.888 5.533
  vertex 1.626 2.689 5.563
 endloop
endfacet
facet normal -0.087 0 0.996
 outer loop
  vertex 1.426 2.875 5.546
  vertex 1.626 2.689 5.563
  vertex 1.768 2.678 5.576
 endloop
endfacet
facet normal -0.087 -0 0.996
 outer loop
  vertex 1.768 2.678 5.576
  vertex 1.626 2.689 5.563
  vertex 1.942 2.45 5.591
 endloop
endfacet
facet normal -0.087 -0 0.996
 outer loop
  vertex 1.768 2.678 5.576
  vertex 1.942 2.45 5.591
  vertex 2.082 2.439 5.603
 endloop
endfacet
facet normal -0.087 0 0.996
 outer loop
  vertex 2.082 2.439 5.603
  vertex 1.942 2.45 5.591
  vertex 2.226 2.173 5.616
 endloop
endfacet
facet normal -0.087 -0 0.996
 outer loop
  vertex 2.082 2.439 5.603
  vertex 2.226 2.173 5.616
  vertex 2.365 2.164 5.628
 endloop
endfacet
facet normal -0.087 0 0.996
 outer loop
  vertex 2.365 2.164 5.628
  vertex 2.226 2.173 5.616
  vertex 2.474 1.864 5.638
 endloop
endfacet
facet normal -0.087 0 0.996
 outer loop
  vertex 2.365 2.164 5.628
  vertex 2.474 1.864 5.638
  vertex 2.612 1.856 5.65
 endloop
endfacet
facet normal -0.087 0 0.996
 outer loop
  vertex 2.612 1.856 5.65
  vertex 2.474 1.864 5.638
  vertex 2.683 1.526 5.656
 endloop
endfacet
facet normal -0.087 -0 0.996
 outer loop
  vertex 2.612 1.856 5.65
  vertex 2.683 1.526 5.656
  vertex 2.819 1.52 5.668
 endloop
endfacet
facet normal -0.087 -0 0.996
 outer loop
  vertex 2.819 1.52 5.668
  vertex 2.683 1.526 5.656
  vertex 2.848 1.165 5.67
 endloop
endfacet
facet normal -0.087 -0 0.996
 outer loop
  vertex 2.819 1.52 5.668
  vertex 2.848 1.165 5.67
  vertex 2.984 1.16 5.682
 endloop
endfacet
facet normal -0.087 -0 0.996
 outer loop
  vertex 2.984 1.16 5.682
  vertex 2.848 1.165 5.67
  vertex 2.968 0.787 5.681
 endloop
endfacet
facet normal -0.087 -0 0.996
 outer loop
  vertex 2.984 1.16 5.682
  vertex 2.968 0.787 5.681
  vertex 3.103 0.784 5.693
 endloop
endfacet
facet normal -0.087 -0 0.996
 outer loop
  vertex 3.103 0.784 5.693
  vertex 2.968 0.787 5.681
  vertex 3.041 0.396 5.687
 endloop
endfacet
facet normal -0.087 0 0.996
 outer loop
  vertex 3.103 0.784 5.693
  vertex 3.041 0.396 5.687
  vertex 3.176 0.395 5.699
 endloop
endfacet
facet normal -0.087 0 0.996
 outer loop
  vertex 3.176 0.395 5.699
  vertex 3.041 0.396 5.687
  vertex 3.065 0 5.689
 endloop
endfacet
facet normal -0.087 -0 0.996
 outer loop
  vertex 3.176 0.395 5.699
  vertex 3.065 0 5.689
  vertex 3.2 -0 5.701
 endloop
endfacet
facet normal -0.087 0 0.996
 outer loop
  vertex 3.2 -0 5.701
  vertex 3.065 0 5.689
  vertex 3.176 -0.395 5.699
 endloop
endfacet
facet normal -0.087 -0 0.996
 outer loop
  vertex 3.065 0 5.689
  vertex 3.041 -0.396 5.687
  vertex 3.176 -0.395 5.699
 endloop
endfacet
facet normal -0.087 -0 0.996
 outer loop
  vertex 3.176 -0.395 5.699
  vertex 3.041 -0.396 5.687
  vertex 3.103 -0.784 5.693
 endloop
endfacet
facet normal -0.087 0 0.996
 outer loop
  vertex 3.041 -0.396 5.687
  vertex 2.968 -0.787 5.681
  vertex 3.103 -0.784 5.693
 endloop
endfacet
facet normal -0.087 0 0.996
 outer loop
  vertex 3.103 -0.784 5.693
  vertex 2.968 -0.787 5.681
  vertex 2.984 -1.16 5.682
 endloop
endfacet
facet normal -0.087 0 0.996
 outer loop
  vertex 2.968 -0.787 5.681
  vertex 2.848 -1.165 5.67
  vertex 2.984 -1.16 5.682
 endloop
endfacet
facet normal -0.087 0 0.996
 outer loop
  vertex 2.984 -1.16 5.682
  vertex 2.848 -1.165 5.67
  vertex 2.819 -1.52 5.668
 endloop
endfacet
facet normal -0.087 0 0.996
 outer loop
  vertex 2.848 -1.165 5.67
  vertex 2.683 -1.526 5.656
  vertex 2.819 -1.52 5.668
 endloop
endfacet
facet normal -0.087 0 0.996
 outer loop
  vertex 2.819 -1.52 5.668
  vertex 2.683 -1.526 5.656
  vertex 2.612 -1.856 5.65
 endloop
endfacet
facet normal -0.087 -0 0.996
 outer loop
  vertex 2.683 -1.526 5.656
  vertex 2.474 -1.864 5.638
  vertex 2.612 -1.856 5.65
 endloop
endfacet
facet normal -0.087 -0 0.996
 outer loop
  vertex 2.612 -1.856 5.65
  vertex 2.474 -1.864 5.638
  vertex 2.365 -2.164 5.628
 endloop
endfacet
facet normal -0.087 -0 0.996
 outer loop
  vertex 2.474 -1.864 5.638
  vertex 2.226 -2.173 5.616
  vertex 2.365 -2.164 5.628
 endloop
endfacet
facet normal -0.087 0 0.996
 outer loop
  vertex 2.365 -2.164 5.628
  vertex 2.226 -2.173 5.616
  vertex 2.082 -2.439 5.603
 endloop
endfacet
facet normal -0.087 -0 0.996
 outer loop
  vertex 2.226 -2.173 5.616
  vertex 1.942 -2.45 5.591
  vertex 2.082 -2.439 5.603
 endloop
endfacet
facet normal -0.087 0 0.996
 outer loop
  vertex 2.082 -2.439 5.603
  vertex 1.942 -2.45 5.591
  vertex 1.768 -2.678 5.576
 endloop
endfacet
facet normal -0.087 0 0.996
 outer loop
  vertex 1.942 -2.45 5.591
  vertex 1.626 -2.689 5.563
  vertex 1.768 -2.678 5.576
 endloop
endfacet
facet normal -0.087 -0 0.996
 outer loop
  vertex 1.768 -2.678 5.576
  vertex 1.626 -2.689 5.563
  vertex 1.426 -2.875 5.546
 endloop
endfacet
facet normal -0.087 -0 0.996
 outer loop
  vertex 1.626 -2.689 5.563
  vertex 1.284 -2.888 5.533
  vertex 1.426 -2.875 5.546
 endloop
endfacet
facet normal -0.087 -0 0.996
 outer loop
  vertex 1.426 -2.875 5.546
  vertex 1.284 -2.888 5.533
  vertex 1.064 -3.03 5.514
 endloop
endfacet
facet normal -0.087 -0 0.996
 outer loop
  vertex 1.284 -2.888 5.533
  vertex 1.049 -2.994 5.513
  vertex 1.064 -3.03 5.514
 endloop
endfacet
facet normal -0.087 -0 0.996
 outer loop
  vertex 1.064 -3.03 5.514
  vertex 1.049 -2.994 5.513
  vertex 0.919 -3.043 5.502
 endloop
endfacet
facet normal -0.087 -0 0.996
 outer loop
  vertex 1.064 -3.03 5.514
  vertex 0.919 -3.043 5.502
  vertex 0.929 -3.074 5.502
 endloop
endfacet
facet normal -0.087 -0 0.996
 outer loop
  vertex 0.929 -3.074 5.502
  vertex 0.919 -3.043 5.502
  vertex 0.685 -3.138 5.481
 endloop
endfacet
facet normal -0.087 -0 0.996
 outer loop
  vertex 0.919 -3.043 5.502
  vertex 0.679 -3.117 5.481
  vertex 0.685 -3.138 5.481
 endloop
endfacet
facet normal -0.087 -0 0.996
 outer loop
  vertex 0.685 -3.138 5.481
  vertex 0.679 -3.117 5.481
  vertex 0.539 -3.151 5.468
 endloop
endfacet
facet normal -0.087 0 0.996
 outer loop
  vertex 0.685 -3.138 5.481
  vertex 0.539 -3.151 5.468
  vertex 0.541 -3.166 5.468
 endloop
endfacet
facet normal -0.087 0 0.996
 outer loop
  vertex 0.541 -3.166 5.468
  vertex 0.539 -3.151 5.468
  vertex 0.295 -3.199 5.447
 endloop
endfacet
facet normal -0.088 0.003 0.996
 outer loop
  vertex 0.539 -3.151 5.468
  vertex 0.295 -3.195 5.447
  vertex 0.295 -3.199 5.447
 endloop
endfacet
facet normal -0.087 0.003 0.996
 outer loop
  vertex 0.295 -3.199 5.447
  vertex 0.295 -3.195 5.447
  vertex 0.222 -3.204 5.441
 endloop
endfacet
facet normal 0.153 -0.682 -0.716
 outer loop
  vertex -0.495 3.194 5.391
  vertex -0.641 3.174 5.378
  vertex -0.697 3.968 4.61
 endloop
endfacet
facet normal 0.195 -0.675 -0.712
 outer loop
  vertex -0.697 3.968 4.61
  vertex -0.641 3.174 5.378
  vertex -0.886 3.126 5.357
 endloop
endfacet
facet normal 0.21 -0.675 -0.708
 outer loop
  vertex -0.697 3.968 4.61
  vertex -0.886 3.126 5.357
  vertex -1.178 3.862 4.568
 endloop
endfacet
facet normal 0.236 -0.665 -0.708
 outer loop
  vertex -1.178 3.862 4.568
  vertex -0.886 3.126 5.357
  vertex -1.026 3.09 5.344
 endloop
endfacet
facet normal 0.291 -0.649 -0.703
 outer loop
  vertex -1.178 3.862 4.568
  vertex -1.026 3.09 5.344
  vertex -1.643 3.698 4.528
 endloop
endfacet
facet normal 0.291 -0.649 -0.703
 outer loop
  vertex -1.643 3.698 4.528
  vertex -1.026 3.09 5.344
  vertex -1.397 2.958 5.312
 endloop
endfacet
facet normal 0.369 -0.616 -0.696
 outer loop
  vertex -1.643 3.698 4.528
  vertex -1.397 2.958 5.312
  vertex -2.084 3.477 4.489
 endloop
endfacet
facet normal 0.369 -0.616 -0.696
 outer loop
  vertex -2.084 3.477 4.489
  vertex -1.397 2.958 5.312
  vertex -1.75 2.782 5.281
 endloop
endfacet
facet normal 0.442 -0.574 -0.69
 outer loop
  vertex -2.084 3.477 4.489
  vertex -1.75 2.782 5.281
  vertex -2.494 3.204 4.453
 endloop
endfacet
facet normal 0.442 -0.574 -0.69
 outer loop
  vertex -2.494 3.204 4.453
  vertex -1.75 2.782 5.281
  vertex -2.078 2.563 5.252
 endloop
endfacet
facet normal 0.509 -0.523 -0.684
 outer loop
  vertex -2.494 3.204 4.453
  vertex -2.078 2.563 5.252
  vertex -2.868 2.883 4.42
 endloop
endfacet
facet normal 0.509 -0.523 -0.684
 outer loop
  vertex -2.868 2.883 4.42
  vertex -2.078 2.563 5.252
  vertex -2.378 2.306 5.226
 endloop
endfacet
facet normal 0.57 -0.464 -0.679
 outer loop
  vertex -2.868 2.883 4.42
  vertex -2.378 2.306 5.226
  vertex -3.2 2.517 4.391
 endloop
endfacet
facet normal 0.57 -0.464 -0.679
 outer loop
  vertex -3.2 2.517 4.391
  vertex -2.378 2.306 5.226
  vertex -2.643 2.014 5.203
 endloop
endfacet
facet normal 0.623 -0.398 -0.674
 outer loop
  vertex -3.2 2.517 4.391
  vertex -2.643 2.014 5.203
  vertex -3.485 2.114 4.366
 endloop
endfacet
facet normal 0.623 -0.398 -0.674
 outer loop
  vertex -3.485 2.114 4.366
  vertex -2.643 2.014 5.203
  vertex -2.871 1.691 5.183
 endloop
endfacet
facet normal 0.667 -0.326 -0.67
 outer loop
  vertex -3.485 2.114 4.366
  vertex -2.871 1.691 5.183
  vertex -3.718 1.678 4.346
 endloop
endfacet
facet normal 0.667 -0.326 -0.67
 outer loop
  vertex -3.718 1.678 4.346
  vertex -2.871 1.691 5.183
  vertex -3.057 1.343 5.167
 endloop
endfacet
facet normal 0.702 -0.249 -0.667
 outer loop
  vertex -3.718 1.678 4.346
  vertex -3.057 1.343 5.167
  vertex -3.895 1.217 4.33
 endloop
endfacet
facet normal 0.702 -0.249 -0.667
 outer loop
  vertex -3.895 1.217 4.33
  vertex -3.057 1.343 5.167
  vertex -3.199 0.974 5.154
 endloop
endfacet
facet normal 0.728 -0.168 -0.665
 outer loop
  vertex -3.895 1.217 4.33
  vertex -3.199 0.974 5.154
  vertex -4.016 0.738 4.32
 endloop
endfacet
facet normal 0.728 -0.168 -0.665
 outer loop
  vertex -4.016 0.738 4.32
  vertex -3.199 0.974 5.154
  vertex -3.295 0.59 5.146
 endloop
endfacet
facet normal 0.743 -0.085 -0.663
 outer loop
  vertex -4.016 0.738 4.32
  vertex -3.295 0.59 5.146
  vertex -4.076 0.247 4.315
 endloop
endfacet
facet normal 0.743 -0.085 -0.663
 outer loop
  vertex -4.076 0.247 4.315
  vertex -3.295 0.59 5.146
  vertex -3.344 0.198 5.142
 endloop
endfacet
facet normal 0.748 -0.021 -0.663
 outer loop
  vertex -4.076 0.247 4.315
  vertex -3.344 0.198 5.142
  vertex -4.084 0 4.314
 endloop
endfacet
facet normal 0.746 0 -0.666
 outer loop
  vertex -4.084 0 4.314
  vertex -3.344 0.198 5.142
  vertex -3.344 -0.198 5.142
 endloop
endfacet
facet normal 0.748 0.021 -0.663
 outer loop
  vertex -4.084 0 4.314
  vertex -3.344 -0.198 5.142
  vertex -4.076 -0.247 4.315
 endloop
endfacet
facet normal 0.743 0.085 -0.663
 outer loop
  vertex -4.076 -0.247 4.315
  vertex -3.344 -0.198 5.142
  vertex -4.016 -0.738 4.32
 endloop
endfacet
facet normal 0.127 -0.688 -0.715
 outer loop
  vertex -0.697 3.968 4.61
  vertex -0.207 4.013 4.653
  vertex -0.495 3.194 5.391
 endloop
endfacet
facet normal 0.124 -0.687 -0.716
 outer loop
  vertex -0.495 3.194 5.391
  vertex -0.207 4.013 4.653
  vertex -0.372 3.204 5.402
 endloop
endfacet
facet normal -0.008 -0.684 -0.73
 outer loop
  vertex 0.222 3.204 5.441
  vertex 0.147 3.211 5.436
  vertex 0.285 3.998 4.696
 endloop
endfacet
facet normal 0.026 -0.687 -0.727
 outer loop
  vertex 0.285 3.998 4.696
  vertex 0.147 3.211 5.436
  vertex -0.099 3.218 5.42
 endloop
endfacet
facet normal 0.042 -0.69 -0.722
 outer loop
  vertex 0.285 3.998 4.696
  vertex -0.099 3.218 5.42
  vertex -0.207 4.013 4.653
 endloop
endfacet
facet normal 0.069 -0.687 -0.723
 outer loop
  vertex -0.207 4.013 4.653
  vertex -0.099 3.218 5.42
  vertex -0.248 3.214 5.41
 endloop
endfacet
facet normal 0.098 -0.687 -0.72
 outer loop
  vertex -0.207 4.013 4.653
  vertex -0.248 3.214 5.41
  vertex -0.372 3.204 5.402
 endloop
endfacet
facet normal -0.024 -0.683 -0.73
 outer loop
  vertex 0.222 3.204 5.441
  vertex 0.285 3.998 4.696
  vertex 0.295 3.195 5.447
 endloop
endfacet
facet normal -0.043 -0.683 -0.73
 outer loop
  vertex 0.295 3.195 5.447
  vertex 0.285 3.998 4.696
  vertex 0.772 3.922 4.739
 endloop
endfacet
facet normal -0.057 -0.677 -0.734
 outer loop
  vertex 0.295 3.195 5.447
  vertex 0.772 3.922 4.739
  vertex 0.539 3.151 5.468
 endloop
endfacet
facet normal -0.098 -0.668 -0.738
 outer loop
  vertex 0.539 3.151 5.468
  vertex 0.772 3.922 4.739
  vertex 0.679 3.117 5.481
 endloop
endfacet
facet normal -0.125 -0.664 -0.737
 outer loop
  vertex 0.772 3.922 4.739
  vertex 1.246 3.787 4.78
  vertex 0.679 3.117 5.481
 endloop
endfacet
facet normal -0.139 -0.657 -0.741
 outer loop
  vertex 0.679 3.117 5.481
  vertex 1.246 3.787 4.78
  vertex 0.919 3.043 5.502
 endloop
endfacet
facet normal -0.178 -0.643 -0.745
 outer loop
  vertex 0.919 3.043 5.502
  vertex 1.246 3.787 4.78
  vertex 1.049 2.994 5.513
 endloop
endfacet
facet normal -0.205 -0.636 -0.744
 outer loop
  vertex 1.049 2.994 5.513
  vertex 1.246 3.787 4.78
  vertex 1.699 3.594 4.82
 endloop
endfacet
facet normal -0.217 -0.627 -0.748
 outer loop
  vertex 1.049 2.994 5.513
  vertex 1.699 3.594 4.82
  vertex 1.284 2.888 5.533
 endloop
endfacet
facet normal -0.279 -0.596 -0.753
 outer loop
  vertex 1.284 2.888 5.533
  vertex 1.699 3.594 4.82
  vertex 1.626 2.689 5.563
 endloop
endfacet
facet normal -0.279 -0.596 -0.753
 outer loop
  vertex 1.699 3.594 4.82
  vertex 2.126 3.347 4.857
  vertex 1.626 2.689 5.563
 endloop
endfacet
facet normal -0.35 -0.549 -0.759
 outer loop
  vertex 1.626 2.689 5.563
  vertex 2.126 3.347 4.857
  vertex 1.942 2.45 5.591
 endloop
endfacet
facet normal -0.35 -0.549 -0.759
 outer loop
  vertex 2.126 3.347 4.857
  vertex 2.519 3.049 4.892
  vertex 1.942 2.45 5.591
 endloop
endfacet
facet normal -0.414 -0.494 -0.765
 outer loop
  vertex 1.942 2.45 5.591
  vertex 2.519 3.049 4.892
  vertex 2.226 2.173 5.616
 endloop
endfacet
facet normal -0.414 -0.494 -0.765
 outer loop
  vertex 2.519 3.049 4.892
  vertex 2.872 2.705 4.923
  vertex 2.226 2.173 5.616
 endloop
endfacet
facet normal -0.471 -0.431 -0.77
 outer loop
  vertex 2.226 2.173 5.616
  vertex 2.872 2.705 4.923
  vertex 2.474 1.864 5.638
 endloop
endfacet
facet normal -0.471 -0.431 -0.77
 outer loop
  vertex 2.872 2.705 4.923
  vertex 3.181 2.32 4.95
  vertex 2.474 1.864 5.638
 endloop
endfacet
facet normal -0.52 -0.362 -0.774
 outer loop
  vertex 2.474 1.864 5.638
  vertex 3.181 2.32 4.95
  vertex 2.683 1.526 5.656
 endloop
endfacet
facet normal -0.52 -0.362 -0.774
 outer loop
  vertex 3.181 2.32 4.95
  vertex 3.44 1.9 4.972
  vertex 2.683 1.526 5.656
 endloop
endfacet
facet normal -0.559 -0.288 -0.777
 outer loop
  vertex 2.683 1.526 5.656
  vertex 3.44 1.9 4.972
  vertex 2.848 1.165 5.67
 endloop
endfacet
facet normal -0.559 -0.288 -0.777
 outer loop
  vertex 3.44 1.9 4.972
  vertex 3.646 1.45 4.99
  vertex 2.848 1.165 5.67
 endloop
endfacet
facet normal -0.59 -0.209 -0.78
 outer loop
  vertex 2.848 1.165 5.67
  vertex 3.646 1.45 4.99
  vertex 2.968 0.787 5.681
 endloop
endfacet
facet normal -0.59 -0.209 -0.78
 outer loop
  vertex 3.646 1.45 4.99
  vertex 3.796 0.979 5.003
  vertex 2.968 0.787 5.681
 endloop
endfacet
facet normal -0.611 -0.126 -0.782
 outer loop
  vertex 2.968 0.787 5.681
  vertex 3.796 0.979 5.003
  vertex 3.041 0.396 5.687
 endloop
endfacet
facet normal -0.611 -0.126 -0.782
 outer loop
  vertex 3.796 0.979 5.003
  vertex 3.886 0.493 5.011
  vertex 3.041 0.396 5.687
 endloop
endfacet
facet normal -0.621 -0.042 -0.783
 outer loop
  vertex 3.041 0.396 5.687
  vertex 3.886 0.493 5.011
  vertex 3.065 0 5.689
 endloop
endfacet
facet normal -0.621 -0.042 -0.783
 outer loop
  vertex 3.886 0.493 5.011
  vertex 3.916 -0 5.014
  vertex 3.065 0 5.689
 endloop
endfacet
facet normal -0.621 0.042 -0.783
 outer loop
  vertex 3.065 0 5.689
  vertex 3.916 -0 5.014
  vertex 3.041 -0.396 5.687
 endloop
endfacet
facet normal -0.621 0.042 -0.783
 outer loop
  vertex 3.916 -0 5.014
  vertex 3.886 -0.493 5.011
  vertex 3.041 -0.396 5.687
 endloop
endfacet
facet normal -0.611 0.126 -0.782
 outer loop
  vertex 3.041 -0.396 5.687
  vertex 3.886 -0.493 5.011
  vertex 2.968 -0.787 5.681
 endloop
endfacet
facet normal -0.611 0.126 -0.782
 outer loop
  vertex 3.886 -0.493 5.011
  vertex 3.796 -0.979 5.003
  vertex 2.968 -0.787 5.681
 endloop
endfacet
facet normal -0.59 0.209 -0.78
 outer loop
  vertex 2.968 -0.787 5.681
  vertex 3.796 -0.979 5.003
  vertex 2.848 -1.165 5.67
 endloop
endfacet
facet normal -0.59 0.209 -0.78
 outer loop
  vertex 3.796 -0.979 5.003
  vertex 3.646 -1.45 4.99
  vertex 2.848 -1.165 5.67
 endloop
endfacet
facet normal -0.559 0.288 -0.777
 outer loop
  vertex 2.848 -1.165 5.67
  vertex 3.646 -1.45 4.99
  vertex 2.683 -1.526 5.656
 endloop
endfacet
facet normal -0.559 0.288 -0.777
 outer loop
  vertex 3.646 -1.45 4.99
  vertex 3.44 -1.9 4.972
  vertex 2.683 -1.526 5.656
 endloop
endfacet
facet normal -0.52 0.362 -0.774
 outer loop
  vertex 2.683 -1.526 5.656
  vertex 3.44 -1.9 4.972
  vertex 2.474 -1.864 5.638
 endloop
endfacet
facet normal -0.52 0.362 -0.774
 outer loop
  vertex 3.44 -1.9 4.972
  vertex 3.181 -2.32 4.95
  vertex 2.474 -1.864 5.638
 endloop
endfacet
facet normal -0.471 0.431 -0.77
 outer loop
  vertex 2.474 -1.864 5.638
  vertex 3.181 -2.32 4.95
  vertex 2.226 -2.173 5.616
 endloop
endfacet
facet normal -0.471 0.431 -0.77
 outer loop
  vertex 3.181 -2.32 4.95
  vertex 2.872 -2.705 4.923
  vertex 2.226 -2.173 5.616
 endloop
endfacet
facet normal -0.414 0.494 -0.765
 outer loop
  vertex 2.226 -2.173 5.616
  vertex 2.872 -2.705 4.923
  vertex 1.942 -2.45 5.591
 endloop
endfacet
facet normal -0.414 0.494 -0.765
 outer loop
  vertex 2.872 -2.705 4.923
  vertex 2.519 -3.049 4.892
  vertex 1.942 -2.45 5.591
 endloop
endfacet
facet normal -0.35 0.549 -0.759
 outer loop
  vertex 1.942 -2.45 5.591
  vertex 2.519 -3.049 4.892
  vertex 1.626 -2.689 5.563
 endloop
endfacet
facet normal -0.35 0.549 -0.759
 outer loop
  vertex 2.519 -3.049 4.892
  vertex 2.126 -3.347 4.857
  vertex 1.626 -2.689 5.563
 endloop
endfacet
facet normal -0.279 0.596 -0.753
 outer loop
  vertex 1.626 -2.689 5.563
  vertex 2.126 -3.347 4.857
  vertex 1.284 -2.888 5.533
 endloop
endfacet
facet normal -0.279 0.596 -0.753
 outer loop
  vertex 2.126 -3.347 4.857
  vertex 1.699 -3.594 4.82
  vertex 1.284 -2.888 5.533
 endloop
endfacet
facet normal -0.217 0.627 -0.748
 outer loop
  vertex 1.284 -2.888 5.533
  vertex 1.699 -3.594 4.82
  vertex 1.049 -2.994 5.513
 endloop
endfacet
facet normal -0.205 0.636 -0.744
 outer loop
  vertex 1.699 -3.594 4.82
  vertex 1.246 -3.787 4.78
  vertex 1.049 -2.994 5.513
 endloop
endfacet
facet normal -0.178 0.643 -0.745
 outer loop
  vertex 1.049 -2.994 5.513
  vertex 1.246 -3.787 4.78
  vertex 0.919 -3.043 5.502
 endloop
endfacet
facet normal -0.139 0.657 -0.741
 outer loop
  vertex 0.919 -3.043 5.502
  vertex 1.246 -3.787 4.78
  vertex 0.679 -3.117 5.481
 endloop
endfacet
facet normal -0.125 0.664 -0.737
 outer loop
  vertex 0.679 -3.117 5.481
  vertex 1.246 -3.787 4.78
  vertex 0.772 -3.922 4.739
 endloop
endfacet
facet normal -0.098 0.668 -0.738
 outer loop
  vertex 0.679 -3.117 5.481
  vertex 0.772 -3.922 4.739
  vertex 0.539 -3.151 5.468
 endloop
endfacet
facet normal -0.057 0.677 -0.734
 outer loop
  vertex 0.539 -3.151 5.468
  vertex 0.772 -3.922 4.739
  vertex 0.295 -3.195 5.447
 endloop
endfacet
facet normal -0.043 0.683 -0.73
 outer loop
  vertex 0.772 -3.922 4.739
  vertex 0.285 -3.998 4.696
  vertex 0.295 -3.195 5.447
 endloop
endfacet
facet normal -0.024 0.683 -0.73
 outer loop
  vertex 0.295 -3.195 5.447
  vertex 0.285 -3.998 4.696
  vertex 0.222 -3.204 5.441
 endloop
endfacet
facet normal 0.098 0.687 -0.72
 outer loop
  vertex -0.372 -3.204 5.402
  vertex -0.248 -3.214 5.41
  vertex -0.207 -4.013 4.653
 endloop
endfacet
facet normal 0.069 0.687 -0.723
 outer loop
  vertex -0.207 -4.013 4.653
  vertex -0.248 -3.214 5.41
  vertex -0.099 -3.218 5.42
 endloop
endfacet
facet normal 0.042 0.69 -0.722
 outer loop
  vertex -0.207 -4.013 4.653
  vertex -0.099 -3.218 5.42
  vertex 0.285 -3.998 4.696
 endloop
endfacet
facet normal 0.026 0.687 -0.727
 outer loop
  vertex 0.285 -3.998 4.696
  vertex -0.099 -3.218 5.42
  vertex 0.147 -3.211 5.436
 endloop
endfacet
facet normal -0.008 0.684 -0.73
 outer loop
  vertex 0.285 -3.998 4.696
  vertex 0.147 -3.211 5.436
  vertex 0.222 -3.204 5.441
 endloop
endfacet
facet normal 0.124 0.687 -0.716
 outer loop
  vertex -0.372 -3.204 5.402
  vertex -0.207 -4.013 4.653
  vertex -0.495 -3.194 5.391
 endloop
endfacet
facet normal 0.127 0.688 -0.715
 outer loop
  vertex -0.495 -3.194 5.391
  vertex -0.207 -4.013 4.653
  vertex -0.697 -3.968 4.61
 endloop
endfacet
facet normal 0.153 0.682 -0.716
 outer loop
  vertex -0.495 -3.194 5.391
  vertex -0.697 -3.968 4.61
  vertex -0.641 -3.174 5.378
 endloop
endfacet
facet normal 0.195 0.675 -0.712
 outer loop
  vertex -0.641 -3.174 5.378
  vertex -0.697 -3.968 4.61
  vertex -0.886 -3.126 5.357
 endloop
endfacet
facet normal 0.21 0.675 -0.708
 outer loop
  vertex -0.697 -3.968 4.61
  vertex -1.178 -3.862 4.568
  vertex -0.886 -3.126 5.357
 endloop
endfacet
facet normal 0.236 0.665 -0.708
 outer loop
  vertex -0.886 -3.126 5.357
  vertex -1.178 -3.862 4.568
  vertex -1.026 -3.09 5.344
 endloop
endfacet
facet normal 0.291 0.649 -0.703
 outer loop
  vertex -1.026 -3.09 5.344
  vertex -1.178 -3.862 4.568
  vertex -1.397 -2.958 5.312
 endloop
endfacet
facet normal 0.291 0.649 -0.703
 outer loop
  vertex -1.397 -2.958 5.312
  vertex -1.178 -3.862 4.568
  vertex -1.643 -3.698 4.528
 endloop
endfacet
facet normal 0.369 0.616 -0.696
 outer loop
  vertex -1.397 -2.958 5.312
  vertex -1.643 -3.698 4.528
  vertex -1.75 -2.782 5.281
 endloop
endfacet
facet normal 0.369 0.616 -0.696
 outer loop
  vertex -1.75 -2.782 5.281
  vertex -1.643 -3.698 4.528
  vertex -2.084 -3.477 4.489
 endloop
endfacet
facet normal 0.442 0.574 -0.69
 outer loop
  vertex -1.75 -2.782 5.281
  vertex -2.084 -3.477 4.489
  vertex -2.078 -2.563 5.252
 endloop
endfacet
facet normal 0.442 0.574 -0.69
 outer loop
  vertex -2.078 -2.563 5.252
  vertex -2.084 -3.477 4.489
  vertex -2.494 -3.204 4.453
 endloop
endfacet
facet normal 0.509 0.523 -0.684
 outer loop
  vertex -2.078 -2.563 5.252
  vertex -2.494 -3.204 4.453
  vertex -2.378 -2.306 5.226
 endloop
endfacet
facet normal 0.509 0.523 -0.684
 outer loop
  vertex -2.378 -2.306 5.226
  vertex -2.494 -3.204 4.453
  vertex -2.868 -2.883 4.42
 endloop
endfacet
facet normal 0.57 0.464 -0.679
 outer loop
  vertex -2.378 -2.306 5.226
  vertex -2.868 -2.883 4.42
  vertex -2.643 -2.014 5.203
 endloop
endfacet
facet normal 0.57 0.464 -0.679
 outer loop
  vertex -2.643 -2.014 5.203
  vertex -2.868 -2.883 4.42
  vertex -3.2 -2.517 4.391
 endloop
endfacet
facet normal 0.623 0.398 -0.674
 outer loop
  vertex -2.643 -2.014 5.203
  vertex -3.2 -2.517 4.391
  vertex -2.871 -1.691 5.183
 endloop
endfacet
facet normal 0.623 0.398 -0.674
 outer loop
  vertex -2.871 -1.691 5.183
  vertex -3.2 -2.517 4.391
  vertex -3.485 -2.114 4.366
 endloop
endfacet
facet normal 0.667 0.326 -0.67
 outer loop
  vertex -2.871 -1.691 5.183
  vertex -3.485 -2.114 4.366
  vertex -3.057 -1.343 5.167
 endloop
endfacet
facet normal 0.667 0.326 -0.67
 outer loop
  vertex -3.057 -1.343 5.167
  vertex -3.485 -2.114 4.366
  vertex -3.718 -1.678 4.346
 endloop
endfacet
facet normal 0.702 0.249 -0.667
 outer loop
  vertex -3.057 -1.343 5.167
  vertex -3.718 -1.678 4.346
  vertex -3.199 -0.974 5.154
 endloop
endfacet
facet normal 0.702 0.249 -0.667
 outer loop
  vertex -3.199 -0.974 5.154
  vertex -3.718 -1.678 4.346
  vertex -3.895 -1.217 4.33
 endloop
endfacet
facet normal 0.728 0.168 -0.665
 outer loop
  vertex -3.199 -0.974 5.154
  vertex -3.895 -1.217 4.33
  vertex -3.295 -0.59 5.146
 endloop
endfacet
facet normal 0.728 0.168 -0.665
 outer loop
  vertex -3.295 -0.59 5.146
  vertex -3.895 -1.217 4.33
  vertex -4.016 -0.738 4.32
 endloop
endfacet
facet normal 0.743 0.085 -0.663
 outer loop
  vertex -3.295 -0.59 5.146
  vertex -4.016 -0.738 4.32
  vertex -3.344 -0.198 5.142
 endloop
endfacet
facet normal 0.029 -0.681 0.732
 outer loop
  vertex -0.494 3.188 3.678
  vertex -0.372 3.204 3.688
  vertex -0.68 3.968 4.411
 endloop
endfacet
facet normal 0.003 -0.687 0.727
 outer loop
  vertex -0.68 3.968 4.411
  vertex -0.372 3.204 3.688
  vertex -0.248 3.214 3.696
 endloop
endfacet
facet normal 0 -0.688 0.726
 outer loop
  vertex -0.68 3.968 4.411
  vertex -0.248 3.214 3.696
  vertex -0.189 4.013 4.454
 endloop
endfacet
facet normal -0.026 -0.686 0.727
 outer loop
  vertex -0.189 4.013 4.454
  vertex -0.248 3.214 3.696
  vertex -0.099 3.218 3.706
 endloop
endfacet
facet normal -0.069 -0.688 0.723
 outer loop
  vertex -0.189 4.013 4.454
  vertex -0.099 3.218 3.706
  vertex 0.147 3.211 3.722
 endloop
endfacet
facet normal -0.084 -0.69 0.719
 outer loop
  vertex -0.189 4.013 4.454
  vertex 0.147 3.211 3.722
  vertex 0.303 3.998 4.497
 endloop
endfacet
facet normal -0.103 -0.687 0.719
 outer loop
  vertex 0.303 3.998 4.497
  vertex 0.147 3.211 3.722
  vertex 0.222 3.204 3.727
 endloop
endfacet
facet normal -0.119 -0.685 0.719
 outer loop
  vertex 0.303 3.998 4.497
  vertex 0.222 3.204 3.727
  vertex 0.295 3.199 3.733
 endloop
endfacet
facet normal -0.153 -0.682 0.715
 outer loop
  vertex 0.295 3.199 3.733
  vertex 0.541 3.166 3.755
  vertex 0.303 3.998 4.497
 endloop
endfacet
facet normal -0.169 -0.682 0.711
 outer loop
  vertex 0.303 3.998 4.497
  vertex 0.541 3.166 3.755
  vertex 0.789 3.922 4.54
 endloop
endfacet
facet normal -0.194 -0.675 0.712
 outer loop
  vertex 0.541 3.166 3.755
  vertex 0.685 3.138 3.768
  vertex 0.789 3.922 4.54
 endloop
endfacet
facet normal -0.236 -0.665 0.708
 outer loop
  vertex 0.789 3.922 4.54
  vertex 0.685 3.138 3.768
  vertex 0.929 3.074 3.789
 endloop
endfacet
facet normal -0.251 -0.664 0.704
 outer loop
  vertex 0.789 3.922 4.54
  vertex 0.929 3.074 3.789
  vertex 1.263 3.787 4.581
 endloop
endfacet
facet normal -0.277 -0.653 0.705
 outer loop
  vertex 1.263 3.787 4.581
  vertex 0.929 3.074 3.789
  vertex 1.064 3.03 3.801
 endloop
endfacet
facet normal -0.33 -0.634 0.7
 outer loop
  vertex 1.263 3.787 4.581
  vertex 1.064 3.03 3.801
  vertex 1.717 3.594 4.621
 endloop
endfacet
facet normal -0.33 -0.634 0.7
 outer loop
  vertex 1.717 3.594 4.621
  vertex 1.064 3.03 3.801
  vertex 1.426 2.875 3.832
 endloop
endfacet
facet normal -0.406 -0.596 0.693
 outer loop
  vertex 1.717 3.594 4.621
  vertex 1.426 2.875 3.832
  vertex 2.143 3.347 4.658
 endloop
endfacet
facet normal -0.406 -0.596 0.693
 outer loop
  vertex 2.143 3.347 4.658
  vertex 1.426 2.875 3.832
  vertex 1.768 2.678 3.862
 endloop
endfacet
facet normal -0.476 -0.549 0.687
 outer loop
  vertex 2.143 3.347 4.658
  vertex 1.768 2.678 3.862
  vertex 2.536 3.049 4.692
 endloop
endfacet
facet normal -0.476 -0.549 0.687
 outer loop
  vertex 2.536 3.049 4.692
  vertex 1.768 2.678 3.862
  vertex 2.082 2.439 3.89
 endloop
endfacet
facet normal -0.54 -0.494 0.681
 outer loop
  vertex 2.536 3.049 4.692
  vertex 2.082 2.439 3.89
  vertex 2.89 2.705 4.723
 endloop
endfacet
facet normal -0.54 -0.494 0.681
 outer loop
  vertex 2.89 2.705 4.723
  vertex 2.082 2.439 3.89
  vertex 2.365 2.164 3.915
 endloop
endfacet
facet normal -0.597 -0.431 0.676
 outer loop
  vertex 2.89 2.705 4.723
  vertex 2.365 2.164 3.915
  vertex 3.199 2.32 4.75
 endloop
endfacet
facet normal -0.597 -0.431 0.676
 outer loop
  vertex 3.199 2.32 4.75
  vertex 2.365 2.164 3.915
  vertex 2.612 1.856 3.936
 endloop
endfacet
facet normal -0.646 -0.362 0.672
 outer loop
  vertex 3.199 2.32 4.75
  vertex 2.612 1.856 3.936
  vertex 3.458 1.9 4.773
 endloop
endfacet
facet normal -0.646 -0.362 0.672
 outer loop
  vertex 3.458 1.9 4.773
  vertex 2.612 1.856 3.936
  vertex 2.819 1.52 3.954
 endloop
endfacet
facet normal -0.686 -0.288 0.668
 outer loop
  vertex 3.458 1.9 4.773
  vertex 2.819 1.52 3.954
  vertex 3.664 1.45 4.791
 endloop
endfacet
facet normal -0.686 -0.288 0.668
 outer loop
  vertex 3.664 1.45 4.791
  vertex 2.819 1.52 3.954
  vertex 2.984 1.16 3.969
 endloop
endfacet
facet normal -0.716 -0.209 0.666
 outer loop
  vertex 3.664 1.45 4.791
  vertex 2.984 1.16 3.969
  vertex 3.813 0.979 4.804
 endloop
endfacet
facet normal -0.716 -0.209 0.666
 outer loop
  vertex 3.813 0.979 4.804
  vertex 2.984 1.16 3.969
  vertex 3.103 0.784 3.979
 endloop
endfacet
facet normal -0.737 -0.126 0.664
 outer loop
  vertex 3.813 0.979 4.804
  vertex 3.103 0.784 3.979
  vertex 3.903 0.493 4.812
 endloop
endfacet
facet normal -0.737 -0.126 0.664
 outer loop
  vertex 3.903 0.493 4.812
  vertex 3.103 0.784 3.979
  vertex 3.176 0.395 3.985
 endloop
endfacet
facet normal -0.747 -0.042 0.663
 outer loop
  vertex 3.903 0.493 4.812
  vertex 3.176 0.395 3.985
  vertex 3.934 -0 4.815
 endloop
endfacet
facet normal -0.747 -0.042 0.663
 outer loop
  vertex 3.934 -0 4.815
  vertex 3.176 0.395 3.985
  vertex 3.2 -0 3.988
 endloop
endfacet
facet normal -0.747 0.042 0.663
 outer loop
  vertex 3.934 -0 4.815
  vertex 3.2 -0 3.988
  vertex 3.903 -0.493 4.812
 endloop
endfacet
facet normal -0.747 0.042 0.663
 outer loop
  vertex 3.903 -0.493 4.812
  vertex 3.2 -0 3.988
  vertex 3.176 -0.395 3.985
 endloop
endfacet
facet normal -0.737 0.126 0.664
 outer loop
  vertex 3.903 -0.493 4.812
  vertex 3.176 -0.395 3.985
  vertex 3.813 -0.979 4.804
 endloop
endfacet
facet normal -0.737 0.126 0.664
 outer loop
  vertex 3.813 -0.979 4.804
  vertex 3.176 -0.395 3.985
  vertex 3.103 -0.784 3.979
 endloop
endfacet
facet normal -0.716 0.209 0.666
 outer loop
  vertex 3.813 -0.979 4.804
  vertex 3.103 -0.784 3.979
  vertex 3.664 -1.45 4.791
 endloop
endfacet
facet normal -0.716 0.209 0.666
 outer loop
  vertex 3.664 -1.45 4.791
  vertex 3.103 -0.784 3.979
  vertex 2.984 -1.16 3.969
 endloop
endfacet
facet normal -0.686 0.288 0.668
 outer loop
  vertex 3.664 -1.45 4.791
  vertex 2.984 -1.16 3.969
  vertex 3.458 -1.9 4.773
 endloop
endfacet
facet normal -0.686 0.288 0.668
 outer loop
  vertex 3.458 -1.9 4.773
  vertex 2.984 -1.16 3.969
  vertex 2.819 -1.52 3.954
 endloop
endfacet
facet normal -0.646 0.362 0.672
 outer loop
  vertex 3.458 -1.9 4.773
  vertex 2.819 -1.52 3.954
  vertex 3.199 -2.32 4.75
 endloop
endfacet
facet normal -0.646 0.362 0.672
 outer loop
  vertex 3.199 -2.32 4.75
  vertex 2.819 -1.52 3.954
  vertex 2.612 -1.856 3.936
 endloop
endfacet
facet normal -0.597 0.431 0.676
 outer loop
  vertex 3.199 -2.32 4.75
  vertex 2.612 -1.856 3.936
  vertex 2.89 -2.705 4.723
 endloop
endfacet
facet normal -0.597 0.431 0.676
 outer loop
  vertex 2.89 -2.705 4.723
  vertex 2.612 -1.856 3.936
  vertex 2.365 -2.164 3.915
 endloop
endfacet
facet normal -0.54 0.494 0.681
 outer loop
  vertex 2.89 -2.705 4.723
  vertex 2.365 -2.164 3.915
  vertex 2.536 -3.049 4.692
 endloop
endfacet
facet normal -0.54 0.494 0.681
 outer loop
  vertex 2.536 -3.049 4.692
  vertex 2.365 -2.164 3.915
  vertex 2.082 -2.439 3.89
 endloop
endfacet
facet normal -0.476 0.549 0.687
 outer loop
  vertex 2.536 -3.049 4.692
  vertex 2.082 -2.439 3.89
  vertex 2.143 -3.347 4.658
 endloop
endfacet
facet normal -0.476 0.549 0.687
 outer loop
  vertex 2.143 -3.347 4.658
  vertex 2.082 -2.439 3.89
  vertex 1.768 -2.678 3.862
 endloop
endfacet
facet normal -0.406 0.596 0.693
 outer loop
  vertex 2.143 -3.347 4.658
  vertex 1.768 -2.678 3.862
  vertex 1.717 -3.594 4.621
 endloop
endfacet
facet normal -0.406 0.596 0.693
 outer loop
  vertex 1.717 -3.594 4.621
  vertex 1.768 -2.678 3.862
  vertex 1.426 -2.875 3.832
 endloop
endfacet
facet normal -0.33 0.634 0.7
 outer loop
  vertex 1.717 -3.594 4.621
  vertex 1.426 -2.875 3.832
  vertex 1.263 -3.787 4.581
 endloop
endfacet
facet normal -0.33 0.634 0.7
 outer loop
  vertex 1.263 -3.787 4.581
  vertex 1.426 -2.875 3.832
  vertex 1.064 -3.03 3.801
 endloop
endfacet
facet normal -0.277 0.653 0.705
 outer loop
  vertex 1.263 -3.787 4.581
  vertex 1.064 -3.03 3.801
  vertex 0.929 -3.074 3.789
 endloop
endfacet
facet normal -0.251 0.664 0.704
 outer loop
  vertex 1.263 -3.787 4.581
  vertex 0.929 -3.074 3.789
  vertex 0.789 -3.922 4.54
 endloop
endfacet
facet normal -0.236 0.665 0.708
 outer loop
  vertex 0.789 -3.922 4.54
  vertex 0.929 -3.074 3.789
  vertex 0.685 -3.138 3.768
 endloop
endfacet
facet normal -0.194 0.675 0.712
 outer loop
  vertex 0.789 -3.922 4.54
  vertex 0.685 -3.138 3.768
  vertex 0.541 -3.166 3.755
 endloop
endfacet
facet normal -0.169 0.682 0.711
 outer loop
  vertex 0.789 -3.922 4.54
  vertex 0.541 -3.166 3.755
  vertex 0.303 -3.998 4.497
 endloop
endfacet
facet normal -0.153 0.682 0.715
 outer loop
  vertex 0.303 -3.998 4.497
  vertex 0.541 -3.166 3.755
  vertex 0.295 -3.199 3.733
 endloop
endfacet
facet normal -0.119 0.685 0.719
 outer loop
  vertex 0.303 -3.998 4.497
  vertex 0.295 -3.199 3.733
  vertex 0.222 -3.204 3.727
 endloop
endfacet
facet normal -0.103 0.687 0.719
 outer loop
  vertex 0.222 -3.204 3.727
  vertex 0.147 -3.211 3.722
  vertex 0.303 -3.998 4.497
 endloop
endfacet
facet normal -0.084 0.69 0.719
 outer loop
  vertex 0.303 -3.998 4.497
  vertex 0.147 -3.211 3.722
  vertex -0.189 -4.013 4.454
 endloop
endfacet
facet normal -0.069 0.688 0.723
 outer loop
  vertex 0.147 -3.211 3.722
  vertex -0.099 -3.218 3.706
  vertex -0.189 -4.013 4.454
 endloop
endfacet
facet normal -0.026 0.686 0.727
 outer loop
  vertex -0.189 -4.013 4.454
  vertex -0.099 -3.218 3.706
  vertex -0.248 -3.214 3.696
 endloop
endfacet
facet normal 0 0.688 0.726
 outer loop
  vertex -0.189 -4.013 4.454
  vertex -0.248 -3.214 3.696
  vertex -0.68 -3.968 4.411
 endloop
endfacet
facet normal 0.003 0.687 0.727
 outer loop
  vertex -0.68 -3.968 4.411
  vertex -0.248 -3.214 3.696
  vertex -0.372 -3.204 3.688
 endloop
endfacet
facet normal 0.029 0.681 0.732
 outer loop
  vertex -0.68 -3.968 4.411
  vertex -0.372 -3.204 3.688
  vertex -0.494 -3.188 3.678
 endloop
endfacet
facet normal 0.057 0.677 0.734
 outer loop
  vertex -0.494 -3.188 3.678
  vertex -0.638 -3.162 3.665
  vertex -0.68 -3.968 4.411
 endloop
endfacet
facet normal 0.084 0.675 0.733
 outer loop
  vertex -0.68 -3.968 4.411
  vertex -0.638 -3.162 3.665
  vertex -1.161 -3.862 4.369
 endloop
endfacet
facet normal 0.098 0.668 0.737
 outer loop
  vertex -0.638 -3.162 3.665
  vertex -0.881 -3.103 3.644
  vertex -1.161 -3.862 4.369
 endloop
endfacet
facet normal 0.139 0.657 0.741
 outer loop
  vertex -1.161 -3.862 4.369
  vertex -0.881 -3.103 3.644
  vertex -1.016 -3.061 3.632
 endloop
endfacet
facet normal 0.166 0.651 0.74
 outer loop
  vertex -1.161 -3.862 4.369
  vertex -1.016 -3.061 3.632
  vertex -1.625 -3.698 4.328
 endloop
endfacet
facet normal 0.179 0.643 0.744
 outer loop
  vertex -1.625 -3.698 4.328
  vertex -1.016 -3.061 3.632
  vertex -1.254 -2.971 3.611
 endloop
endfacet
facet normal 0.242 0.616 0.75
 outer loop
  vertex -1.625 -3.698 4.328
  vertex -1.254 -2.971 3.611
  vertex -2.066 -3.477 4.29
 endloop
endfacet
facet normal 0.242 0.616 0.75
 outer loop
  vertex -2.066 -3.477 4.29
  vertex -1.254 -2.971 3.611
  vertex -1.608 -2.794 3.58
 endloop
endfacet
facet normal 0.315 0.574 0.756
 outer loop
  vertex -2.066 -3.477 4.29
  vertex -1.608 -2.794 3.58
  vertex -2.477 -3.204 4.254
 endloop
endfacet
facet normal 0.315 0.574 0.756
 outer loop
  vertex -2.477 -3.204 4.254
  vertex -1.608 -2.794 3.58
  vertex -1.938 -2.574 3.551
 endloop
endfacet
facet normal 0.383 0.523 0.762
 outer loop
  vertex -2.477 -3.204 4.254
  vertex -1.938 -2.574 3.551
  vertex -2.851 -2.883 4.221
 endloop
endfacet
facet normal 0.383 0.523 0.762
 outer loop
  vertex -2.851 -2.883 4.221
  vertex -1.938 -2.574 3.551
  vertex -2.238 -2.316 3.525
 endloop
endfacet
facet normal 0.443 0.464 0.767
 outer loop
  vertex -2.851 -2.883 4.221
  vertex -2.238 -2.316 3.525
  vertex -3.183 -2.517 4.192
 endloop
endfacet
facet normal 0.443 0.464 0.767
 outer loop
  vertex -3.183 -2.517 4.192
  vertex -2.238 -2.316 3.525
  vertex -2.505 -2.022 3.502
 endloop
endfacet
facet normal 0.496 0.398 0.772
 outer loop
  vertex -3.183 -2.517 4.192
  vertex -2.505 -2.022 3.502
  vertex -3.467 -2.114 4.167
 endloop
endfacet
facet normal 0.496 0.398 0.772
 outer loop
  vertex -3.467 -2.114 4.167
  vertex -2.505 -2.022 3.502
  vertex -2.734 -1.698 3.482
 endloop
endfacet
facet normal 0.541 0.326 0.776
 outer loop
  vertex -3.467 -2.114 4.167
  vertex -2.734 -1.698 3.482
  vertex -3.7 -1.678 4.147
 endloop
endfacet
facet normal 0.541 0.326 0.776
 outer loop
  vertex -3.7 -1.678 4.147
  vertex -2.734 -1.698 3.482
  vertex -2.921 -1.348 3.465
 endloop
endfacet
facet normal 0.576 0.249 0.779
 outer loop
  vertex -3.7 -1.678 4.147
  vertex -2.921 -1.348 3.465
  vertex -3.878 -1.217 4.131
 endloop
endfacet
facet normal 0.576 0.249 0.779
 outer loop
  vertex -3.878 -1.217 4.131
  vertex -2.921 -1.348 3.465
  vertex -3.064 -0.978 3.453
 endloop
endfacet
facet normal 0.601 0.168 0.781
 outer loop
  vertex -3.878 -1.217 4.131
  vertex -3.064 -0.978 3.453
  vertex -3.998 -0.738 4.121
 endloop
endfacet
facet normal 0.601 0.168 0.781
 outer loop
  vertex -3.998 -0.738 4.121
  vertex -3.064 -0.978 3.453
  vertex -3.16 -0.593 3.444
 endloop
endfacet
facet normal 0.617 0.085 0.782
 outer loop
  vertex -3.998 -0.738 4.121
  vertex -3.16 -0.593 3.444
  vertex -4.059 -0.247 4.115
 endloop
endfacet
facet normal 0.617 0.085 0.782
 outer loop
  vertex -4.059 -0.247 4.115
  vertex -3.16 -0.593 3.444
  vertex -3.209 -0.199 3.44
 endloop
endfacet
facet normal 0.621 0.021 0.783
 outer loop
  vertex -4.059 -0.247 4.115
  vertex -3.209 -0.199 3.44
  vertex -4.066 0 4.115
 endloop
endfacet
facet normal 0.618 0 0.786
 outer loop
  vertex -4.066 0 4.115
  vertex -3.209 -0.199 3.44
  vertex -3.209 0.199 3.44
 endloop
endfacet
facet normal 0.621 -0.021 0.783
 outer loop
  vertex -4.066 0 4.115
  vertex -3.209 0.199 3.44
  vertex -4.059 0.247 4.115
 endloop
endfacet
facet normal 0.617 -0.085 0.782
 outer loop
  vertex -4.059 0.247 4.115
  vertex -3.209 0.199 3.44
  vertex -3.998 0.738 4.121
 endloop
endfacet
facet normal 0.617 -0.085 0.782
 outer loop
  vertex -3.209 0.199 3.44
  vertex -3.16 0.593 3.444
  vertex -3.998 0.738 4.121
 endloop
endfacet
facet normal 0.601 -0.168 0.781
 outer loop
  vertex -3.998 0.738 4.121
  vertex -3.16 0.593 3.444
  vertex -3.878 1.217 4.131
 endloop
endfacet
facet normal 0.601 -0.168 0.781
 outer loop
  vertex -3.16 0.593 3.444
  vertex -3.064 0.978 3.453
  vertex -3.878 1.217 4.131
 endloop
endfacet
facet normal 0.576 -0.249 0.779
 outer loop
  vertex -3.878 1.217 4.131
  vertex -3.064 0.978 3.453
  vertex -3.7 1.678 4.147
 endloop
endfacet
facet normal 0.576 -0.249 0.779
 outer loop
  vertex -3.064 0.978 3.453
  vertex -2.921 1.348 3.465
  vertex -3.7 1.678 4.147
 endloop
endfacet
facet normal 0.541 -0.326 0.776
 outer loop
  vertex -3.7 1.678 4.147
  vertex -2.921 1.348 3.465
  vertex -3.467 2.114 4.167
 endloop
endfacet
facet normal 0.541 -0.326 0.776
 outer loop
  vertex -2.921 1.348 3.465
  vertex -2.734 1.698 3.482
  vertex -3.467 2.114 4.167
 endloop
endfacet
facet normal 0.496 -0.398 0.772
 outer loop
  vertex -3.467 2.114 4.167
  vertex -2.734 1.698 3.482
  vertex -3.183 2.517 4.192
 endloop
endfacet
facet normal 0.496 -0.398 0.772
 outer loop
  vertex -2.734 1.698 3.482
  vertex -2.505 2.022 3.502
  vertex -3.183 2.517 4.192
 endloop
endfacet
facet normal 0.443 -0.464 0.767
 outer loop
  vertex -3.183 2.517 4.192
  vertex -2.505 2.022 3.502
  vertex -2.851 2.883 4.221
 endloop
endfacet
facet normal 0.443 -0.464 0.767
 outer loop
  vertex -2.505 2.022 3.502
  vertex -2.238 2.316 3.525
  vertex -2.851 2.883 4.221
 endloop
endfacet
facet normal 0.383 -0.523 0.762
 outer loop
  vertex -2.851 2.883 4.221
  vertex -2.238 2.316 3.525
  vertex -2.477 3.204 4.254
 endloop
endfacet
facet normal 0.383 -0.523 0.762
 outer loop
  vertex -2.238 2.316 3.525
  vertex -1.938 2.574 3.551
  vertex -2.477 3.204 4.254
 endloop
endfacet
facet normal 0.315 -0.574 0.756
 outer loop
  vertex -2.477 3.204 4.254
  vertex -1.938 2.574 3.551
  vertex -2.066 3.477 4.29
 endloop
endfacet
facet normal 0.315 -0.574 0.756
 outer loop
  vertex -1.938 2.574 3.551
  vertex -1.608 2.794 3.58
  vertex -2.066 3.477 4.29
 endloop
endfacet
facet normal 0.242 -0.616 0.75
 outer loop
  vertex -2.066 3.477 4.29
  vertex -1.608 2.794 3.58
  vertex -1.625 3.698 4.328
 endloop
endfacet
facet normal 0.242 -0.616 0.75
 outer loop
  vertex -1.608 2.794 3.58
  vertex -1.254 2.971 3.611
  vertex -1.625 3.698 4.328
 endloop
endfacet
facet normal 0.179 -0.643 0.744
 outer loop
  vertex -1.625 3.698 4.328
  vertex -1.254 2.971 3.611
  vertex -1.016 3.061 3.632
 endloop
endfacet
facet normal 0.166 -0.651 0.74
 outer loop
  vertex -1.625 3.698 4.328
  vertex -1.016 3.061 3.632
  vertex -1.161 3.862 4.369
 endloop
endfacet
facet normal 0.139 -0.657 0.741
 outer loop
  vertex -1.161 3.862 4.369
  vertex -1.016 3.061 3.632
  vertex -0.881 3.103 3.644
 endloop
endfacet
facet normal 0.098 -0.668 0.737
 outer loop
  vertex -1.161 3.862 4.369
  vertex -0.881 3.103 3.644
  vertex -0.638 3.162 3.665
 endloop
endfacet
facet normal 0.084 -0.675 0.733
 outer loop
  vertex -1.161 3.862 4.369
  vertex -0.638 3.162 3.665
  vertex -0.68 3.968 4.411
 endloop
endfacet
facet normal 0.057 -0.677 0.734
 outer loop
  vertex -0.68 3.968 4.411
  vertex -0.638 3.162 3.665
  vertex -0.494 3.188 3.678
 endloop
endfacet
facet normal 0.996 0.031 0.087
 outer loop
  vertex -4.076 -0.247 4.315
  vertex -4.059 -0.247 4.115
  vertex -4.084 0 4.314
 endloop
endfacet
facet normal 0.996 0.031 0.087
 outer loop
  vertex -4.084 0 4.314
  vertex -4.059 -0.247 4.115
  vertex -4.066 0 4.115
 endloop
endfacet
facet normal 0.996 -0.031 0.087
 outer loop
  vertex -4.084 0 4.314
  vertex -4.066 0 4.115
  vertex -4.076 0.247 4.315
 endloop
endfacet
facet normal 0.996 -0.031 0.087
 outer loop
  vertex -4.076 0.247 4.315
  vertex -4.066 0 4.115
  vertex -4.059 0.247 4.115
 endloop
endfacet
facet normal 0.989 -0.123 0.086
 outer loop
  vertex -4.076 0.247 4.315
  vertex -4.059 0.247 4.115
  vertex -4.016 0.738 4.32
 endloop
endfacet
facet normal 0.989 -0.123 0.086
 outer loop
  vertex -4.016 0.738 4.32
  vertex -4.059 0.247 4.115
  vertex -3.998 0.738 4.121
 endloop
endfacet
facet normal 0.966 -0.244 0.085
 outer loop
  vertex -4.016 0.738 4.32
  vertex -3.998 0.738 4.121
  vertex -3.895 1.217 4.33
 endloop
endfacet
facet normal 0.966 -0.244 0.085
 outer loop
  vertex -3.895 1.217 4.33
  vertex -3.998 0.738 4.121
  vertex -3.878 1.217 4.131
 endloop
endfacet
facet normal 0.929 -0.361 0.081
 outer loop
  vertex -3.895 1.217 4.33
  vertex -3.878 1.217 4.131
  vertex -3.718 1.678 4.346
 endloop
endfacet
facet normal 0.929 -0.361 0.081
 outer loop
  vertex -3.718 1.678 4.346
  vertex -3.878 1.217 4.131
  vertex -3.7 1.678 4.147
 endloop
endfacet
facet normal 0.878 -0.473 0.077
 outer loop
  vertex -3.718 1.678 4.346
  vertex -3.7 1.678 4.147
  vertex -3.485 2.114 4.366
 endloop
endfacet
facet normal 0.878 -0.473 0.077
 outer loop
  vertex -3.485 2.114 4.366
  vertex -3.7 1.678 4.147
  vertex -3.467 2.114 4.167
 endloop
endfacet
facet normal 0.813 -0.578 0.071
 outer loop
  vertex -3.485 2.114 4.366
  vertex -3.467 2.114 4.167
  vertex -3.2 2.517 4.391
 endloop
endfacet
facet normal 0.813 -0.578 0.071
 outer loop
  vertex -3.2 2.517 4.391
  vertex -3.467 2.114 4.167
  vertex -3.183 2.517 4.192
 endloop
endfacet
facet normal 0.736 -0.674 0.064
 outer loop
  vertex -3.2 2.517 4.391
  vertex -3.183 2.517 4.192
  vertex -2.868 2.883 4.42
 endloop
endfacet
facet normal 0.736 -0.674 0.064
 outer loop
  vertex -2.868 2.883 4.42
  vertex -3.183 2.517 4.192
  vertex -2.851 2.883 4.221
 endloop
endfacet
facet normal 0.648 -0.759 0.057
 outer loop
  vertex -2.868 2.883 4.42
  vertex -2.851 2.883 4.221
  vertex -2.494 3.204 4.453
 endloop
endfacet
facet normal 0.648 -0.759 0.057
 outer loop
  vertex -2.494 3.204 4.453
  vertex -2.851 2.883 4.221
  vertex -2.477 3.204 4.254
 endloop
endfacet
facet normal 0.55 -0.834 0.048
 outer loop
  vertex -2.494 3.204 4.453
  vertex -2.477 3.204 4.254
  vertex -2.084 3.477 4.489
 endloop
endfacet
facet normal 0.55 -0.834 0.048
 outer loop
  vertex -2.084 3.477 4.489
  vertex -2.477 3.204 4.254
  vertex -2.066 3.477 4.29
 endloop
endfacet
facet normal 0.444 -0.895 0.039
 outer loop
  vertex -2.084 3.477 4.489
  vertex -2.066 3.477 4.29
  vertex -1.643 3.698 4.528
 endloop
endfacet
facet normal 0.444 -0.895 0.039
 outer loop
  vertex -1.643 3.698 4.528
  vertex -2.066 3.477 4.29
  vertex -1.625 3.698 4.328
 endloop
endfacet
facet normal 0.331 -0.943 0.029
 outer loop
  vertex -1.643 3.698 4.528
  vertex -1.625 3.698 4.328
  vertex -1.178 3.862 4.568
 endloop
endfacet
facet normal 0.331 -0.943 0.029
 outer loop
  vertex -1.178 3.862 4.568
  vertex -1.625 3.698 4.328
  vertex -1.161 3.862 4.369
 endloop
endfacet
facet normal 0.213 -0.977 0.019
 outer loop
  vertex -1.178 3.862 4.568
  vertex -1.161 3.862 4.369
  vertex -0.697 3.968 4.61
 endloop
endfacet
facet normal 0.213 -0.977 0.019
 outer loop
  vertex -0.697 3.968 4.61
  vertex -1.161 3.862 4.369
  vertex -0.68 3.968 4.411
 endloop
endfacet
facet normal 0.092 -0.996 0.008
 outer loop
  vertex -0.697 3.968 4.61
  vertex -0.68 3.968 4.411
  vertex -0.207 4.013 4.653
 endloop
endfacet
facet normal 0.092 -0.996 0.008
 outer loop
  vertex -0.207 4.013 4.653
  vertex -0.68 3.968 4.411
  vertex -0.189 4.013 4.454
 endloop
endfacet
facet normal -0.031 -1 -0.003
 outer loop
  vertex -0.207 4.013 4.653
  vertex -0.189 4.013 4.454
  vertex 0.285 3.998 4.696
 endloop
endfacet
facet normal -0.031 -1 -0.003
 outer loop
  vertex 0.285 3.998 4.696
  vertex -0.189 4.013 4.454
  vertex 0.303 3.998 4.497
 endloop
endfacet
facet normal -0.153 -0.988 -0.013
 outer loop
  vertex 0.285 3.998 4.696
  vertex 0.303 3.998 4.497
  vertex 0.772 3.922 4.739
 endloop
endfacet
facet normal -0.153 -0.988 -0.013
 outer loop
  vertex 0.772 3.922 4.739
  vertex 0.303 3.998 4.497
  vertex 0.789 3.922 4.54
 endloop
endfacet
facet normal -0.273 -0.962 -0.024
 outer loop
  vertex 0.772 3.922 4.739
  vertex 0.789 3.922 4.54
  vertex 1.246 3.787 4.78
 endloop
endfacet
facet normal -0.273 -0.962 -0.024
 outer loop
  vertex 1.246 3.787 4.78
  vertex 0.789 3.922 4.54
  vertex 1.263 3.787 4.581
 endloop
endfacet
facet normal -0.388 -0.921 -0.034
 outer loop
  vertex 1.246 3.787 4.78
  vertex 1.263 3.787 4.581
  vertex 1.699 3.594 4.82
 endloop
endfacet
facet normal -0.388 -0.921 -0.034
 outer loop
  vertex 1.699 3.594 4.82
  vertex 1.263 3.787 4.581
  vertex 1.717 3.594 4.621
 endloop
endfacet
facet normal -0.498 -0.866 -0.044
 outer loop
  vertex 1.699 3.594 4.82
  vertex 1.717 3.594 4.621
  vertex 2.126 3.347 4.857
 endloop
endfacet
facet normal -0.498 -0.866 -0.044
 outer loop
  vertex 2.126 3.347 4.857
  vertex 1.717 3.594 4.621
  vertex 2.143 3.347 4.658
 endloop
endfacet
facet normal -0.6 -0.798 -0.053
 outer loop
  vertex 2.126 3.347 4.857
  vertex 2.143 3.347 4.658
  vertex 2.519 3.049 4.892
 endloop
endfacet
facet normal -0.6 -0.798 -0.053
 outer loop
  vertex 2.519 3.049 4.892
  vertex 2.143 3.347 4.658
  vertex 2.536 3.049 4.692
 endloop
endfacet
facet normal -0.693 -0.718 -0.061
 outer loop
  vertex 2.519 3.049 4.892
  vertex 2.536 3.049 4.692
  vertex 2.872 2.705 4.923
 endloop
endfacet
facet normal -0.693 -0.718 -0.061
 outer loop
  vertex 2.872 2.705 4.923
  vertex 2.536 3.049 4.692
  vertex 2.89 2.705 4.723
 endloop
endfacet
facet normal -0.776 -0.627 -0.068
 outer loop
  vertex 2.872 2.705 4.923
  vertex 2.89 2.705 4.723
  vertex 3.181 2.32 4.95
 endloop
endfacet
facet normal -0.776 -0.627 -0.068
 outer loop
  vertex 3.181 2.32 4.95
  vertex 2.89 2.705 4.723
  vertex 3.199 2.32 4.75
 endloop
endfacet
facet normal -0.847 -0.526 -0.074
 outer loop
  vertex 3.181 2.32 4.95
  vertex 3.199 2.32 4.75
  vertex 3.44 1.9 4.972
 endloop
endfacet
facet normal -0.847 -0.526 -0.074
 outer loop
  vertex 3.44 1.9 4.972
  vertex 3.199 2.32 4.75
  vertex 3.458 1.9 4.773
 endloop
endfacet
facet normal -0.905 -0.418 -0.079
 outer loop
  vertex 3.44 1.9 4.972
  vertex 3.458 1.9 4.773
  vertex 3.646 1.45 4.99
 endloop
endfacet
facet normal -0.905 -0.418 -0.079
 outer loop
  vertex 3.646 1.45 4.99
  vertex 3.458 1.9 4.773
  vertex 3.664 1.45 4.791
 endloop
endfacet
facet normal -0.949 -0.303 -0.083
 outer loop
  vertex 3.646 1.45 4.99
  vertex 3.664 1.45 4.791
  vertex 3.796 0.979 5.003
 endloop
endfacet
facet normal -0.949 -0.303 -0.083
 outer loop
  vertex 3.796 0.979 5.003
  vertex 3.664 1.45 4.791
  vertex 3.813 0.979 4.804
 endloop
endfacet
facet normal -0.979 -0.184 -0.086
 outer loop
  vertex 3.796 0.979 5.003
  vertex 3.813 0.979 4.804
  vertex 3.886 0.493 5.011
 endloop
endfacet
facet normal -0.979 -0.184 -0.086
 outer loop
  vertex 3.886 0.493 5.011
  vertex 3.813 0.979 4.804
  vertex 3.903 0.493 4.812
 endloop
endfacet
facet normal -0.994 -0.062 -0.087
 outer loop
  vertex 3.886 0.493 5.011
  vertex 3.903 0.493 4.812
  vertex 3.916 -0 5.014
 endloop
endfacet
facet normal -0.994 -0.062 -0.087
 outer loop
  vertex 3.916 -0 5.014
  vertex 3.903 0.493 4.812
  vertex 3.934 -0 4.815
 endloop
endfacet
facet normal -0.994 0.062 -0.087
 outer loop
  vertex 3.916 -0 5.014
  vertex 3.934 -0 4.815
  vertex 3.886 -0.493 5.011
 endloop
endfacet
facet normal -0.994 0.062 -0.087
 outer loop
  vertex 3.886 -0.493 5.011
  vertex 3.934 -0 4.815
  vertex 3.903 -0.493 4.812
 endloop
endfacet
facet normal -0.979 0.184 -0.086
 outer loop
  vertex 3.886 -0.493 5.011
  vertex 3.903 -0.493 4.812
  vertex 3.796 -0.979 5.003
 endloop
endfacet
facet normal -0.979 0.184 -0.086
 outer loop
  vertex 3.796 -0.979 5.003
  vertex 3.903 -0.493 4.812
  vertex 3.813 -0.979 4.804
 endloop
endfacet
facet normal -0.949 0.303 -0.083
 outer loop
  vertex 3.796 -0.979 5.003
  vertex 3.813 -0.979 4.804
  vertex 3.646 -1.45 4.99
 endloop
endfacet
facet normal -0.949 0.303 -0.083
 outer loop
  vertex 3.646 -1.45 4.99
  vertex 3.813 -0.979 4.804
  vertex 3.664 -1.45 4.791
 endloop
endfacet
facet normal -0.905 0.418 -0.079
 outer loop
  vertex 3.646 -1.45 4.99
  vertex 3.664 -1.45 4.791
  vertex 3.44 -1.9 4.972
 endloop
endfacet
facet normal -0.905 0.418 -0.079
 outer loop
  vertex 3.44 -1.9 4.972
  vertex 3.664 -1.45 4.791
  vertex 3.458 -1.9 4.773
 endloop
endfacet
facet normal -0.847 0.526 -0.074
 outer loop
  vertex 3.44 -1.9 4.972
  vertex 3.458 -1.9 4.773
  vertex 3.181 -2.32 4.95
 endloop
endfacet
facet normal -0.847 0.526 -0.074
 outer loop
  vertex 3.181 -2.32 4.95
  vertex 3.458 -1.9 4.773
  vertex 3.199 -2.32 4.75
 endloop
endfacet
facet normal -0.776 0.627 -0.068
 outer loop
  vertex 3.181 -2.32 4.95
  vertex 3.199 -2.32 4.75
  vertex 2.872 -2.705 4.923
 endloop
endfacet
facet normal -0.776 0.627 -0.068
 outer loop
  vertex 2.872 -2.705 4.923
  vertex 3.199 -2.32 4.75
  vertex 2.89 -2.705 4.723
 endloop
endfacet
facet normal -0.693 0.718 -0.061
 outer loop
  vertex 2.872 -2.705 4.923
  vertex 2.89 -2.705 4.723
  vertex 2.519 -3.049 4.892
 endloop
endfacet
facet normal -0.693 0.718 -0.061
 outer loop
  vertex 2.519 -3.049 4.892
  vertex 2.89 -2.705 4.723
  vertex 2.536 -3.049 4.692
 endloop
endfacet
facet normal -0.6 0.798 -0.053
 outer loop
  vertex 2.519 -3.049 4.892
  vertex 2.536 -3.049 4.692
  vertex 2.126 -3.347 4.857
 endloop
endfacet
facet normal -0.6 0.798 -0.053
 outer loop
  vertex 2.126 -3.347 4.857
  vertex 2.536 -3.049 4.692
  vertex 2.143 -3.347 4.658
 endloop
endfacet
facet normal -0.498 0.866 -0.044
 outer loop
  vertex 2.126 -3.347 4.857
  vertex 2.143 -3.347 4.658
  vertex 1.699 -3.594 4.82
 endloop
endfacet
facet normal -0.498 0.866 -0.044
 outer loop
  vertex 1.699 -3.594 4.82
  vertex 2.143 -3.347 4.658
  vertex 1.717 -3.594 4.621
 endloop
endfacet
facet normal -0.388 0.921 -0.034
 outer loop
  vertex 1.699 -3.594 4.82
  vertex 1.717 -3.594 4.621
  vertex 1.246 -3.787 4.78
 endloop
endfacet
facet normal -0.388 0.921 -0.034
 outer loop
  vertex 1.246 -3.787 4.78
  vertex 1.717 -3.594 4.621
  vertex 1.263 -3.787 4.581
 endloop
endfacet
facet normal -0.273 0.962 -0.024
 outer loop
  vertex 1.246 -3.787 4.78
  vertex 1.263 -3.787 4.581
  vertex 0.772 -3.922 4.739
 endloop
endfacet
facet normal -0.273 0.962 -0.024
 outer loop
  vertex 0.772 -3.922 4.739
  vertex 1.263 -3.787 4.581
  vertex 0.789 -3.922 4.54
 endloop
endfacet
facet normal -0.153 0.988 -0.013
 outer loop
  vertex 0.772 -3.922 4.739
  vertex 0.789 -3.922 4.54
  vertex 0.285 -3.998 4.696
 endloop
endfacet
facet normal -0.153 0.988 -0.013
 outer loop
  vertex 0.285 -3.998 4.696
  vertex 0.789 -3.922 4.54
  vertex 0.303 -3.998 4.497
 endloop
endfacet
facet normal -0.031 1 -0.003
 outer loop
  vertex 0.285 -3.998 4.696
  vertex 0.303 -3.998 4.497
  vertex -0.207 -4.013 4.653
 endloop
endfacet
facet normal -0.031 1 -0.003
 outer loop
  vertex -0.207 -4.013 4.653
  vertex 0.303 -3.998 4.497
  vertex -0.189 -4.013 4.454
 endloop
endfacet
facet normal 0.092 0.996 0.008
 outer loop
  vertex -0.207 -4.013 4.653
  vertex -0.189 -4.013 4.454
  vertex -0.697 -3.968 4.61
 endloop
endfacet
facet normal 0.092 0.996 0.008
 outer loop
  vertex -0.697 -3.968 4.61
  vertex -0.189 -4.013 4.454
  vertex -0.68 -3.968 4.411
 endloop
endfacet
facet normal 0.213 0.977 0.019
 outer loop
  vertex -0.697 -3.968 4.61
  vertex -0.68 -3.968 4.411
  vertex -1.178 -3.862 4.568
 endloop
endfacet
facet normal 0.213 0.977 0.019
 outer loop
  vertex -1.178 -3.862 4.568
  vertex -0.68 -3.968 4.411
  vertex -1.161 -3.862 4.369
 endloop
endfacet
facet normal 0.331 0.943 0.029
 outer loop
  vertex -1.178 -3.862 4.568
  vertex -1.161 -3.862 4.369
  vertex -1.643 -3.698 4.528
 endloop
endfacet
facet normal 0.331 0.943 0.029
 outer loop
  vertex -1.643 -3.698 4.528
  vertex -1.161 -3.862 4.369
  vertex -1.625 -3.698 4.328
 endloop
endfacet
facet normal 0.444 0.895 0.039
 outer loop
  vertex -1.643 -3.698 4.528
  vertex -1.625 -3.698 4.328
  vertex -2.084 -3.477 4.489
 endloop
endfacet
facet normal 0.444 0.895 0.039
 outer loop
  vertex -2.084 -3.477 4.489
  vertex -1.625 -3.698 4.328
  vertex -2.066 -3.477 4.29
 endloop
endfacet
facet normal 0.55 0.834 0.048
 outer loop
  vertex -2.084 -3.477 4.489
  vertex -2.066 -3.477 4.29
  vertex -2.494 -3.204 4.453
 endloop
endfacet
facet normal 0.55 0.834 0.048
 outer loop
  vertex -2.494 -3.204 4.453
  vertex -2.066 -3.477 4.29
  vertex -2.477 -3.204 4.254
 endloop
endfacet
facet normal 0.648 0.759 0.057
 outer loop
  vertex -2.494 -3.204 4.453
  vertex -2.477 -3.204 4.254
  vertex -2.868 -2.883 4.42
 endloop
endfacet
facet normal 0.648 0.759 0.057
 outer loop
  vertex -2.868 -2.883 4.42
  vertex -2.477 -3.204 4.254
  vertex -2.851 -2.883 4.221
 endloop
endfacet
facet normal 0.736 0.674 0.064
 outer loop
  vertex -2.868 -2.883 4.42
  vertex -2.851 -2.883 4.221
  vertex -3.2 -2.517 4.391
 endloop
endfacet
facet normal 0.736 0.674 0.064
 outer loop
  vertex -3.2 -2.517 4.391
  vertex -2.851 -2.883 4.221
  vertex -3.183 -2.517 4.192
 endloop
endfacet
facet normal 0.813 0.578 0.071
 outer loop
  vertex -3.2 -2.517 4.391
  vertex -3.183 -2.517 4.192
  vertex -3.485 -2.114 4.366
 endloop
endfacet
facet normal 0.813 0.578 0.071
 outer loop
  vertex -3.485 -2.114 4.366
  vertex -3.183 -2.517 4.192
  vertex -3.467 -2.114 4.167
 endloop
endfacet
facet normal 0.878 0.473 0.077
 outer loop
  vertex -3.485 -2.114 4.366
  vertex -3.467 -2.114 4.167
  vertex -3.718 -1.678 4.346
 endloop
endfacet
facet normal 0.878 0.473 0.077
 outer loop
  vertex -3.718 -1.678 4.346
  vertex -3.467 -2.114 4.167
  vertex -3.7 -1.678 4.147
 endloop
endfacet
facet normal 0.929 0.361 0.081
 outer loop
  vertex -3.718 -1.678 4.346
  vertex -3.7 -1.678 4.147
  vertex -3.895 -1.217 4.33
 endloop
endfacet
facet normal 0.929 0.361 0.081
 outer loop
  vertex -3.895 -1.217 4.33
  vertex -3.7 -1.678 4.147
  vertex -3.878 -1.217 4.131
 endloop
endfacet
facet normal 0.966 0.244 0.085
 outer loop
  vertex -3.895 -1.217 4.33
  vertex -3.878 -1.217 4.131
  vertex -4.016 -0.738 4.32
 endloop
endfacet
facet normal 0.966 0.244 0.085
 outer loop
  vertex -4.016 -0.738 4.32
  vertex -3.878 -1.217 4.131
  vertex -3.998 -0.738 4.121
 endloop
endfacet
facet normal 0.989 0.123 0.086
 outer loop
  vertex -4.016 -0.738 4.32
  vertex -3.998 -0.738 4.121
  vertex -4.076 -0.247 4.315
 endloop
endfacet
facet normal 0.989 0.123 0.086
 outer loop
  vertex -4.076 -0.247 4.315
  vertex -3.998 -0.738 4.121
  vertex -4.059 -0.247 4.115
 endloop
endfacet
facet normal 0.087 0.001 -0.996
 outer loop
  vertex -0.372 3.204 5.402
  vertex -0.494 3.188 5.391
  vertex -0.495 3.194 5.391
 endloop
endfacet
facet normal 0.087 0.001 -0.996
 outer loop
  vertex -0.495 3.194 5.391
  vertex -0.494 3.188 5.391
  vertex -0.641 3.174 5.378
 endloop
endfacet
facet normal 0.087 -0 -0.996
 outer loop
  vertex -0.494 3.188 5.391
  vertex -0.638 3.162 5.378
  vertex -0.641 3.174 5.378
 endloop
endfacet
facet normal 0.087 -0 -0.996
 outer loop
  vertex -0.641 3.174 5.378
  vertex -0.638 3.162 5.378
  vertex -0.881 3.103 5.357
 endloop
endfacet
facet normal 0.087 0 -0.996
 outer loop
  vertex -0.641 3.174 5.378
  vertex -0.881 3.103 5.357
  vertex -0.886 3.126 5.357
 endloop
endfacet
facet normal 0.087 0 -0.996
 outer loop
  vertex -0.886 3.126 5.357
  vertex -0.881 3.103 5.357
  vertex -1.026 3.09 5.344
 endloop
endfacet
facet normal 0.087 0 -0.996
 outer loop
  vertex -0.881 3.103 5.357
  vertex -1.016 3.061 5.345
  vertex -1.026 3.09 5.344
 endloop
endfacet
facet normal 0.087 0 -0.996
 outer loop
  vertex -1.026 3.09 5.344
  vertex -1.016 3.061 5.345
  vertex -1.254 2.971 5.325
 endloop
endfacet
facet normal 0.087 0 -0.996
 outer loop
  vertex -1.026 3.09 5.344
  vertex -1.254 2.971 5.325
  vertex -1.397 2.958 5.312
 endloop
endfacet
facet normal 0.087 0 -0.996
 outer loop
  vertex -1.397 2.958 5.312
  vertex -1.254 2.971 5.325
  vertex -1.608 2.794 5.294
 endloop
endfacet
facet normal 0.087 -0 -0.996
 outer loop
  vertex -1.397 2.958 5.312
  vertex -1.608 2.794 5.294
  vertex -1.75 2.782 5.281
 endloop
endfacet
facet normal 0.087 -0 -0.996
 outer loop
  vertex -1.75 2.782 5.281
  vertex -1.608 2.794 5.294
  vertex -1.938 2.574 5.265
 endloop
endfacet
facet normal 0.087 -0 -0.996
 outer loop
  vertex -1.75 2.782 5.281
  vertex -1.938 2.574 5.265
  vertex -2.078 2.563 5.252
 endloop
endfacet
facet normal 0.087 0 -0.996
 outer loop
  vertex -2.078 2.563 5.252
  vertex -1.938 2.574 5.265
  vertex -2.238 2.316 5.238
 endloop
endfacet
facet normal 0.087 -0 -0.996
 outer loop
  vertex -2.078 2.563 5.252
  vertex -2.238 2.316 5.238
  vertex -2.378 2.306 5.226
 endloop
endfacet
facet normal 0.087 -0 -0.996
 outer loop
  vertex -2.378 2.306 5.226
  vertex -2.238 2.316 5.238
  vertex -2.505 2.022 5.215
 endloop
endfacet
facet normal 0.087 -0 -0.996
 outer loop
  vertex -2.378 2.306 5.226
  vertex -2.505 2.022 5.215
  vertex -2.643 2.014 5.203
 endloop
endfacet
facet normal 0.087 -0 -0.996
 outer loop
  vertex -2.643 2.014 5.203
  vertex -2.505 2.022 5.215
  vertex -2.734 1.698 5.195
 endloop
endfacet
facet normal 0.087 -0 -0.996
 outer loop
  vertex -2.643 2.014 5.203
  vertex -2.734 1.698 5.195
  vertex -2.871 1.691 5.183
 endloop
endfacet
facet normal 0.087 -0 -0.996
 outer loop
  vertex -2.871 1.691 5.183
  vertex -2.734 1.698 5.195
  vertex -2.921 1.348 5.179
 endloop
endfacet
facet normal 0.087 -0 -0.996
 outer loop
  vertex -2.871 1.691 5.183
  vertex -2.921 1.348 5.179
  vertex -3.057 1.343 5.167
 endloop
endfacet
facet normal 0.087 0 -0.996
 outer loop
  vertex -3.057 1.343 5.167
  vertex -2.921 1.348 5.179
  vertex -3.064 0.978 5.166
 endloop
endfacet
facet normal 0.087 0 -0.996
 outer loop
  vertex -3.057 1.343 5.167
  vertex -3.064 0.978 5.166
  vertex -3.199 0.974 5.154
 endloop
endfacet
facet normal 0.087 -0 -0.996
 outer loop
  vertex -3.199 0.974 5.154
  vertex -3.064 0.978 5.166
  vertex -3.16 0.593 5.158
 endloop
endfacet
facet normal 0.087 -0 -0.996
 outer loop
  vertex -3.199 0.974 5.154
  vertex -3.16 0.593 5.158
  vertex -3.295 0.59 5.146
 endloop
endfacet
facet normal 0.087 -0 -0.996
 outer loop
  vertex -3.295 0.59 5.146
  vertex -3.16 0.593 5.158
  vertex -3.209 0.199 5.153
 endloop
endfacet
facet normal 0.087 0 -0.996
 outer loop
  vertex -3.295 0.59 5.146
  vertex -3.209 0.199 5.153
  vertex -3.344 0.198 5.142
 endloop
endfacet
facet normal 0.087 0 -0.996
 outer loop
  vertex -3.344 0.198 5.142
  vertex -3.209 0.199 5.153
  vertex -3.344 -0.198 5.142
 endloop
endfacet
facet normal 0.087 0 -0.996
 outer loop
  vertex -3.209 0.199 5.153
  vertex -3.209 -0.199 5.153
  vertex -3.344 -0.198 5.142
 endloop
endfacet
facet normal 0.087 -0 -0.996
 outer loop
  vertex -3.344 -0.198 5.142
  vertex -3.209 -0.199 5.153
  vertex -3.295 -0.59 5.146
 endloop
endfacet
facet normal 0.087 0 -0.996
 outer loop
  vertex -3.209 -0.199 5.153
  vertex -3.16 -0.593 5.158
  vertex -3.295 -0.59 5.146
 endloop
endfacet
facet normal 0.087 0 -0.996
 outer loop
  vertex -3.295 -0.59 5.146
  vertex -3.16 -0.593 5.158
  vertex -3.199 -0.974 5.154
 endloop
endfacet
facet normal 0.087 0 -0.996
 outer loop
  vertex -3.16 -0.593 5.158
  vertex -3.064 -0.978 5.166
  vertex -3.199 -0.974 5.154
 endloop
endfacet
facet normal 0.087 -0 -0.996
 outer loop
  vertex -3.199 -0.974 5.154
  vertex -3.064 -0.978 5.166
  vertex -3.057 -1.343 5.167
 endloop
endfacet
facet normal 0.087 -0 -0.996
 outer loop
  vertex -3.064 -0.978 5.166
  vertex -2.921 -1.348 5.179
  vertex -3.057 -1.343 5.167
 endloop
endfacet
facet normal 0.087 0 -0.996
 outer loop
  vertex -3.057 -1.343 5.167
  vertex -2.921 -1.348 5.179
  vertex -2.871 -1.691 5.183
 endloop
endfacet
facet normal 0.087 0 -0.996
 outer loop
  vertex -2.921 -1.348 5.179
  vertex -2.734 -1.698 5.195
  vertex -2.871 -1.691 5.183
 endloop
endfacet
facet normal 0.087 0 -0.996
 outer loop
  vertex -2.871 -1.691 5.183
  vertex -2.734 -1.698 5.195
  vertex -2.643 -2.014 5.203
 endloop
endfacet
facet normal 0.087 0 -0.996
 outer loop
  vertex -2.734 -1.698 5.195
  vertex -2.505 -2.022 5.215
  vertex -2.643 -2.014 5.203
 endloop
endfacet
facet normal 0.087 0 -0.996
 outer loop
  vertex -2.643 -2.014 5.203
  vertex -2.505 -2.022 5.215
  vertex -2.378 -2.306 5.226
 endloop
endfacet
facet normal 0.087 0 -0.996
 outer loop
  vertex -2.505 -2.022 5.215
  vertex -2.238 -2.316 5.238
  vertex -2.378 -2.306 5.226
 endloop
endfacet
facet normal 0.087 0 -0.996
 outer loop
  vertex -2.378 -2.306 5.226
  vertex -2.238 -2.316 5.238
  vertex -2.078 -2.563 5.252
 endloop
endfacet
facet normal 0.087 -0 -0.996
 outer loop
  vertex -2.238 -2.316 5.238
  vertex -1.938 -2.574 5.265
  vertex -2.078 -2.563 5.252
 endloop
endfacet
facet normal 0.087 0 -0.996
 outer loop
  vertex -2.078 -2.563 5.252
  vertex -1.938 -2.574 5.265
  vertex -1.75 -2.782 5.281
 endloop
endfacet
facet normal 0.087 0 -0.996
 outer loop
  vertex -1.938 -2.574 5.265
  vertex -1.608 -2.794 5.294
  vertex -1.75 -2.782 5.281
 endloop
endfacet
facet normal 0.087 0 -0.996
 outer loop
  vertex -1.75 -2.782 5.281
  vertex -1.608 -2.794 5.294
  vertex -1.397 -2.958 5.312
 endloop
endfacet
facet normal 0.087 -0 -0.996
 outer loop
  vertex -1.608 -2.794 5.294
  vertex -1.254 -2.971 5.325
  vertex -1.397 -2.958 5.312
 endloop
endfacet
facet normal 0.087 -0 -0.996
 outer loop
  vertex -1.397 -2.958 5.312
  vertex -1.254 -2.971 5.325
  vertex -1.026 -3.09 5.344
 endloop
endfacet
facet normal 0.087 -0 -0.996
 outer loop
  vertex -1.254 -2.971 5.325
  vertex -1.016 -3.061 5.345
  vertex -1.026 -3.09 5.344
 endloop
endfacet
facet normal 0.087 -0 -0.996
 outer loop
  vertex -1.026 -3.09 5.344
  vertex -1.016 -3.061 5.345
  vertex -0.881 -3.103 5.357
 endloop
endfacet
facet normal 0.087 -0 -0.996
 outer loop
  vertex -1.026 -3.09 5.344
  vertex -0.881 -3.103 5.357
  vertex -0.886 -3.126 5.357
 endloop
endfacet
facet normal 0.087 -0 -0.996
 outer loop
  vertex -0.886 -3.126 5.357
  vertex -0.881 -3.103 5.357
  vertex -0.641 -3.174 5.378
 endloop
endfacet
facet normal 0.087 0 -0.996
 outer loop
  vertex -0.881 -3.103 5.357
  vertex -0.638 -3.162 5.378
  vertex -0.641 -3.174 5.378
 endloop
endfacet
facet normal 0.087 0 -0.996
 outer loop
  vertex -0.641 -3.174 5.378
  vertex -0.638 -3.162 5.378
  vertex -0.494 -3.188 5.391
 endloop
endfacet
facet normal 0.087 -0.001 -0.996
 outer loop
  vertex -0.641 -3.174 5.378
  vertex -0.494 -3.188 5.391
  vertex -0.495 -3.194 5.391
 endloop
endfacet
facet normal 0.087 -0.001 -0.996
 outer loop
  vertex -0.495 -3.194 5.391
  vertex -0.494 -3.188 5.391
  vertex -0.372 -3.204 5.402
 endloop
endfacet
facet normal -0.087 0 0.996
 outer loop
  vertex 0.222 3.204 3.727
  vertex 0.295 3.195 3.733
  vertex 0.295 3.199 3.733
 endloop
endfacet
facet normal -0.087 0 0.996
 outer loop
  vertex 0.295 3.199 3.733
  vertex 0.295 3.195 3.733
  vertex 0.539 3.151 3.755
 endloop
endfacet
facet normal -0.087 -0 0.996
 outer loop
  vertex 0.295 3.199 3.733
  vertex 0.539 3.151 3.755
  vertex 0.541 3.166 3.755
 endloop
endfacet
facet normal -0.087 -0 0.996
 outer loop
  vertex 0.541 3.166 3.755
  vertex 0.539 3.151 3.755
  vertex 0.685 3.138 3.768
 endloop
endfacet
facet normal -0.087 0 0.996
 outer loop
  vertex 0.539 3.151 3.755
  vertex 0.679 3.117 3.767
  vertex 0.685 3.138 3.768
 endloop
endfacet
facet normal -0.087 0 0.996
 outer loop
  vertex 0.685 3.138 3.768
  vertex 0.679 3.117 3.767
  vertex 0.919 3.043 3.788
 endloop
endfacet
facet normal -0.087 -0 0.996
 outer loop
  vertex 0.685 3.138 3.768
  vertex 0.919 3.043 3.788
  vertex 0.929 3.074 3.789
 endloop
endfacet
facet normal -0.087 -0 0.996
 outer loop
  vertex 0.929 3.074 3.789
  vertex 0.919 3.043 3.788
  vertex 1.064 3.03 3.801
 endloop
endfacet
facet normal -0.087 -0 0.996
 outer loop
  vertex 0.919 3.043 3.788
  vertex 1.049 2.994 3.799
  vertex 1.064 3.03 3.801
 endloop
endfacet
facet normal -0.087 -0 0.996
 outer loop
  vertex 1.064 3.03 3.801
  vertex 1.049 2.994 3.799
  vertex 1.284 2.888 3.82
 endloop
endfacet
facet normal -0.087 -0 0.996
 outer loop
  vertex 1.064 3.03 3.801
  vertex 1.284 2.888 3.82
  vertex 1.426 2.875 3.832
 endloop
endfacet
facet normal -0.087 -0 0.996
 outer loop
  vertex 1.426 2.875 3.832
  vertex 1.284 2.888 3.82
  vertex 1.626 2.689 3.85
 endloop
endfacet
facet normal -0.087 -0 0.996
 outer loop
  vertex 1.426 2.875 3.832
  vertex 1.626 2.689 3.85
  vertex 1.768 2.678 3.862
 endloop
endfacet
facet normal -0.087 0 0.996
 outer loop
  vertex 1.768 2.678 3.862
  vertex 1.626 2.689 3.85
  vertex 1.942 2.45 3.878
 endloop
endfacet
facet normal -0.087 0 0.996
 outer loop
  vertex 1.768 2.678 3.862
  vertex 1.942 2.45 3.878
  vertex 2.082 2.439 3.89
 endloop
endfacet
facet normal -0.087 0 0.996
 outer loop
  vertex 2.082 2.439 3.89
  vertex 1.942 2.45 3.878
  vertex 2.226 2.173 3.902
 endloop
endfacet
facet normal -0.087 0 0.996
 outer loop
  vertex 2.082 2.439 3.89
  vertex 2.226 2.173 3.902
  vertex 2.365 2.164 3.915
 endloop
endfacet
facet normal -0.087 0 0.996
 outer loop
  vertex 2.365 2.164 3.915
  vertex 2.226 2.173 3.902
  vertex 2.474 1.864 3.924
 endloop
endfacet
facet normal -0.087 0 0.996
 outer loop
  vertex 2.365 2.164 3.915
  vertex 2.474 1.864 3.924
  vertex 2.612 1.856 3.936
 endloop
endfacet
facet normal -0.087 0 0.996
 outer loop
  vertex 2.612 1.856 3.936
  vertex 2.474 1.864 3.924
  vertex 2.683 1.526 3.942
 endloop
endfacet
facet normal -0.087 -0 0.996
 outer loop
  vertex 2.612 1.856 3.936
  vertex 2.683 1.526 3.942
  vertex 2.819 1.52 3.954
 endloop
endfacet
facet normal -0.087 -0 0.996
 outer loop
  vertex 2.819 1.52 3.954
  vertex 2.683 1.526 3.942
  vertex 2.848 1.165 3.957
 endloop
endfacet
facet normal -0.087 -0 0.996
 outer loop
  vertex 2.819 1.52 3.954
  vertex 2.848 1.165 3.957
  vertex 2.984 1.16 3.969
 endloop
endfacet
facet normal -0.087 -0 0.996
 outer loop
  vertex 2.984 1.16 3.969
  vertex 2.848 1.165 3.957
  vertex 2.968 0.787 3.967
 endloop
endfacet
facet normal -0.087 -0 0.996
 outer loop
  vertex 2.984 1.16 3.969
  vertex 2.968 0.787 3.967
  vertex 3.103 0.784 3.979
 endloop
endfacet
facet normal -0.087 -0 0.996
 outer loop
  vertex 3.103 0.784 3.979
  vertex 2.968 0.787 3.967
  vertex 3.041 0.396 3.974
 endloop
endfacet
facet normal -0.087 -0 0.996
 outer loop
  vertex 3.103 0.784 3.979
  vertex 3.041 0.396 3.974
  vertex 3.176 0.395 3.985
 endloop
endfacet
facet normal -0.087 -0 0.996
 outer loop
  vertex 3.176 0.395 3.985
  vertex 3.041 0.396 3.974
  vertex 3.065 0 3.976
 endloop
endfacet
facet normal -0.087 -0 0.996
 outer loop
  vertex 3.176 0.395 3.985
  vertex 3.065 0 3.976
  vertex 3.2 -0 3.988
 endloop
endfacet
facet normal -0.087 0 0.996
 outer loop
  vertex 3.2 -0 3.988
  vertex 3.065 0 3.976
  vertex 3.176 -0.395 3.985
 endloop
endfacet
facet normal -0.087 0 0.996
 outer loop
  vertex 3.065 0 3.976
  vertex 3.041 -0.396 3.974
  vertex 3.176 -0.395 3.985
 endloop
endfacet
facet normal -0.087 0 0.996
 outer loop
  vertex 3.176 -0.395 3.985
  vertex 3.041 -0.396 3.974
  vertex 3.103 -0.784 3.979
 endloop
endfacet
facet normal -0.087 0 0.996
 outer loop
  vertex 3.041 -0.396 3.974
  vertex 2.968 -0.787 3.967
  vertex 3.103 -0.784 3.979
 endloop
endfacet
facet normal -0.087 0 0.996
 outer loop
  vertex 3.103 -0.784 3.979
  vertex 2.968 -0.787 3.967
  vertex 2.984 -1.16 3.969
 endloop
endfacet
facet normal -0.087 0 0.996
 outer loop
  vertex 2.968 -0.787 3.967
  vertex 2.848 -1.165 3.957
  vertex 2.984 -1.16 3.969
 endloop
endfacet
facet normal -0.087 0 0.996
 outer loop
  vertex 2.984 -1.16 3.969
  vertex 2.848 -1.165 3.957
  vertex 2.819 -1.52 3.954
 endloop
endfacet
facet normal -0.087 0 0.996
 outer loop
  vertex 2.848 -1.165 3.957
  vertex 2.683 -1.526 3.942
  vertex 2.819 -1.52 3.954
 endloop
endfacet
facet normal -0.087 0 0.996
 outer loop
  vertex 2.819 -1.52 3.954
  vertex 2.683 -1.526 3.942
  vertex 2.612 -1.856 3.936
 endloop
endfacet
facet normal -0.087 -0 0.996
 outer loop
  vertex 2.683 -1.526 3.942
  vertex 2.474 -1.864 3.924
  vertex 2.612 -1.856 3.936
 endloop
endfacet
facet normal -0.087 -0 0.996
 outer loop
  vertex 2.612 -1.856 3.936
  vertex 2.474 -1.864 3.924
  vertex 2.365 -2.164 3.915
 endloop
endfacet
facet normal -0.087 -0 0.996
 outer loop
  vertex 2.474 -1.864 3.924
  vertex 2.226 -2.173 3.902
  vertex 2.365 -2.164 3.915
 endloop
endfacet
facet normal -0.087 -0 0.996
 outer loop
  vertex 2.365 -2.164 3.915
  vertex 2.226 -2.173 3.902
  vertex 2.082 -2.439 3.89
 endloop
endfacet
facet normal -0.087 -0 0.996
 outer loop
  vertex 2.226 -2.173 3.902
  vertex 1.942 -2.45 3.878
  vertex 2.082 -2.439 3.89
 endloop
endfacet
facet normal -0.087 -0 0.996
 outer loop
  vertex 2.082 -2.439 3.89
  vertex 1.942 -2.45 3.878
  vertex 1.768 -2.678 3.862
 endloop
endfacet
facet normal -0.087 -0 0.996
 outer loop
  vertex 1.942 -2.45 3.878
  vertex 1.626 -2.689 3.85
  vertex 1.768 -2.678 3.862
 endloop
endfacet
facet normal -0.087 0 0.996
 outer loop
  vertex 1.768 -2.678 3.862
  vertex 1.626 -2.689 3.85
  vertex 1.426 -2.875 3.832
 endloop
endfacet
facet normal -0.087 0 0.996
 outer loop
  vertex 1.626 -2.689 3.85
  vertex 1.284 -2.888 3.82
  vertex 1.426 -2.875 3.832
 endloop
endfacet
facet normal -0.087 0 0.996
 outer loop
  vertex 1.426 -2.875 3.832
  vertex 1.284 -2.888 3.82
  vertex 1.064 -3.03 3.801
 endloop
endfacet
facet normal -0.087 0 0.996
 outer loop
  vertex 1.284 -2.888 3.82
  vertex 1.049 -2.994 3.799
  vertex 1.064 -3.03 3.801
 endloop
endfacet
facet normal -0.087 0 0.996
 outer loop
  vertex 1.064 -3.03 3.801
  vertex 1.049 -2.994 3.799
  vertex 0.919 -3.043 3.788
 endloop
endfacet
facet normal -0.087 0 0.996
 outer loop
  vertex 1.064 -3.03 3.801
  vertex 0.919 -3.043 3.788
  vertex 0.929 -3.074 3.789
 endloop
endfacet
facet normal -0.087 0 0.996
 outer loop
  vertex 0.929 -3.074 3.789
  vertex 0.919 -3.043 3.788
  vertex 0.685 -3.138 3.768
 endloop
endfacet
facet normal -0.087 -0 0.996
 outer loop
  vertex 0.919 -3.043 3.788
  vertex 0.679 -3.117 3.767
  vertex 0.685 -3.138 3.768
 endloop
endfacet
facet normal -0.087 -0 0.996
 outer loop
  vertex 0.685 -3.138 3.768
  vertex 0.679 -3.117 3.767
  vertex 0.539 -3.151 3.755
 endloop
endfacet
facet normal -0.087 0 0.996
 outer loop
  vertex 0.685 -3.138 3.768
  vertex 0.539 -3.151 3.755
  vertex 0.541 -3.166 3.755
 endloop
endfacet
facet normal -0.087 0 0.996
 outer loop
  vertex 0.541 -3.166 3.755
  vertex 0.539 -3.151 3.755
  vertex 0.295 -3.199 3.733
 endloop
endfacet
facet normal -0.087 -0 0.996
 outer loop
  vertex 0.539 -3.151 3.755
  vertex 0.295 -3.195 3.733
  vertex 0.295 -3.199 3.733
 endloop
endfacet
facet normal -0.087 -0 0.996
 outer loop
  vertex 0.295 -3.199 3.733
  vertex 0.295 -3.195 3.733
  vertex 0.222 -3.204 3.727
 endloop
endfacet
facet normal 0.153 -0.682 -0.716
 outer loop
  vertex -0.495 3.194 3.677
  vertex -0.641 3.174 3.665
  vertex -0.697 3.968 2.897
 endloop
endfacet
facet normal 0.195 -0.675 -0.712
 outer loop
  vertex -0.697 3.968 2.897
  vertex -0.641 3.174 3.665
  vertex -0.886 3.126 3.643
 endloop
endfacet
facet normal 0.21 -0.675 -0.708
 outer loop
  vertex -0.697 3.968 2.897
  vertex -0.886 3.126 3.643
  vertex -1.178 3.862 2.855
 endloop
endfacet
facet normal 0.236 -0.665 -0.708
 outer loop
  vertex -1.178 3.862 2.855
  vertex -0.886 3.126 3.643
  vertex -1.026 3.09 3.631
 endloop
endfacet
facet normal 0.291 -0.649 -0.703
 outer loop
  vertex -1.178 3.862 2.855
  vertex -1.026 3.09 3.631
  vertex -1.643 3.698 2.814
 endloop
endfacet
facet normal 0.291 -0.649 -0.703
 outer loop
  vertex -1.643 3.698 2.814
  vertex -1.026 3.09 3.631
  vertex -1.397 2.958 3.599
 endloop
endfacet
facet normal 0.369 -0.616 -0.696
 outer loop
  vertex -1.643 3.698 2.814
  vertex -1.397 2.958 3.599
  vertex -2.084 3.477 2.776
 endloop
endfacet
facet normal 0.369 -0.616 -0.696
 outer loop
  vertex -2.084 3.477 2.776
  vertex -1.397 2.958 3.599
  vertex -1.75 2.782 3.568
 endloop
endfacet
facet normal 0.442 -0.574 -0.69
 outer loop
  vertex -2.084 3.477 2.776
  vertex -1.75 2.782 3.568
  vertex -2.494 3.204 2.74
 endloop
endfacet
facet normal 0.442 -0.574 -0.69
 outer loop
  vertex -2.494 3.204 2.74
  vertex -1.75 2.782 3.568
  vertex -2.078 2.563 3.539
 endloop
endfacet
facet normal 0.509 -0.523 -0.684
 outer loop
  vertex -2.494 3.204 2.74
  vertex -2.078 2.563 3.539
  vertex -2.868 2.883 2.707
 endloop
endfacet
facet normal 0.509 -0.523 -0.684
 outer loop
  vertex -2.868 2.883 2.707
  vertex -2.078 2.563 3.539
  vertex -2.378 2.306 3.513
 endloop
endfacet
facet normal 0.57 -0.464 -0.679
 outer loop
  vertex -2.868 2.883 2.707
  vertex -2.378 2.306 3.513
  vertex -3.2 2.517 2.678
 endloop
endfacet
facet normal 0.57 -0.464 -0.679
 outer loop
  vertex -3.2 2.517 2.678
  vertex -2.378 2.306 3.513
  vertex -2.643 2.014 3.49
 endloop
endfacet
facet normal 0.623 -0.398 -0.674
 outer loop
  vertex -3.2 2.517 2.678
  vertex -2.643 2.014 3.49
  vertex -3.485 2.114 2.653
 endloop
endfacet
facet normal 0.623 -0.398 -0.674
 outer loop
  vertex -3.485 2.114 2.653
  vertex -2.643 2.014 3.49
  vertex -2.871 1.691 3.47
 endloop
endfacet
facet normal 0.667 -0.326 -0.67
 outer loop
  vertex -3.485 2.114 2.653
  vertex -2.871 1.691 3.47
  vertex -3.718 1.678 2.633
 endloop
endfacet
facet normal 0.667 -0.326 -0.67
 outer loop
  vertex -3.718 1.678 2.633
  vertex -2.871 1.691 3.47
  vertex -3.057 1.343 3.453
 endloop
endfacet
facet normal 0.702 -0.249 -0.667
 outer loop
  vertex -3.718 1.678 2.633
  vertex -3.057 1.343 3.453
  vertex -3.895 1.217 2.617
 endloop
endfacet
facet normal 0.702 -0.249 -0.667
 outer loop
  vertex -3.895 1.217 2.617
  vertex -3.057 1.343 3.453
  vertex -3.199 0.974 3.441
 endloop
endfacet
facet normal 0.728 -0.168 -0.665
 outer loop
  vertex -3.895 1.217 2.617
  vertex -3.199 0.974 3.441
  vertex -4.016 0.738 2.607
 endloop
endfacet
facet normal 0.728 -0.168 -0.665
 outer loop
  vertex -4.016 0.738 2.607
  vertex -3.199 0.974 3.441
  vertex -3.295 0.59 3.432
 endloop
endfacet
facet normal 0.743 -0.085 -0.663
 outer loop
  vertex -4.016 0.738 2.607
  vertex -3.295 0.59 3.432
  vertex -4.076 0.247 2.601
 endloop
endfacet
facet normal 0.743 -0.085 -0.663
 outer loop
  vertex -4.076 0.247 2.601
  vertex -3.295 0.59 3.432
  vertex -3.344 0.198 3.428
 endloop
endfacet
facet normal 0.748 -0.021 -0.663
 outer loop
  vertex -4.076 0.247 2.601
  vertex -3.344 0.198 3.428
  vertex -4.084 0 2.601
 endloop
endfacet
facet normal 0.746 0 -0.666
 outer loop
  vertex -4.084 0 2.601
  vertex -3.344 0.198 3.428
  vertex -3.344 -0.198 3.428
 endloop
endfacet
facet normal 0.748 0.021 -0.663
 outer loop
  vertex -4.084 0 2.601
  vertex -3.344 -0.198 3.428
  vertex -4.076 -0.247 2.601
 endloop
endfacet
facet normal 0.743 0.085 -0.663
 outer loop
  vertex -4.076 -0.247 2.601
  vertex -3.344 -0.198 3.428
  vertex -4.016 -0.738 2.607
 endloop
endfacet
facet normal 0.127 -0.688 -0.715
 outer loop
  vertex -0.697 3.968 2.897
  vertex -0.207 4.013 2.94
  vertex -0.495 3.194 3.677
 endloop
endfacet
facet normal 0.124 -0.687 -0.716
 outer loop
  vertex -0.495 3.194 3.677
  vertex -0.207 4.013 2.94
  vertex -0.372 3.204 3.688
 endloop
endfacet
facet normal -0.008 -0.684 -0.73
 outer loop
  vertex 0.222 3.204 3.727
  vertex 0.147 3.211 3.722
  vertex 0.285 3.998 2.983
 endloop
endfacet
facet normal 0.026 -0.687 -0.727
 outer loop
  vertex 0.285 3.998 2.983
  vertex 0.147 3.211 3.722
  vertex -0.099 3.218 3.706
 endloop
endfacet
facet normal 0.042 -0.69 -0.722
 outer loop
  vertex 0.285 3.998 2.983
  vertex -0.099 3.218 3.706
  vertex -0.207 4.013 2.94
 endloop
endfacet
facet normal 0.069 -0.687 -0.723
 outer loop
  vertex -0.207 4.013 2.94
  vertex -0.099 3.218 3.706
  vertex -0.248 3.214 3.696
 endloop
endfacet
facet normal 0.098 -0.687 -0.72
 outer loop
  vertex -0.207 4.013 2.94
  vertex -0.248 3.214 3.696
  vertex -0.372 3.204 3.688
 endloop
endfacet
facet normal -0.024 -0.683 -0.73
 outer loop
  vertex 0.222 3.204 3.727
  vertex 0.285 3.998 2.983
  vertex 0.295 3.195 3.733
 endloop
endfacet
facet normal -0.043 -0.683 -0.73
 outer loop
  vertex 0.295 3.195 3.733
  vertex 0.285 3.998 2.983
  vertex 0.772 3.922 3.025
 endloop
endfacet
facet normal -0.057 -0.677 -0.734
 outer loop
  vertex 0.295 3.195 3.733
  vertex 0.772 3.922 3.025
  vertex 0.539 3.151 3.755
 endloop
endfacet
facet normal -0.098 -0.668 -0.738
 outer loop
  vertex 0.539 3.151 3.755
  vertex 0.772 3.922 3.025
  vertex 0.679 3.117 3.767
 endloop
endfacet
facet normal -0.125 -0.664 -0.737
 outer loop
  vertex 0.772 3.922 3.025
  vertex 1.246 3.787 3.067
  vertex 0.679 3.117 3.767
 endloop
endfacet
facet normal -0.139 -0.657 -0.741
 outer loop
  vertex 0.679 3.117 3.767
  vertex 1.246 3.787 3.067
  vertex 0.919 3.043 3.788
 endloop
endfacet
facet normal -0.178 -0.643 -0.745
 outer loop
  vertex 0.919 3.043 3.788
  vertex 1.246 3.787 3.067
  vertex 1.049 2.994 3.799
 endloop
endfacet
facet normal -0.205 -0.636 -0.744
 outer loop
  vertex 1.049 2.994 3.799
  vertex 1.246 3.787 3.067
  vertex 1.699 3.594 3.107
 endloop
endfacet
facet normal -0.217 -0.627 -0.748
 outer loop
  vertex 1.049 2.994 3.799
  vertex 1.699 3.594 3.107
  vertex 1.284 2.888 3.82
 endloop
endfacet
facet normal -0.279 -0.596 -0.753
 outer loop
  vertex 1.284 2.888 3.82
  vertex 1.699 3.594 3.107
  vertex 1.626 2.689 3.85
 endloop
endfacet
facet normal -0.279 -0.596 -0.753
 outer loop
  vertex 1.699 3.594 3.107
  vertex 2.126 3.347 3.144
  vertex 1.626 2.689 3.85
 endloop
endfacet
facet normal -0.35 -0.549 -0.759
 outer loop
  vertex 1.626 2.689 3.85
  vertex 2.126 3.347 3.144
  vertex 1.942 2.45 3.878
 endloop
endfacet
facet normal -0.35 -0.549 -0.759
 outer loop
  vertex 2.126 3.347 3.144
  vertex 2.519 3.049 3.178
  vertex 1.942 2.45 3.878
 endloop
endfacet
facet normal -0.414 -0.494 -0.765
 outer loop
  vertex 1.942 2.45 3.878
  vertex 2.519 3.049 3.178
  vertex 2.226 2.173 3.902
 endloop
endfacet
facet normal -0.414 -0.494 -0.765
 outer loop
  vertex 2.519 3.049 3.178
  vertex 2.872 2.705 3.209
  vertex 2.226 2.173 3.902
 endloop
endfacet
facet normal -0.471 -0.431 -0.77
 outer loop
  vertex 2.226 2.173 3.902
  vertex 2.872 2.705 3.209
  vertex 2.474 1.864 3.924
 endloop
endfacet
facet normal -0.471 -0.431 -0.77
 outer loop
  vertex 2.872 2.705 3.209
  vertex 3.181 2.32 3.236
  vertex 2.474 1.864 3.924
 endloop
endfacet
facet normal -0.52 -0.362 -0.774
 outer loop
  vertex 2.474 1.864 3.924
  vertex 3.181 2.32 3.236
  vertex 2.683 1.526 3.942
 endloop
endfacet
facet normal -0.52 -0.362 -0.774
 outer loop
  vertex 3.181 2.32 3.236
  vertex 3.44 1.9 3.259
  vertex 2.683 1.526 3.942
 endloop
endfacet
facet normal -0.559 -0.288 -0.777
 outer loop
  vertex 2.683 1.526 3.942
  vertex 3.44 1.9 3.259
  vertex 2.848 1.165 3.957
 endloop
endfacet
facet normal -0.559 -0.288 -0.777
 outer loop
  vertex 3.44 1.9 3.259
  vertex 3.646 1.45 3.277
  vertex 2.848 1.165 3.957
 endloop
endfacet
facet normal -0.59 -0.209 -0.78
 outer loop
  vertex 2.848 1.165 3.957
  vertex 3.646 1.45 3.277
  vertex 2.968 0.787 3.967
 endloop
endfacet
facet normal -0.59 -0.209 -0.78
 outer loop
  vertex 3.646 1.45 3.277
  vertex 3.796 0.979 3.29
  vertex 2.968 0.787 3.967
 endloop
endfacet
facet normal -0.611 -0.126 -0.782
 outer loop
  vertex 2.968 0.787 3.967
  vertex 3.796 0.979 3.29
  vertex 3.041 0.396 3.974
 endloop
endfacet
facet normal -0.611 -0.126 -0.782
 outer loop
  vertex 3.796 0.979 3.29
  vertex 3.886 0.493 3.298
  vertex 3.041 0.396 3.974
 endloop
endfacet
facet normal -0.621 -0.042 -0.783
 outer loop
  vertex 3.041 0.396 3.974
  vertex 3.886 0.493 3.298
  vertex 3.065 0 3.976
 endloop
endfacet
facet normal -0.621 -0.042 -0.783
 outer loop
  vertex 3.886 0.493 3.298
  vertex 3.916 -0 3.3
  vertex 3.065 0 3.976
 endloop
endfacet
facet normal -0.621 0.042 -0.783
 outer loop
  vertex 3.065 0 3.976
  vertex 3.916 -0 3.3
  vertex 3.041 -0.396 3.974
 endloop
endfacet
facet normal -0.621 0.042 -0.783
 outer loop
  vertex 3.916 -0 3.3
  vertex 3.886 -0.493 3.298
  vertex 3.041 -0.396 3.974
 endloop
endfacet
facet normal -0.611 0.126 -0.782
 outer loop
  vertex 3.041 -0.396 3.974
  vertex 3.886 -0.493 3.298
  vertex 2.968 -0.787 3.967
 endloop
endfacet
facet normal -0.611 0.126 -0.782
 outer loop
  vertex 3.886 -0.493 3.298
  vertex 3.796 -0.979 3.29
  vertex 2.968 -0.787 3.967
 endloop
endfacet
facet normal -0.59 0.209 -0.78
 outer loop
  vertex 2.968 -0.787 3.967
  vertex 3.796 -0.979 3.29
  vertex 2.848 -1.165 3.957
 endloop
endfacet
facet normal -0.59 0.209 -0.78
 outer loop
  vertex 3.796 -0.979 3.29
  vertex 3.646 -1.45 3.277
  vertex 2.848 -1.165 3.957
 endloop
endfacet
facet normal -0.559 0.288 -0.777
 outer loop
  vertex 2.848 -1.165 3.957
  vertex 3.646 -1.45 3.277
  vertex 2.683 -1.526 3.942
 endloop
endfacet
facet normal -0.559 0.288 -0.777
 outer loop
  vertex 3.646 -1.45 3.277
  vertex 3.44 -1.9 3.259
  vertex 2.683 -1.526 3.942
 endloop
endfacet
facet normal -0.52 0.362 -0.774
 outer loop
  vertex 2.683 -1.526 3.942
  vertex 3.44 -1.9 3.259
  vertex 2.474 -1.864 3.924
 endloop
endfacet
facet normal -0.52 0.362 -0.774
 outer loop
  vertex 3.44 -1.9 3.259
  vertex 3.181 -2.32 3.236
  vertex 2.474 -1.864 3.924
 endloop
endfacet
facet normal -0.471 0.431 -0.77
 outer loop
  vertex 2.474 -1.864 3.924
  vertex 3.181 -2.32 3.236
  vertex 2.226 -2.173 3.902
 endloop
endfacet
facet normal -0.471 0.431 -0.77
 outer loop
  vertex 3.181 -2.32 3.236
  vertex 2.872 -2.705 3.209
  vertex 2.226 -2.173 3.902
 endloop
endfacet
facet normal -0.414 0.494 -0.765
 outer loop
  vertex 2.226 -2.173 3.902
  vertex 2.872 -2.705 3.209
  vertex 1.942 -2.45 3.878
 endloop
endfacet
facet normal -0.414 0.494 -0.765
 outer loop
  vertex 2.872 -2.705 3.209
  vertex 2.519 -3.049 3.178
  vertex 1.942 -2.45 3.878
 endloop
endfacet
facet normal -0.35 0.549 -0.759
 outer loop
  vertex 1.942 -2.45 3.878
  vertex 2.519 -3.049 3.178
  vertex 1.626 -2.689 3.85
 endloop
endfacet
facet normal -0.35 0.549 -0.759
 outer loop
  vertex 2.519 -3.049 3.178
  vertex 2.126 -3.347 3.144
  vertex 1.626 -2.689 3.85
 endloop
endfacet
facet normal -0.279 0.596 -0.753
 outer loop
  vertex 1.626 -2.689 3.85
  vertex 2.126 -3.347 3.144
  vertex 1.284 -2.888 3.82
 endloop
endfacet
facet normal -0.279 0.596 -0.753
 outer loop
  vertex 2.126 -3.347 3.144
  vertex 1.699 -3.594 3.107
  vertex 1.284 -2.888 3.82
 endloop
endfacet
facet normal -0.217 0.627 -0.748
 outer loop
  vertex 1.284 -2.888 3.82
  vertex 1.699 -3.594 3.107
  vertex 1.049 -2.994 3.799
 endloop
endfacet
facet normal -0.205 0.636 -0.744
 outer loop
  vertex 1.699 -3.594 3.107
  vertex 1.246 -3.787 3.067
  vertex 1.049 -2.994 3.799
 endloop
endfacet
facet normal -0.178 0.643 -0.745
 outer loop
  vertex 1.049 -2.994 3.799
  vertex 1.246 -3.787 3.067
  vertex 0.919 -3.043 3.788
 endloop
endfacet
facet normal -0.139 0.657 -0.741
 outer loop
  vertex 0.919 -3.043 3.788
  vertex 1.246 -3.787 3.067
  vertex 0.679 -3.117 3.767
 endloop
endfacet
facet normal -0.125 0.664 -0.737
 outer loop
  vertex 0.679 -3.117 3.767
  vertex 1.246 -3.787 3.067
  vertex 0.772 -3.922 3.025
 endloop
endfacet
facet normal -0.098 0.668 -0.738
 outer loop
  vertex 0.679 -3.117 3.767
  vertex 0.772 -3.922 3.025
  vertex 0.539 -3.151 3.755
 endloop
endfacet
facet normal -0.057 0.677 -0.734
 outer loop
  vertex 0.539 -3.151 3.755
  vertex 0.772 -3.922 3.025
  vertex 0.295 -3.195 3.733
 endloop
endfacet
facet normal -0.043 0.683 -0.73
 outer loop
  vertex 0.772 -3.922 3.025
  vertex 0.285 -3.998 2.983
  vertex 0.295 -3.195 3.733
 endloop
endfacet
facet normal -0.024 0.683 -0.73
 outer loop
  vertex 0.295 -3.195 3.733
  vertex 0.285 -3.998 2.983
  vertex 0.222 -3.204 3.727
 endloop
endfacet
facet normal 0.098 0.687 -0.72
 outer loop
  vertex -0.372 -3.204 3.688
  vertex -0.248 -3.214 3.696
  vertex -0.207 -4.013 2.94
 endloop
endfacet
facet normal 0.069 0.687 -0.723
 outer loop
  vertex -0.207 -4.013 2.94
  vertex -0.248 -3.214 3.696
  vertex -0.099 -3.218 3.706
 endloop
endfacet
facet normal 0.042 0.69 -0.722
 outer loop
  vertex -0.207 -4.013 2.94
  vertex -0.099 -3.218 3.706
  vertex 0.285 -3.998 2.983
 endloop
endfacet
facet normal 0.026 0.687 -0.727
 outer loop
  vertex 0.285 -3.998 2.983
  vertex -0.099 -3.218 3.706
  vertex 0.147 -3.211 3.722
 endloop
endfacet
facet normal -0.008 0.684 -0.73
 outer loop
  vertex 0.285 -3.998 2.983
  vertex 0.147 -3.211 3.722
  vertex 0.222 -3.204 3.727
 endloop
endfacet
facet normal 0.124 0.687 -0.716
 outer loop
  vertex -0.372 -3.204 3.688
  vertex -0.207 -4.013 2.94
  vertex -0.495 -3.194 3.677
 endloop
endfacet
facet normal 0.127 0.688 -0.715
 outer loop
  vertex -0.495 -3.194 3.677
  vertex -0.207 -4.013 2.94
  vertex -0.697 -3.968 2.897
 endloop
endfacet
facet normal 0.153 0.682 -0.716
 outer loop
  vertex -0.495 -3.194 3.677
  vertex -0.697 -3.968 2.897
  vertex -0.641 -3.174 3.665
 endloop
endfacet
facet normal 0.195 0.675 -0.712
 outer loop
  vertex -0.641 -3.174 3.665
  vertex -0.697 -3.968 2.897
  vertex -0.886 -3.126 3.643
 endloop
endfacet
facet normal 0.21 0.675 -0.708
 outer loop
  vertex -0.697 -3.968 2.897
  vertex -1.178 -3.862 2.855
  vertex -0.886 -3.126 3.643
 endloop
endfacet
facet normal 0.236 0.665 -0.708
 outer loop
  vertex -0.886 -3.126 3.643
  vertex -1.178 -3.862 2.855
  vertex -1.026 -3.09 3.631
 endloop
endfacet
facet normal 0.291 0.649 -0.703
 outer loop
  vertex -1.026 -3.09 3.631
  vertex -1.178 -3.862 2.855
  vertex -1.397 -2.958 3.599
 endloop
endfacet
facet normal 0.291 0.649 -0.703
 outer loop
  vertex -1.397 -2.958 3.599
  vertex -1.178 -3.862 2.855
  vertex -1.643 -3.698 2.814
 endloop
endfacet
facet normal 0.369 0.616 -0.696
 outer loop
  vertex -1.397 -2.958 3.599
  vertex -1.643 -3.698 2.814
  vertex -1.75 -2.782 3.568
 endloop
endfacet
facet normal 0.369 0.616 -0.696
 outer loop
  vertex -1.75 -2.782 3.568
  vertex -1.643 -3.698 2.814
  vertex -2.084 -3.477 2.776
 endloop
endfacet
facet normal 0.442 0.574 -0.69
 outer loop
  vertex -1.75 -2.782 3.568
  vertex -2.084 -3.477 2.776
  vertex -2.078 -2.563 3.539
 endloop
endfacet
facet normal 0.442 0.574 -0.69
 outer loop
  vertex -2.078 -2.563 3.539
  vertex -2.084 -3.477 2.776
  vertex -2.494 -3.204 2.74
 endloop
endfacet
facet normal 0.509 0.523 -0.684
 outer loop
  vertex -2.078 -2.563 3.539
  vertex -2.494 -3.204 2.74
  vertex -2.378 -2.306 3.513
 endloop
endfacet
facet normal 0.509 0.523 -0.684
 outer loop
  vertex -2.378 -2.306 3.513
  vertex -2.494 -3.204 2.74
  vertex -2.868 -2.883 2.707
 endloop
endfacet
facet normal 0.57 0.464 -0.679
 outer loop
  vertex -2.378 -2.306 3.513
  vertex -2.868 -2.883 2.707
  vertex -2.643 -2.014 3.49
 endloop
endfacet
facet normal 0.57 0.464 -0.679
 outer loop
  vertex -2.643 -2.014 3.49
  vertex -2.868 -2.883 2.707
  vertex -3.2 -2.517 2.678
 endloop
endfacet
facet normal 0.623 0.398 -0.674
 outer loop
  vertex -2.643 -2.014 3.49
  vertex -3.2 -2.517 2.678
  vertex -2.871 -1.691 3.47
 endloop
endfacet
facet normal 0.623 0.398 -0.674
 outer loop
  vertex -2.871 -1.691 3.47
  vertex -3.2 -2.517 2.678
  vertex -3.485 -2.114 2.653
 endloop
endfacet
facet normal 0.667 0.326 -0.67
 outer loop
  vertex -2.871 -1.691 3.47
  vertex -3.485 -2.114 2.653
  vertex -3.057 -1.343 3.453
 endloop
endfacet
facet normal 0.667 0.326 -0.67
 outer loop
  vertex -3.057 -1.343 3.453
  vertex -3.485 -2.114 2.653
  vertex -3.718 -1.678 2.633
 endloop
endfacet
facet normal 0.702 0.249 -0.667
 outer loop
  vertex -3.057 -1.343 3.453
  vertex -3.718 -1.678 2.633
  vertex -3.199 -0.974 3.441
 endloop
endfacet
facet normal 0.702 0.249 -0.667
 outer loop
  vertex -3.199 -0.974 3.441
  vertex -3.718 -1.678 2.633
  vertex -3.895 -1.217 2.617
 endloop
endfacet
facet normal 0.728 0.168 -0.665
 outer loop
  vertex -3.199 -0.974 3.441
  vertex -3.895 -1.217 2.617
  vertex -3.295 -0.59 3.432
 endloop
endfacet
facet normal 0.728 0.168 -0.665
 outer loop
  vertex -3.295 -0.59 3.432
  vertex -3.895 -1.217 2.617
  vertex -4.016 -0.738 2.607
 endloop
endfacet
facet normal 0.743 0.085 -0.663
 outer loop
  vertex -3.295 -0.59 3.432
  vertex -4.016 -0.738 2.607
  vertex -3.344 -0.198 3.428
 endloop
endfacet
facet normal 0.029 -0.681 0.732
 outer loop
  vertex -0.494 3.188 1.964
  vertex -0.372 3.204 1.975
  vertex -0.68 3.968 2.698
 endloop
endfacet
facet normal 0.003 -0.687 0.727
 outer loop
  vertex -0.68 3.968 2.698
  vertex -0.372 3.204 1.975
  vertex -0.248 3.214 1.983
 endloop
endfacet
facet normal 0 -0.688 0.726
 outer loop
  vertex -0.68 3.968 2.698
  vertex -0.248 3.214 1.983
  vertex -0.189 4.013 2.741
 endloop
endfacet
facet normal -0.026 -0.686 0.727
 outer loop
  vertex -0.189 4.013 2.741
  vertex -0.248 3.214 1.983
  vertex -0.099 3.218 1.993
 endloop
endfacet
facet normal -0.069 -0.688 0.723
 outer loop
  vertex -0.189 4.013 2.741
  vertex -0.099 3.218 1.993
  vertex 0.147 3.211 2.009
 endloop
endfacet
facet normal -0.084 -0.69 0.719
 outer loop
  vertex -0.189 4.013 2.741
  vertex 0.147 3.211 2.009
  vertex 0.303 3.998 2.784
 endloop
endfacet
facet normal -0.103 -0.687 0.719
 outer loop
  vertex 0.303 3.998 2.784
  vertex 0.147 3.211 2.009
  vertex 0.222 3.204 2.014
 endloop
endfacet
facet normal -0.119 -0.685 0.719
 outer loop
  vertex 0.303 3.998 2.784
  vertex 0.222 3.204 2.014
  vertex 0.295 3.199 2.02
 endloop
endfacet
facet normal -0.153 -0.682 0.715
 outer loop
  vertex 0.295 3.199 2.02
  vertex 0.541 3.166 2.042
  vertex 0.303 3.998 2.784
 endloop
endfacet
facet normal -0.169 -0.682 0.711
 outer loop
  vertex 0.303 3.998 2.784
  vertex 0.541 3.166 2.042
  vertex 0.789 3.922 2.826
 endloop
endfacet
facet normal -0.194 -0.675 0.712
 outer loop
  vertex 0.541 3.166 2.042
  vertex 0.685 3.138 2.054
  vertex 0.789 3.922 2.826
 endloop
endfacet
facet normal -0.236 -0.665 0.708
 outer loop
  vertex 0.789 3.922 2.826
  vertex 0.685 3.138 2.054
  vertex 0.929 3.074 2.075
 endloop
endfacet
facet normal -0.251 -0.664 0.704
 outer loop
  vertex 0.789 3.922 2.826
  vertex 0.929 3.074 2.075
  vertex 1.263 3.787 2.868
 endloop
endfacet
facet normal -0.277 -0.653 0.705
 outer loop
  vertex 1.263 3.787 2.868
  vertex 0.929 3.074 2.075
  vertex 1.064 3.03 2.087
 endloop
endfacet
facet normal -0.33 -0.634 0.7
 outer loop
  vertex 1.263 3.787 2.868
  vertex 1.064 3.03 2.087
  vertex 1.717 3.594 2.907
 endloop
endfacet
facet normal -0.33 -0.634 0.7
 outer loop
  vertex 1.717 3.594 2.907
  vertex 1.064 3.03 2.087
  vertex 1.426 2.875 2.119
 endloop
endfacet
facet normal -0.406 -0.596 0.693
 outer loop
  vertex 1.717 3.594 2.907
  vertex 1.426 2.875 2.119
  vertex 2.143 3.347 2.945
 endloop
endfacet
facet normal -0.406 -0.596 0.693
 outer loop
  vertex 2.143 3.347 2.945
  vertex 1.426 2.875 2.119
  vertex 1.768 2.678 2.149
 endloop
endfacet
facet normal -0.476 -0.549 0.687
 outer loop
  vertex 2.143 3.347 2.945
  vertex 1.768 2.678 2.149
  vertex 2.536 3.049 2.979
 endloop
endfacet
facet normal -0.476 -0.549 0.687
 outer loop
  vertex 2.536 3.049 2.979
  vertex 1.768 2.678 2.149
  vertex 2.082 2.439 2.176
 endloop
endfacet
facet normal -0.54 -0.494 0.681
 outer loop
  vertex 2.536 3.049 2.979
  vertex 2.082 2.439 2.176
  vertex 2.89 2.705 3.01
 endloop
endfacet
facet normal -0.54 -0.494 0.681
 outer loop
  vertex 2.89 2.705 3.01
  vertex 2.082 2.439 2.176
  vertex 2.365 2.164 2.201
 endloop
endfacet
facet normal -0.597 -0.431 0.676
 outer loop
  vertex 2.89 2.705 3.01
  vertex 2.365 2.164 2.201
  vertex 3.199 2.32 3.037
 endloop
endfacet
facet normal -0.597 -0.431 0.676
 outer loop
  vertex 3.199 2.32 3.037
  vertex 2.365 2.164 2.201
  vertex 2.612 1.856 2.223
 endloop
endfacet
facet normal -0.646 -0.362 0.672
 outer loop
  vertex 3.199 2.32 3.037
  vertex 2.612 1.856 2.223
  vertex 3.458 1.9 3.06
 endloop
endfacet
facet normal -0.646 -0.362 0.672
 outer loop
  vertex 3.458 1.9 3.06
  vertex 2.612 1.856 2.223
  vertex 2.819 1.52 2.241
 endloop
endfacet
facet normal -0.686 -0.288 0.668
 outer loop
  vertex 3.458 1.9 3.06
  vertex 2.819 1.52 2.241
  vertex 3.664 1.45 3.078
 endloop
endfacet
facet normal -0.686 -0.288 0.668
 outer loop
  vertex 3.664 1.45 3.078
  vertex 2.819 1.52 2.241
  vertex 2.984 1.16 2.255
 endloop
endfacet
facet normal -0.716 -0.209 0.666
 outer loop
  vertex 3.664 1.45 3.078
  vertex 2.984 1.16 2.255
  vertex 3.813 0.979 3.091
 endloop
endfacet
facet normal -0.716 -0.209 0.666
 outer loop
  vertex 3.813 0.979 3.091
  vertex 2.984 1.16 2.255
  vertex 3.103 0.784 2.266
 endloop
endfacet
facet normal -0.737 -0.126 0.664
 outer loop
  vertex 3.813 0.979 3.091
  vertex 3.103 0.784 2.266
  vertex 3.903 0.493 3.099
 endloop
endfacet
facet normal -0.737 -0.126 0.664
 outer loop
  vertex 3.903 0.493 3.099
  vertex 3.103 0.784 2.266
  vertex 3.176 0.395 2.272
 endloop
endfacet
facet normal -0.747 -0.042 0.663
 outer loop
  vertex 3.903 0.493 3.099
  vertex 3.176 0.395 2.272
  vertex 3.934 -0 3.101
 endloop
endfacet
facet normal -0.747 -0.042 0.663
 outer loop
  vertex 3.934 -0 3.101
  vertex 3.176 0.395 2.272
  vertex 3.2 -0 2.274
 endloop
endfacet
facet normal -0.747 0.042 0.663
 outer loop
  vertex 3.934 -0 3.101
  vertex 3.2 -0 2.274
  vertex 3.903 -0.493 3.099
 endloop
endfacet
facet normal -0.747 0.042 0.663
 outer loop
  vertex 3.903 -0.493 3.099
  vertex 3.2 -0 2.274
  vertex 3.176 -0.395 2.272
 endloop
endfacet
facet normal -0.737 0.126 0.664
 outer loop
  vertex 3.903 -0.493 3.099
  vertex 3.176 -0.395 2.272
  vertex 3.813 -0.979 3.091
 endloop
endfacet
facet normal -0.737 0.126 0.664
 outer loop
  vertex 3.813 -0.979 3.091
  vertex 3.176 -0.395 2.272
  vertex 3.103 -0.784 2.266
 endloop
endfacet
facet normal -0.716 0.209 0.666
 outer loop
  vertex 3.813 -0.979 3.091
  vertex 3.103 -0.784 2.266
  vertex 3.664 -1.45 3.078
 endloop
endfacet
facet normal -0.716 0.209 0.666
 outer loop
  vertex 3.664 -1.45 3.078
  vertex 3.103 -0.784 2.266
  vertex 2.984 -1.16 2.255
 endloop
endfacet
facet normal -0.686 0.288 0.668
 outer loop
  vertex 3.664 -1.45 3.078
  vertex 2.984 -1.16 2.255
  vertex 3.458 -1.9 3.06
 endloop
endfacet
facet normal -0.686 0.288 0.668
 outer loop
  vertex 3.458 -1.9 3.06
  vertex 2.984 -1.16 2.255
  vertex 2.819 -1.52 2.241
 endloop
endfacet
facet normal -0.646 0.362 0.672
 outer loop
  vertex 3.458 -1.9 3.06
  vertex 2.819 -1.52 2.241
  vertex 3.199 -2.32 3.037
 endloop
endfacet
facet normal -0.646 0.362 0.672
 outer loop
  vertex 3.199 -2.32 3.037
  vertex 2.819 -1.52 2.241
  vertex 2.612 -1.856 2.223
 endloop
endfacet
facet normal -0.597 0.431 0.676
 outer loop
  vertex 3.199 -2.32 3.037
  vertex 2.612 -1.856 2.223
  vertex 2.89 -2.705 3.01
 endloop
endfacet
facet normal -0.597 0.431 0.676
 outer loop
  vertex 2.89 -2.705 3.01
  vertex 2.612 -1.856 2.223
  vertex 2.365 -2.164 2.201
 endloop
endfacet
facet normal -0.54 0.494 0.681
 outer loop
  vertex 2.89 -2.705 3.01
  vertex 2.365 -2.164 2.201
  vertex 2.536 -3.049 2.979
 endloop
endfacet
facet normal -0.54 0.494 0.681
 outer loop
  vertex 2.536 -3.049 2.979
  vertex 2.365 -2.164 2.201
  vertex 2.082 -2.439 2.176
 endloop
endfacet
facet normal -0.476 0.549 0.687
 outer loop
  vertex 2.536 -3.049 2.979
  vertex 2.082 -2.439 2.176
  vertex 2.143 -3.347 2.945
 endloop
endfacet
facet normal -0.476 0.549 0.687
 outer loop
  vertex 2.143 -3.347 2.945
  vertex 2.082 -2.439 2.176
  vertex 1.768 -2.678 2.149
 endloop
endfacet
facet normal -0.406 0.596 0.693
 outer loop
  vertex 2.143 -3.347 2.945
  vertex 1.768 -2.678 2.149
  vertex 1.717 -3.594 2.907
 endloop
endfacet
facet normal -0.406 0.596 0.693
 outer loop
  vertex 1.717 -3.594 2.907
  vertex 1.768 -2.678 2.149
  vertex 1.426 -2.875 2.119
 endloop
endfacet
facet normal -0.33 0.634 0.7
 outer loop
  vertex 1.717 -3.594 2.907
  vertex 1.426 -2.875 2.119
  vertex 1.263 -3.787 2.868
 endloop
endfacet
facet normal -0.33 0.634 0.7
 outer loop
  vertex 1.263 -3.787 2.868
  vertex 1.426 -2.875 2.119
  vertex 1.064 -3.03 2.087
 endloop
endfacet
facet normal -0.277 0.653 0.705
 outer loop
  vertex 1.263 -3.787 2.868
  vertex 1.064 -3.03 2.087
  vertex 0.929 -3.074 2.075
 endloop
endfacet
facet normal -0.251 0.664 0.704
 outer loop
  vertex 1.263 -3.787 2.868
  vertex 0.929 -3.074 2.075
  vertex 0.789 -3.922 2.826
 endloop
endfacet
facet normal -0.236 0.665 0.708
 outer loop
  vertex 0.789 -3.922 2.826
  vertex 0.929 -3.074 2.075
  vertex 0.685 -3.138 2.054
 endloop
endfacet
facet normal -0.194 0.675 0.712
 outer loop
  vertex 0.789 -3.922 2.826
  vertex 0.685 -3.138 2.054
  vertex 0.541 -3.166 2.042
 endloop
endfacet
facet normal -0.169 0.682 0.711
 outer loop
  vertex 0.789 -3.922 2.826
  vertex 0.541 -3.166 2.042
  vertex 0.303 -3.998 2.784
 endloop
endfacet
facet normal -0.153 0.682 0.715
 outer loop
  vertex 0.303 -3.998 2.784
  vertex 0.541 -3.166 2.042
  vertex 0.295 -3.199 2.02
 endloop
endfacet
facet normal -0.119 0.685 0.719
 outer loop
  vertex 0.303 -3.998 2.784
  vertex 0.295 -3.199 2.02
  vertex 0.222 -3.204 2.014
 endloop
endfacet
facet normal -0.103 0.687 0.719
 outer loop
  vertex 0.222 -3.204 2.014
  vertex 0.147 -3.211 2.009
  vertex 0.303 -3.998 2.784
 endloop
endfacet
facet normal -0.084 0.69 0.719
 outer loop
  vertex 0.303 -3.998 2.784
  vertex 0.147 -3.211 2.009
  vertex -0.189 -4.013 2.741
 endloop
endfacet
facet normal -0.069 0.688 0.723
 outer loop
  vertex 0.147 -3.211 2.009
  vertex -0.099 -3.218 1.993
  vertex -0.189 -4.013 2.741
 endloop
endfacet
facet normal -0.026 0.686 0.727
 outer loop
  vertex -0.189 -4.013 2.741
  vertex -0.099 -3.218 1.993
  vertex -0.248 -3.214 1.983
 endloop
endfacet
facet normal 0 0.688 0.726
 outer loop
  vertex -0.189 -4.013 2.741
  vertex -0.248 -3.214 1.983
  vertex -0.68 -3.968 2.698
 endloop
endfacet
facet normal 0.003 0.687 0.727
 outer loop
  vertex -0.68 -3.968 2.698
  vertex -0.248 -3.214 1.983
  vertex -0.372 -3.204 1.975
 endloop
endfacet
facet normal 0.029 0.681 0.732
 outer loop
  vertex -0.68 -3.968 2.698
  vertex -0.372 -3.204 1.975
  vertex -0.494 -3.188 1.964
 endloop
endfacet
facet normal 0.057 0.677 0.734
 outer loop
  vertex -0.494 -3.188 1.964
  vertex -0.638 -3.162 1.951
  vertex -0.68 -3.968 2.698
 endloop
endfacet
facet normal 0.084 0.675 0.733
 outer loop
  vertex -0.68 -3.968 2.698
  vertex -0.638 -3.162 1.951
  vertex -1.161 -3.862 2.656
 endloop
endfacet
facet normal 0.098 0.668 0.737
 outer loop
  vertex -0.638 -3.162 1.951
  vertex -0.881 -3.103 1.93
  vertex -1.161 -3.862 2.656
 endloop
endfacet
facet normal 0.139 0.657 0.741
 outer loop
  vertex -1.161 -3.862 2.656
  vertex -0.881 -3.103 1.93
  vertex -1.016 -3.061 1.918
 endloop
endfacet
facet normal 0.166 0.651 0.74
 outer loop
  vertex -1.161 -3.862 2.656
  vertex -1.016 -3.061 1.918
  vertex -1.625 -3.698 2.615
 endloop
endfacet
facet normal 0.179 0.643 0.744
 outer loop
  vertex -1.625 -3.698 2.615
  vertex -1.016 -3.061 1.918
  vertex -1.254 -2.971 1.898
 endloop
endfacet
facet normal 0.242 0.616 0.75
 outer loop
  vertex -1.625 -3.698 2.615
  vertex -1.254 -2.971 1.898
  vertex -2.066 -3.477 2.576
 endloop
endfacet
facet normal 0.242 0.616 0.75
 outer loop
  vertex -2.066 -3.477 2.576
  vertex -1.254 -2.971 1.898
  vertex -1.608 -2.794 1.867
 endloop
endfacet
facet normal 0.315 0.574 0.756
 outer loop
  vertex -2.066 -3.477 2.576
  vertex -1.608 -2.794 1.867
  vertex -2.477 -3.204 2.54
 endloop
endfacet
facet normal 0.315 0.574 0.756
 outer loop
  vertex -2.477 -3.204 2.54
  vertex -1.608 -2.794 1.867
  vertex -1.938 -2.574 1.838
 endloop
endfacet
facet normal 0.383 0.523 0.762
 outer loop
  vertex -2.477 -3.204 2.54
  vertex -1.938 -2.574 1.838
  vertex -2.851 -2.883 2.508
 endloop
endfacet
facet normal 0.383 0.523 0.762
 outer loop
  vertex -2.851 -2.883 2.508
  vertex -1.938 -2.574 1.838
  vertex -2.238 -2.316 1.811
 endloop
endfacet
facet normal 0.443 0.464 0.767
 outer loop
  vertex -2.851 -2.883 2.508
  vertex -2.238 -2.316 1.811
  vertex -3.183 -2.517 2.479
 endloop
endfacet
facet normal 0.443 0.464 0.767
 outer loop
  vertex -3.183 -2.517 2.479
  vertex -2.238 -2.316 1.811
  vertex -2.505 -2.022 1.788
 endloop
endfacet
facet normal 0.496 0.398 0.772
 outer loop
  vertex -3.183 -2.517 2.479
  vertex -2.505 -2.022 1.788
  vertex -3.467 -2.114 2.454
 endloop
endfacet
facet normal 0.496 0.398 0.772
 outer loop
  vertex -3.467 -2.114 2.454
  vertex -2.505 -2.022 1.788
  vertex -2.734 -1.698 1.768
 endloop
endfacet
facet normal 0.541 0.326 0.776
 outer loop
  vertex -3.467 -2.114 2.454
  vertex -2.734 -1.698 1.768
  vertex -3.7 -1.678 2.433
 endloop
endfacet
facet normal 0.541 0.326 0.776
 outer loop
  vertex -3.7 -1.678 2.433
  vertex -2.734 -1.698 1.768
  vertex -2.921 -1.348 1.752
 endloop
endfacet
facet normal 0.576 0.249 0.779
 outer loop
  vertex -3.7 -1.678 2.433
  vertex -2.921 -1.348 1.752
  vertex -3.878 -1.217 2.418
 endloop
endfacet
facet normal 0.576 0.249 0.779
 outer loop
  vertex -3.878 -1.217 2.418
  vertex -2.921 -1.348 1.752
  vertex -3.064 -0.978 1.739
 endloop
endfacet
facet normal 0.601 0.168 0.781
 outer loop
  vertex -3.878 -1.217 2.418
  vertex -3.064 -0.978 1.739
  vertex -3.998 -0.738 2.407
 endloop
endfacet
facet normal 0.601 0.168 0.781
 outer loop
  vertex -3.998 -0.738 2.407
  vertex -3.064 -0.978 1.739
  vertex -3.16 -0.593 1.731
 endloop
endfacet
facet normal 0.617 0.085 0.782
 outer loop
  vertex -3.998 -0.738 2.407
  vertex -3.16 -0.593 1.731
  vertex -4.059 -0.247 2.402
 endloop
endfacet
facet normal 0.617 0.085 0.782
 outer loop
  vertex -4.059 -0.247 2.402
  vertex -3.16 -0.593 1.731
  vertex -3.209 -0.199 1.727
 endloop
endfacet
facet normal 0.621 0.021 0.783
 outer loop
  vertex -4.059 -0.247 2.402
  vertex -3.209 -0.199 1.727
  vertex -4.066 0 2.401
 endloop
endfacet
facet normal 0.618 0 0.786
 outer loop
  vertex -4.066 0 2.401
  vertex -3.209 -0.199 1.727
  vertex -3.209 0.199 1.727
 endloop
endfacet
facet normal 0.621 -0.021 0.783
 outer loop
  vertex -4.066 0 2.401
  vertex -3.209 0.199 1.727
  vertex -4.059 0.247 2.402
 endloop
endfacet
facet normal 0.617 -0.085 0.782
 outer loop
  vertex -4.059 0.247 2.402
  vertex -3.209 0.199 1.727
  vertex -3.998 0.738 2.407
 endloop
endfacet
facet normal 0.617 -0.085 0.782
 outer loop
  vertex -3.209 0.199 1.727
  vertex -3.16 0.593 1.731
  vertex -3.998 0.738 2.407
 endloop
endfacet
facet normal 0.601 -0.168 0.781
 outer loop
  vertex -3.998 0.738 2.407
  vertex -3.16 0.593 1.731
  vertex -3.878 1.217 2.418
 endloop
endfacet
facet normal 0.601 -0.168 0.781
 outer loop
  vertex -3.16 0.593 1.731
  vertex -3.064 0.978 1.739
  vertex -3.878 1.217 2.418
 endloop
endfacet
facet normal 0.576 -0.249 0.779
 outer loop
  vertex -3.878 1.217 2.418
  vertex -3.064 0.978 1.739
  vertex -3.7 1.678 2.433
 endloop
endfacet
facet normal 0.576 -0.249 0.779
 outer loop
  vertex -3.064 0.978 1.739
  vertex -2.921 1.348 1.752
  vertex -3.7 1.678 2.433
 endloop
endfacet
facet normal 0.541 -0.326 0.776
 outer loop
  vertex -3.7 1.678 2.433
  vertex -2.921 1.348 1.752
  vertex -3.467 2.114 2.454
 endloop
endfacet
facet normal 0.541 -0.326 0.776
 outer loop
  vertex -2.921 1.348 1.752
  vertex -2.734 1.698 1.768
  vertex -3.467 2.114 2.454
 endloop
endfacet
facet normal 0.496 -0.398 0.772
 outer loop
  vertex -3.467 2.114 2.454
  vertex -2.734 1.698 1.768
  vertex -3.183 2.517 2.479
 endloop
endfacet
facet normal 0.496 -0.398 0.772
 outer loop
  vertex -2.734 1.698 1.768
  vertex -2.505 2.022 1.788
  vertex -3.183 2.517 2.479
 endloop
endfacet
facet normal 0.443 -0.464 0.767
 outer loop
  vertex -3.183 2.517 2.479
  vertex -2.505 2.022 1.788
  vertex -2.851 2.883 2.508
 endloop
endfacet
facet normal 0.443 -0.464 0.767
 outer loop
  vertex -2.505 2.022 1.788
  vertex -2.238 2.316 1.811
  vertex -2.851 2.883 2.508
 endloop
endfacet
facet normal 0.383 -0.523 0.762
 outer loop
  vertex -2.851 2.883 2.508
  vertex -2.238 2.316 1.811
  vertex -2.477 3.204 2.54
 endloop
endfacet
facet normal 0.383 -0.523 0.762
 outer loop
  vertex -2.238 2.316 1.811
  vertex -1.938 2.574 1.838
  vertex -2.477 3.204 2.54
 endloop
endfacet
facet normal 0.315 -0.574 0.756
 outer loop
  vertex -2.477 3.204 2.54
  vertex -1.938 2.574 1.838
  vertex -2.066 3.477 2.576
 endloop
endfacet
facet normal 0.315 -0.574 0.756
 outer loop
  vertex -1.938 2.574 1.838
  vertex -1.608 2.794 1.867
  vertex -2.066 3.477 2.576
 endloop
endfacet
facet normal 0.242 -0.616 0.75
 outer loop
  vertex -2.066 3.477 2.576
  vertex -1.608 2.794 1.867
  vertex -1.625 3.698 2.615
 endloop
endfacet
facet normal 0.242 -0.616 0.75
 outer loop
  vertex -1.608 2.794 1.867
  vertex -1.254 2.971 1.898
  vertex -1.625 3.698 2.615
 endloop
endfacet
facet normal 0.179 -0.643 0.744
 outer loop
  vertex -1.625 3.698 2.615
  vertex -1.254 2.971 1.898
  vertex -1.016 3.061 1.918
 endloop
endfacet
facet normal 0.166 -0.651 0.74
 outer loop
  vertex -1.625 3.698 2.615
  vertex -1.016 3.061 1.918
  vertex -1.161 3.862 2.656
 endloop
endfacet
facet normal 0.139 -0.657 0.741
 outer loop
  vertex -1.161 3.862 2.656
  vertex -1.016 3.061 1.918
  vertex -0.881 3.103 1.93
 endloop
endfacet
facet normal 0.098 -0.668 0.737
 outer loop
  vertex -1.161 3.862 2.656
  vertex -0.881 3.103 1.93
  vertex -0.638 3.162 1.951
 endloop
endfacet
facet normal 0.084 -0.675 0.733
 outer loop
  vertex -1.161 3.862 2.656
  vertex -0.638 3.162 1.951
  vertex -0.68 3.968 2.698
 endloop
endfacet
facet normal 0.057 -0.677 0.734
 outer loop
  vertex -0.68 3.968 2.698
  vertex -0.638 3.162 1.951
  vertex -0.494 3.188 1.964
 endloop
endfacet
facet normal 0.996 0.031 0.087
 outer loop
  vertex -4.076 -0.247 2.601
  vertex -4.059 -0.247 2.402
  vertex -4.084 0 2.601
 endloop
endfacet
facet normal 0.996 0.031 0.087
 outer loop
  vertex -4.084 0 2.601
  vertex -4.059 -0.247 2.402
  vertex -4.066 0 2.401
 endloop
endfacet
facet normal 0.996 -0.031 0.087
 outer loop
  vertex -4.084 0 2.601
  vertex -4.066 0 2.401
  vertex -4.076 0.247 2.601
 endloop
endfacet
facet normal 0.996 -0.031 0.087
 outer loop
  vertex -4.076 0.247 2.601
  vertex -4.066 0 2.401
  vertex -4.059 0.247 2.402
 endloop
endfacet
facet normal 0.989 -0.123 0.086
 outer loop
  vertex -4.076 0.247 2.601
  vertex -4.059 0.247 2.402
  vertex -4.016 0.738 2.607
 endloop
endfacet
facet normal 0.989 -0.123 0.086
 outer loop
  vertex -4.016 0.738 2.607
  vertex -4.059 0.247 2.402
  vertex -3.998 0.738 2.407
 endloop
endfacet
facet normal 0.966 -0.244 0.085
 outer loop
  vertex -4.016 0.738 2.607
  vertex -3.998 0.738 2.407
  vertex -3.895 1.217 2.617
 endloop
endfacet
facet normal 0.966 -0.244 0.085
 outer loop
  vertex -3.895 1.217 2.617
  vertex -3.998 0.738 2.407
  vertex -3.878 1.217 2.418
 endloop
endfacet
facet normal 0.929 -0.361 0.081
 outer loop
  vertex -3.895 1.217 2.617
  vertex -3.878 1.217 2.418
  vertex -3.718 1.678 2.633
 endloop
endfacet
facet normal 0.929 -0.361 0.081
 outer loop
  vertex -3.718 1.678 2.633
  vertex -3.878 1.217 2.418
  vertex -3.7 1.678 2.433
 endloop
endfacet
facet normal 0.878 -0.473 0.077
 outer loop
  vertex -3.718 1.678 2.633
  vertex -3.7 1.678 2.433
  vertex -3.485 2.114 2.653
 endloop
endfacet
facet normal 0.878 -0.473 0.077
 outer loop
  vertex -3.485 2.114 2.653
  vertex -3.7 1.678 2.433
  vertex -3.467 2.114 2.454
 endloop
endfacet
facet normal 0.813 -0.578 0.071
 outer loop
  vertex -3.485 2.114 2.653
  vertex -3.467 2.114 2.454
  vertex -3.2 2.517 2.678
 endloop
endfacet
facet normal 0.813 -0.578 0.071
 outer loop
  vertex -3.2 2.517 2.678
  vertex -3.467 2.114 2.454
  vertex -3.183 2.517 2.479
 endloop
endfacet
facet normal 0.736 -0.674 0.064
 outer loop
  vertex -3.2 2.517 2.678
  vertex -3.183 2.517 2.479
  vertex -2.868 2.883 2.707
 endloop
endfacet
facet normal 0.736 -0.674 0.064
 outer loop
  vertex -2.868 2.883 2.707
  vertex -3.183 2.517 2.479
  vertex -2.851 2.883 2.508
 endloop
endfacet
facet normal 0.648 -0.759 0.057
 outer loop
  vertex -2.868 2.883 2.707
  vertex -2.851 2.883 2.508
  vertex -2.494 3.204 2.74
 endloop
endfacet
facet normal 0.648 -0.759 0.057
 outer loop
  vertex -2.494 3.204 2.74
  vertex -2.851 2.883 2.508
  vertex -2.477 3.204 2.54
 endloop
endfacet
facet normal 0.55 -0.834 0.048
 outer loop
  vertex -2.494 3.204 2.74
  vertex -2.477 3.204 2.54
  vertex -2.084 3.477 2.776
 endloop
endfacet
facet normal 0.55 -0.834 0.048
 outer loop
  vertex -2.084 3.477 2.776
  vertex -2.477 3.204 2.54
  vertex -2.066 3.477 2.576
 endloop
endfacet
facet normal 0.444 -0.895 0.039
 outer loop
  vertex -2.084 3.477 2.776
  vertex -2.066 3.477 2.576
  vertex -1.643 3.698 2.814
 endloop
endfacet
facet normal 0.444 -0.895 0.039
 outer loop
  vertex -1.643 3.698 2.814
  vertex -2.066 3.477 2.576
  vertex -1.625 3.698 2.615
 endloop
endfacet
facet normal 0.331 -0.943 0.029
 outer loop
  vertex -1.643 3.698 2.814
  vertex -1.625 3.698 2.615
  vertex -1.178 3.862 2.855
 endloop
endfacet
facet normal 0.331 -0.943 0.029
 outer loop
  vertex -1.178 3.862 2.855
  vertex -1.625 3.698 2.615
  vertex -1.161 3.862 2.656
 endloop
endfacet
facet normal 0.213 -0.977 0.019
 outer loop
  vertex -1.178 3.862 2.855
  vertex -1.161 3.862 2.656
  vertex -0.697 3.968 2.897
 endloop
endfacet
facet normal 0.213 -0.977 0.019
 outer loop
  vertex -0.697 3.968 2.897
  vertex -1.161 3.862 2.656
  vertex -0.68 3.968 2.698
 endloop
endfacet
facet normal 0.092 -0.996 0.008
 outer loop
  vertex -0.697 3.968 2.897
  vertex -0.68 3.968 2.698
  vertex -0.207 4.013 2.94
 endloop
endfacet
facet normal 0.092 -0.996 0.008
 outer loop
  vertex -0.207 4.013 2.94
  vertex -0.68 3.968 2.698
  vertex -0.189 4.013 2.741
 endloop
endfacet
facet normal -0.031 -1 -0.003
 outer loop
  vertex -0.207 4.013 2.94
  vertex -0.189 4.013 2.741
  vertex 0.285 3.998 2.983
 endloop
endfacet
facet normal -0.031 -1 -0.003
 outer loop
  vertex 0.285 3.998 2.983
  vertex -0.189 4.013 2.741
  vertex 0.303 3.998 2.784
 endloop
endfacet
facet normal -0.153 -0.988 -0.013
 outer loop
  vertex 0.285 3.998 2.983
  vertex 0.303 3.998 2.784
  vertex 0.772 3.922 3.025
 endloop
endfacet
facet normal -0.153 -0.988 -0.013
 outer loop
  vertex 0.772 3.922 3.025
  vertex 0.303 3.998 2.784
  vertex 0.789 3.922 2.826
 endloop
endfacet
facet normal -0.273 -0.962 -0.024
 outer loop
  vertex 0.772 3.922 3.025
  vertex 0.789 3.922 2.826
  vertex 1.246 3.787 3.067
 endloop
endfacet
facet normal -0.273 -0.962 -0.024
 outer loop
  vertex 1.246 3.787 3.067
  vertex 0.789 3.922 2.826
  vertex 1.263 3.787 2.868
 endloop
endfacet
facet normal -0.388 -0.921 -0.034
 outer loop
  vertex 1.246 3.787 3.067
  vertex 1.263 3.787 2.868
  vertex 1.699 3.594 3.107
 endloop
endfacet
facet normal -0.388 -0.921 -0.034
 outer loop
  vertex 1.699 3.594 3.107
  vertex 1.263 3.787 2.868
  vertex 1.717 3.594 2.907
 endloop
endfacet
facet normal -0.498 -0.866 -0.044
 outer loop
  vertex 1.699 3.594 3.107
  vertex 1.717 3.594 2.907
  vertex 2.126 3.347 3.144
 endloop
endfacet
facet normal -0.498 -0.866 -0.044
 outer loop
  vertex 2.126 3.347 3.144
  vertex 1.717 3.594 2.907
  vertex 2.143 3.347 2.945
 endloop
endfacet
facet normal -0.6 -0.798 -0.053
 outer loop
  vertex 2.126 3.347 3.144
  vertex 2.143 3.347 2.945
  vertex 2.519 3.049 3.178
 endloop
endfacet
facet normal -0.6 -0.798 -0.053
 outer loop
  vertex 2.519 3.049 3.178
  vertex 2.143 3.347 2.945
  vertex 2.536 3.049 2.979
 endloop
endfacet
facet normal -0.693 -0.718 -0.061
 outer loop
  vertex 2.519 3.049 3.178
  vertex 2.536 3.049 2.979
  vertex 2.872 2.705 3.209
 endloop
endfacet
facet normal -0.693 -0.718 -0.061
 outer loop
  vertex 2.872 2.705 3.209
  vertex 2.536 3.049 2.979
  vertex 2.89 2.705 3.01
 endloop
endfacet
facet normal -0.776 -0.627 -0.068
 outer loop
  vertex 2.872 2.705 3.209
  vertex 2.89 2.705 3.01
  vertex 3.181 2.32 3.236
 endloop
endfacet
facet normal -0.776 -0.627 -0.068
 outer loop
  vertex 3.181 2.32 3.236
  vertex 2.89 2.705 3.01
  vertex 3.199 2.32 3.037
 endloop
endfacet
facet normal -0.847 -0.526 -0.074
 outer loop
  vertex 3.181 2.32 3.236
  vertex 3.199 2.32 3.037
  vertex 3.44 1.9 3.259
 endloop
endfacet
facet normal -0.847 -0.526 -0.074
 outer loop
  vertex 3.44 1.9 3.259
  vertex 3.199 2.32 3.037
  vertex 3.458 1.9 3.06
 endloop
endfacet
facet normal -0.905 -0.418 -0.079
 outer loop
  vertex 3.44 1.9 3.259
  vertex 3.458 1.9 3.06
  vertex 3.646 1.45 3.277
 endloop
endfacet
facet normal -0.905 -0.418 -0.079
 outer loop
  vertex 3.646 1.45 3.277
  vertex 3.458 1.9 3.06
  vertex 3.664 1.45 3.078
 endloop
endfacet
facet normal -0.949 -0.303 -0.083
 outer loop
  vertex 3.646 1.45 3.277
  vertex 3.664 1.45 3.078
  vertex 3.796 0.979 3.29
 endloop
endfacet
facet normal -0.949 -0.303 -0.083
 outer loop
  vertex 3.796 0.979 3.29
  vertex 3.664 1.45 3.078
  vertex 3.813 0.979 3.091
 endloop
endfacet
facet normal -0.979 -0.184 -0.086
 outer loop
  vertex 3.796 0.979 3.29
  vertex 3.813 0.979 3.091
  vertex 3.886 0.493 3.298
 endloop
endfacet
facet normal -0.979 -0.184 -0.086
 outer loop
  vertex 3.886 0.493 3.298
  vertex 3.813 0.979 3.091
  vertex 3.903 0.493 3.099
 endloop
endfacet
facet normal -0.994 -0.062 -0.087
 outer loop
  vertex 3.886 0.493 3.298
  vertex 3.903 0.493 3.099
  vertex 3.916 -0 3.3
 endloop
endfacet
facet normal -0.994 -0.062 -0.087
 outer loop
  vertex 3.916 -0 3.3
  vertex 3.903 0.493 3.099
  vertex 3.934 -0 3.101
 endloop
endfacet
facet normal -0.994 0.062 -0.087
 outer loop
  vertex 3.916 -0 3.3
  vertex 3.934 -0 3.101
  vertex 3.886 -0.493 3.298
 endloop
endfacet
facet normal -0.994 0.062 -0.087
 outer loop
  vertex 3.886 -0.493 3.298
  vertex 3.934 -0 3.101
  vertex 3.903 -0.493 3.099
 endloop
endfacet
facet normal -0.979 0.184 -0.086
 outer loop
  vertex 3.886 -0.493 3.298
  vertex 3.903 -0.493 3.099
  vertex 3.796 -0.979 3.29
 endloop
endfacet
facet normal -0.979 0.184 -0.086
 outer loop
  vertex 3.796 -0.979 3.29
  vertex 3.903 -0.493 3.099
  vertex 3.813 -0.979 3.091
 endloop
endfacet
facet normal -0.949 0.303 -0.083
 outer loop
  vertex 3.796 -0.979 3.29
  vertex 3.813 -0.979 3.091
  vertex 3.646 -1.45 3.277
 endloop
endfacet
facet normal -0.949 0.303 -0.083
 outer loop
  vertex 3.646 -1.45 3.277
  vertex 3.813 -0.979 3.091
  vertex 3.664 -1.45 3.078
 endloop
endfacet
facet normal -0.905 0.418 -0.079
 outer loop
  vertex 3.646 -1.45 3.277
  vertex 3.664 -1.45 3.078
  vertex 3.44 -1.9 3.259
 endloop
endfacet
facet normal -0.905 0.418 -0.079
 outer loop
  vertex 3.44 -1.9 3.259
  vertex 3.664 -1.45 3.078
  vertex 3.458 -1.9 3.06
 endloop
endfacet
facet normal -0.847 0.526 -0.074
 outer loop
  vertex 3.44 -1.9 3.259
  vertex 3.458 -1.9 3.06
  vertex 3.181 -2.32 3.236
 endloop
endfacet
facet normal -0.847 0.526 -0.074
 outer loop
  vertex 3.181 -2.32 3.236
  vertex 3.458 -1.9 3.06
  vertex 3.199 -2.32 3.037
 endloop
endfacet
facet normal -0.776 0.627 -0.068
 outer loop
  vertex 3.181 -2.32 3.236
  vertex 3.199 -2.32 3.037
  vertex 2.872 -2.705 3.209
 endloop
endfacet
facet normal -0.776 0.627 -0.068
 outer loop
  vertex 2.872 -2.705 3.209
  vertex 3.199 -2.32 3.037
  vertex 2.89 -2.705 3.01
 endloop
endfacet
facet normal -0.693 0.718 -0.061
 outer loop
  vertex 2.872 -2.705 3.209
  vertex 2.89 -2.705 3.01
  vertex 2.519 -3.049 3.178
 endloop
endfacet
facet normal -0.693 0.718 -0.061
 outer loop
  vertex 2.519 -3.049 3.178
  vertex 2.89 -2.705 3.01
  vertex 2.536 -3.049 2.979
 endloop
endfacet
facet normal -0.6 0.798 -0.053
 outer loop
  vertex 2.519 -3.049 3.178
  vertex 2.536 -3.049 2.979
  vertex 2.126 -3.347 3.144
 endloop
endfacet
facet normal -0.6 0.798 -0.053
 outer loop
  vertex 2.126 -3.347 3.144
  vertex 2.536 -3.049 2.979
  vertex 2.143 -3.347 2.945
 endloop
endfacet
facet normal -0.498 0.866 -0.044
 outer loop
  vertex 2.126 -3.347 3.144
  vertex 2.143 -3.347 2.945
  vertex 1.699 -3.594 3.107
 endloop
endfacet
facet normal -0.498 0.866 -0.044
 outer loop
  vertex 1.699 -3.594 3.107
  vertex 2.143 -3.347 2.945
  vertex 1.717 -3.594 2.907
 endloop
endfacet
facet normal -0.388 0.921 -0.034
 outer loop
  vertex 1.699 -3.594 3.107
  vertex 1.717 -3.594 2.907
  vertex 1.246 -3.787 3.067
 endloop
endfacet
facet normal -0.388 0.921 -0.034
 outer loop
  vertex 1.246 -3.787 3.067
  vertex 1.717 -3.594 2.907
  vertex 1.263 -3.787 2.868
 endloop
endfacet
facet normal -0.273 0.962 -0.024
 outer loop
  vertex 1.246 -3.787 3.067
  vertex 1.263 -3.787 2.868
  vertex 0.772 -3.922 3.025
 endloop
endfacet
facet normal -0.273 0.962 -0.024
 outer loop
  vertex 0.772 -3.922 3.025
  vertex 1.263 -3.787 2.868
  vertex 0.789 -3.922 2.826
 endloop
endfacet
facet normal -0.153 0.988 -0.013
 outer loop
  vertex 0.772 -3.922 3.025
  vertex 0.789 -3.922 2.826
  vertex 0.285 -3.998 2.983
 endloop
endfacet
facet normal -0.153 0.988 -0.013
 outer loop
  vertex 0.285 -3.998 2.983
  vertex 0.789 -3.922 2.826
  vertex 0.303 -3.998 2.784
 endloop
endfacet
facet normal -0.031 1 -0.003
 outer loop
  vertex 0.285 -3.998 2.983
  vertex 0.303 -3.998 2.784
  vertex -0.207 -4.013 2.94
 endloop
endfacet
facet normal -0.031 1 -0.003
 outer loop
  vertex -0.207 -4.013 2.94
  vertex 0.303 -3.998 2.784
  vertex -0.189 -4.013 2.741
 endloop
endfacet
facet normal 0.092 0.996 0.008
 outer loop
  vertex -0.207 -4.013 2.94
  vertex -0.189 -4.013 2.741
  vertex -0.697 -3.968 2.897
 endloop
endfacet
facet normal 0.092 0.996 0.008
 outer loop
  vertex -0.697 -3.968 2.897
  vertex -0.189 -4.013 2.741
  vertex -0.68 -3.968 2.698
 endloop
endfacet
facet normal 0.213 0.977 0.019
 outer loop
  vertex -0.697 -3.968 2.897
  vertex -0.68 -3.968 2.698
  vertex -1.178 -3.862 2.855
 endloop
endfacet
facet normal 0.213 0.977 0.019
 outer loop
  vertex -1.178 -3.862 2.855
  vertex -0.68 -3.968 2.698
  vertex -1.161 -3.862 2.656
 endloop
endfacet
facet normal 0.331 0.943 0.029
 outer loop
  vertex -1.178 -3.862 2.855
  vertex -1.161 -3.862 2.656
  vertex -1.643 -3.698 2.814
 endloop
endfacet
facet normal 0.331 0.943 0.029
 outer loop
  vertex -1.643 -3.698 2.814
  vertex -1.161 -3.862 2.656
  vertex -1.625 -3.698 2.615
 endloop
endfacet
facet normal 0.444 0.895 0.039
 outer loop
  vertex -1.643 -3.698 2.814
  vertex -1.625 -3.698 2.615
  vertex -2.084 -3.477 2.776
 endloop
endfacet
facet normal 0.444 0.895 0.039
 outer loop
  vertex -2.084 -3.477 2.776
  vertex -1.625 -3.698 2.615
  vertex -2.066 -3.477 2.576
 endloop
endfacet
facet normal 0.55 0.834 0.048
 outer loop
  vertex -2.084 -3.477 2.776
  vertex -2.066 -3.477 2.576
  vertex -2.494 -3.204 2.74
 endloop
endfacet
facet normal 0.55 0.834 0.048
 outer loop
  vertex -2.494 -3.204 2.74
  vertex -2.066 -3.477 2.576
  vertex -2.477 -3.204 2.54
 endloop
endfacet
facet normal 0.648 0.759 0.057
 outer loop
  vertex -2.494 -3.204 2.74
  vertex -2.477 -3.204 2.54
  vertex -2.868 -2.883 2.707
 endloop
endfacet
facet normal 0.648 0.759 0.057
 outer loop
  vertex -2.868 -2.883 2.707
  vertex -2.477 -3.204 2.54
  vertex -2.851 -2.883 2.508
 endloop
endfacet
facet normal 0.736 0.674 0.064
 outer loop
  vertex -2.868 -2.883 2.707
  vertex -2.851 -2.883 2.508
  vertex -3.2 -2.517 2.678
 endloop
endfacet
facet normal 0.736 0.674 0.064
 outer loop
  vertex -3.2 -2.517 2.678
  vertex -2.851 -2.883 2.508
  vertex -3.183 -2.517 2.479
 endloop
endfacet
facet normal 0.813 0.578 0.071
 outer loop
  vertex -3.2 -2.517 2.678
  vertex -3.183 -2.517 2.479
  vertex -3.485 -2.114 2.653
 endloop
endfacet
facet normal 0.813 0.578 0.071
 outer loop
  vertex -3.485 -2.114 2.653
  vertex -3.183 -2.517 2.479
  vertex -3.467 -2.114 2.454
 endloop
endfacet
facet normal 0.878 0.473 0.077
 outer loop
  vertex -3.485 -2.114 2.653
  vertex -3.467 -2.114 2.454
  vertex -3.718 -1.678 2.633
 endloop
endfacet
facet normal 0.878 0.473 0.077
 outer loop
  vertex -3.718 -1.678 2.633
  vertex -3.467 -2.114 2.454
  vertex -3.7 -1.678 2.433
 endloop
endfacet
facet normal 0.929 0.361 0.081
 outer loop
  vertex -3.718 -1.678 2.633
  vertex -3.7 -1.678 2.433
  vertex -3.895 -1.217 2.617
 endloop
endfacet
facet normal 0.929 0.361 0.081
 outer loop
  vertex -3.895 -1.217 2.617
  vertex -3.7 -1.678 2.433
  vertex -3.878 -1.217 2.418
 endloop
endfacet
facet normal 0.966 0.244 0.085
 outer loop
  vertex -3.895 -1.217 2.617
  vertex -3.878 -1.217 2.418
  vertex -4.016 -0.738 2.607
 endloop
endfacet
facet normal 0.966 0.244 0.085
 outer loop
  vertex -4.016 -0.738 2.607
  vertex -3.878 -1.217 2.418
  vertex -3.998 -0.738 2.407
 endloop
endfacet
facet normal 0.989 0.123 0.086
 outer loop
  vertex -4.016 -0.738 2.607
  vertex -3.998 -0.738 2.407
  vertex -4.076 -0.247 2.601
 endloop
endfacet
facet normal 0.989 0.123 0.086
 outer loop
  vertex -4.076 -0.247 2.601
  vertex -3.998 -0.738 2.407
  vertex -4.059 -0.247 2.402
 endloop
endfacet
facet normal 0.087 -0.001 -0.996
 outer loop
  vertex -0.372 3.204 3.688
  vertex -0.494 3.188 3.678
  vertex -0.495 3.194 3.677
 endloop
endfacet
facet normal 0.087 -0.001 -0.996
 outer loop
  vertex -0.495 3.194 3.677
  vertex -0.494 3.188 3.678
  vertex -0.641 3.174 3.665
 endloop
endfacet
facet normal 0.087 -0 -0.996
 outer loop
  vertex -0.494 3.188 3.678
  vertex -0.638 3.162 3.665
  vertex -0.641 3.174 3.665
 endloop
endfacet
facet normal 0.087 -0 -0.996
 outer loop
  vertex -0.641 3.174 3.665
  vertex -0.638 3.162 3.665
  vertex -0.881 3.103 3.644
 endloop
endfacet
facet normal 0.087 -0 -0.996
 outer loop
  vertex -0.641 3.174 3.665
  vertex -0.881 3.103 3.644
  vertex -0.886 3.126 3.643
 endloop
endfacet
facet normal 0.087 -0 -0.996
 outer loop
  vertex -0.886 3.126 3.643
  vertex -0.881 3.103 3.644
  vertex -1.026 3.09 3.631
 endloop
endfacet
facet normal 0.087 -0 -0.996
 outer loop
  vertex -0.881 3.103 3.644
  vertex -1.016 3.061 3.632
  vertex -1.026 3.09 3.631
 endloop
endfacet
facet normal 0.087 -0 -0.996
 outer loop
  vertex -1.026 3.09 3.631
  vertex -1.016 3.061 3.632
  vertex -1.254 2.971 3.611
 endloop
endfacet
facet normal 0.087 -0 -0.996
 outer loop
  vertex -1.026 3.09 3.631
  vertex -1.254 2.971 3.611
  vertex -1.397 2.958 3.599
 endloop
endfacet
facet normal 0.087 -0 -0.996
 outer loop
  vertex -1.397 2.958 3.599
  vertex -1.254 2.971 3.611
  vertex -1.608 2.794 3.58
 endloop
endfacet
facet normal 0.087 0 -0.996
 outer loop
  vertex -1.397 2.958 3.599
  vertex -1.608 2.794 3.58
  vertex -1.75 2.782 3.568
 endloop
endfacet
facet normal 0.087 0 -0.996
 outer loop
  vertex -1.75 2.782 3.568
  vertex -1.608 2.794 3.58
  vertex -1.938 2.574 3.551
 endloop
endfacet
facet normal 0.087 0 -0.996
 outer loop
  vertex -1.75 2.782 3.568
  vertex -1.938 2.574 3.551
  vertex -2.078 2.563 3.539
 endloop
endfacet
facet normal 0.087 0 -0.996
 outer loop
  vertex -2.078 2.563 3.539
  vertex -1.938 2.574 3.551
  vertex -2.238 2.316 3.525
 endloop
endfacet
facet normal 0.087 0 -0.996
 outer loop
  vertex -2.078 2.563 3.539
  vertex -2.238 2.316 3.525
  vertex -2.378 2.306 3.513
 endloop
endfacet
facet normal 0.087 0 -0.996
 outer loop
  vertex -2.378 2.306 3.513
  vertex -2.238 2.316 3.525
  vertex -2.505 2.022 3.502
 endloop
endfacet
facet normal 0.087 0 -0.996
 outer loop
  vertex -2.378 2.306 3.513
  vertex -2.505 2.022 3.502
  vertex -2.643 2.014 3.49
 endloop
endfacet
facet normal 0.087 -0 -0.996
 outer loop
  vertex -2.643 2.014 3.49
  vertex -2.505 2.022 3.502
  vertex -2.734 1.698 3.482
 endloop
endfacet
facet normal 0.087 -0 -0.996
 outer loop
  vertex -2.643 2.014 3.49
  vertex -2.734 1.698 3.482
  vertex -2.871 1.691 3.47
 endloop
endfacet
facet normal 0.087 0 -0.996
 outer loop
  vertex -2.871 1.691 3.47
  vertex -2.734 1.698 3.482
  vertex -2.921 1.348 3.465
 endloop
endfacet
facet normal 0.087 0 -0.996
 outer loop
  vertex -2.871 1.691 3.47
  vertex -2.921 1.348 3.465
  vertex -3.057 1.343 3.453
 endloop
endfacet
facet normal 0.087 -0 -0.996
 outer loop
  vertex -3.057 1.343 3.453
  vertex -2.921 1.348 3.465
  vertex -3.064 0.978 3.453
 endloop
endfacet
facet normal 0.087 -0 -0.996
 outer loop
  vertex -3.057 1.343 3.453
  vertex -3.064 0.978 3.453
  vertex -3.199 0.974 3.441
 endloop
endfacet
facet normal 0.087 -0 -0.996
 outer loop
  vertex -3.199 0.974 3.441
  vertex -3.064 0.978 3.453
  vertex -3.16 0.593 3.444
 endloop
endfacet
facet normal 0.087 -0 -0.996
 outer loop
  vertex -3.199 0.974 3.441
  vertex -3.16 0.593 3.444
  vertex -3.295 0.59 3.432
 endloop
endfacet
facet normal 0.087 0 -0.996
 outer loop
  vertex -3.295 0.59 3.432
  vertex -3.16 0.593 3.444
  vertex -3.209 0.199 3.44
 endloop
endfacet
facet normal 0.087 -0 -0.996
 outer loop
  vertex -3.295 0.59 3.432
  vertex -3.209 0.199 3.44
  vertex -3.344 0.198 3.428
 endloop
endfacet
facet normal 0.087 0 -0.996
 outer loop
  vertex -3.344 0.198 3.428
  vertex -3.209 0.199 3.44
  vertex -3.344 -0.198 3.428
 endloop
endfacet
facet normal 0.087 0 -0.996
 outer loop
  vertex -3.209 0.199 3.44
  vertex -3.209 -0.199 3.44
  vertex -3.344 -0.198 3.428
 endloop
endfacet
facet normal 0.087 0 -0.996
 outer loop
  vertex -3.344 -0.198 3.428
  vertex -3.209 -0.199 3.44
  vertex -3.295 -0.59 3.432
 endloop
endfacet
facet normal 0.087 -0 -0.996
 outer loop
  vertex -3.209 -0.199 3.44
  vertex -3.16 -0.593 3.444
  vertex -3.295 -0.59 3.432
 endloop
endfacet
facet normal 0.087 0 -0.996
 outer loop
  vertex -3.295 -0.59 3.432
  vertex -3.16 -0.593 3.444
  vertex -3.199 -0.974 3.441
 endloop
endfacet
facet normal 0.087 0 -0.996
 outer loop
  vertex -3.16 -0.593 3.444
  vertex -3.064 -0.978 3.453
  vertex -3.199 -0.974 3.441
 endloop
endfacet
facet normal 0.087 0 -0.996
 outer loop
  vertex -3.199 -0.974 3.441
  vertex -3.064 -0.978 3.453
  vertex -3.057 -1.343 3.453
 endloop
endfacet
facet normal 0.087 0 -0.996
 outer loop
  vertex -3.064 -0.978 3.453
  vertex -2.921 -1.348 3.465
  vertex -3.057 -1.343 3.453
 endloop
endfacet
facet normal 0.087 -0 -0.996
 outer loop
  vertex -3.057 -1.343 3.453
  vertex -2.921 -1.348 3.465
  vertex -2.871 -1.691 3.47
 endloop
endfacet
facet normal 0.087 -0 -0.996
 outer loop
  vertex -2.921 -1.348 3.465
  vertex -2.734 -1.698 3.482
  vertex -2.871 -1.691 3.47
 endloop
endfacet
facet normal 0.087 0 -0.996
 outer loop
  vertex -2.871 -1.691 3.47
  vertex -2.734 -1.698 3.482
  vertex -2.643 -2.014 3.49
 endloop
endfacet
facet normal 0.087 0 -0.996
 outer loop
  vertex -2.734 -1.698 3.482
  vertex -2.505 -2.022 3.502
  vertex -2.643 -2.014 3.49
 endloop
endfacet
facet normal 0.087 -0 -0.996
 outer loop
  vertex -2.643 -2.014 3.49
  vertex -2.505 -2.022 3.502
  vertex -2.378 -2.306 3.513
 endloop
endfacet
facet normal 0.087 -0 -0.996
 outer loop
  vertex -2.505 -2.022 3.502
  vertex -2.238 -2.316 3.525
  vertex -2.378 -2.306 3.513
 endloop
endfacet
facet normal 0.087 -0 -0.996
 outer loop
  vertex -2.378 -2.306 3.513
  vertex -2.238 -2.316 3.525
  vertex -2.078 -2.563 3.539
 endloop
endfacet
facet normal 0.087 -0 -0.996
 outer loop
  vertex -2.238 -2.316 3.525
  vertex -1.938 -2.574 3.551
  vertex -2.078 -2.563 3.539
 endloop
endfacet
facet normal 0.087 -0 -0.996
 outer loop
  vertex -2.078 -2.563 3.539
  vertex -1.938 -2.574 3.551
  vertex -1.75 -2.782 3.568
 endloop
endfacet
facet normal 0.087 -0 -0.996
 outer loop
  vertex -1.938 -2.574 3.551
  vertex -1.608 -2.794 3.58
  vertex -1.75 -2.782 3.568
 endloop
endfacet
facet normal 0.087 -0 -0.996
 outer loop
  vertex -1.75 -2.782 3.568
  vertex -1.608 -2.794 3.58
  vertex -1.397 -2.958 3.599
 endloop
endfacet
facet normal 0.087 0 -0.996
 outer loop
  vertex -1.608 -2.794 3.58
  vertex -1.254 -2.971 3.611
  vertex -1.397 -2.958 3.599
 endloop
endfacet
facet normal 0.087 0 -0.996
 outer loop
  vertex -1.397 -2.958 3.599
  vertex -1.254 -2.971 3.611
  vertex -1.026 -3.09 3.631
 endloop
endfacet
facet normal 0.087 0 -0.996
 outer loop
  vertex -1.254 -2.971 3.611
  vertex -1.016 -3.061 3.632
  vertex -1.026 -3.09 3.631
 endloop
endfacet
facet normal 0.087 0 -0.996
 outer loop
  vertex -1.026 -3.09 3.631
  vertex -1.016 -3.061 3.632
  vertex -0.881 -3.103 3.644
 endloop
endfacet
facet normal 0.087 0 -0.996
 outer loop
  vertex -1.026 -3.09 3.631
  vertex -0.881 -3.103 3.644
  vertex -0.886 -3.126 3.643
 endloop
endfacet
facet normal 0.087 0 -0.996
 outer loop
  vertex -0.886 -3.126 3.643
  vertex -0.881 -3.103 3.644
  vertex -0.641 -3.174 3.665
 endloop
endfacet
facet normal 0.087 0 -0.996
 outer loop
  vertex -0.881 -3.103 3.644
  vertex -0.638 -3.162 3.665
  vertex -0.641 -3.174 3.665
 endloop
endfacet
facet normal 0.087 0 -0.996
 outer loop
  vertex -0.641 -3.174 3.665
  vertex -0.638 -3.162 3.665
  vertex -0.494 -3.188 3.678
 endloop
endfacet
facet normal 0.087 0.001 -0.996
 outer loop
  vertex -0.641 -3.174 3.665
  vertex -0.494 -3.188 3.678
  vertex -0.495 -3.194 3.677
 endloop
endfacet
facet normal 0.087 0.001 -0.996
 outer loop
  vertex -0.495 -3.194 3.677
  vertex -0.494 -3.188 3.678
  vertex -0.372 -3.204 3.688
 endloop
endfacet
facet normal -0.087 0 0.996
 outer loop
  vertex 0.222 3.204 2.014
  vertex 0.295 3.195 2.02
  vertex 0.295 3.199 2.02
 endloop
endfacet
facet normal -0.087 0 0.996
 outer loop
  vertex 0.295 3.199 2.02
  vertex 0.295 3.195 2.02
  vertex 0.539 3.151 2.041
 endloop
endfacet
facet normal -0.087 -0 0.996
 outer loop
  vertex 0.295 3.199 2.02
  vertex 0.539 3.151 2.041
  vertex 0.541 3.166 2.042
 endloop
endfacet
facet normal -0.087 -0 0.996
 outer loop
  vertex 0.541 3.166 2.042
  vertex 0.539 3.151 2.041
  vertex 0.685 3.138 2.054
 endloop
endfacet
facet normal -0.087 0 0.996
 outer loop
  vertex 0.539 3.151 2.041
  vertex 0.679 3.117 2.054
  vertex 0.685 3.138 2.054
 endloop
endfacet
facet normal -0.087 0 0.996
 outer loop
  vertex 0.685 3.138 2.054
  vertex 0.679 3.117 2.054
  vertex 0.919 3.043 2.075
 endloop
endfacet
facet normal -0.087 0 0.996
 outer loop
  vertex 0.685 3.138 2.054
  vertex 0.919 3.043 2.075
  vertex 0.929 3.074 2.075
 endloop
endfacet
facet normal -0.087 0 0.996
 outer loop
  vertex 0.929 3.074 2.075
  vertex 0.919 3.043 2.075
  vertex 1.064 3.03 2.087
 endloop
endfacet
facet normal -0.087 0 0.996
 outer loop
  vertex 0.919 3.043 2.075
  vertex 1.049 2.994 2.086
  vertex 1.064 3.03 2.087
 endloop
endfacet
facet normal -0.087 0 0.996
 outer loop
  vertex 1.064 3.03 2.087
  vertex 1.049 2.994 2.086
  vertex 1.284 2.888 2.107
 endloop
endfacet
facet normal -0.087 0 0.996
 outer loop
  vertex 1.064 3.03 2.087
  vertex 1.284 2.888 2.107
  vertex 1.426 2.875 2.119
 endloop
endfacet
facet normal -0.087 0 0.996
 outer loop
  vertex 1.426 2.875 2.119
  vertex 1.284 2.888 2.107
  vertex 1.626 2.689 2.136
 endloop
endfacet
facet normal -0.087 0 0.996
 outer loop
  vertex 1.426 2.875 2.119
  vertex 1.626 2.689 2.136
  vertex 1.768 2.678 2.149
 endloop
endfacet
facet normal -0.087 -0 0.996
 outer loop
  vertex 1.768 2.678 2.149
  vertex 1.626 2.689 2.136
  vertex 1.942 2.45 2.164
 endloop
endfacet
facet normal -0.087 -0 0.996
 outer loop
  vertex 1.768 2.678 2.149
  vertex 1.942 2.45 2.164
  vertex 2.082 2.439 2.176
 endloop
endfacet
facet normal -0.087 0 0.996
 outer loop
  vertex 2.082 2.439 2.176
  vertex 1.942 2.45 2.164
  vertex 2.226 2.173 2.189
 endloop
endfacet
facet normal -0.087 -0 0.996
 outer loop
  vertex 2.082 2.439 2.176
  vertex 2.226 2.173 2.189
  vertex 2.365 2.164 2.201
 endloop
endfacet
facet normal -0.087 0 0.996
 outer loop
  vertex 2.365 2.164 2.201
  vertex 2.226 2.173 2.189
  vertex 2.474 1.864 2.211
 endloop
endfacet
facet normal -0.087 0 0.996
 outer loop
  vertex 2.365 2.164 2.201
  vertex 2.474 1.864 2.211
  vertex 2.612 1.856 2.223
 endloop
endfacet
facet normal -0.087 0 0.996
 outer loop
  vertex 2.612 1.856 2.223
  vertex 2.474 1.864 2.211
  vertex 2.683 1.526 2.229
 endloop
endfacet
facet normal -0.087 -0 0.996
 outer loop
  vertex 2.612 1.856 2.223
  vertex 2.683 1.526 2.229
  vertex 2.819 1.52 2.241
 endloop
endfacet
facet normal -0.087 -0 0.996
 outer loop
  vertex 2.819 1.52 2.241
  vertex 2.683 1.526 2.229
  vertex 2.848 1.165 2.243
 endloop
endfacet
facet normal -0.087 -0 0.996
 outer loop
  vertex 2.819 1.52 2.241
  vertex 2.848 1.165 2.243
  vertex 2.984 1.16 2.255
 endloop
endfacet
facet normal -0.087 -0 0.996
 outer loop
  vertex 2.984 1.16 2.255
  vertex 2.848 1.165 2.243
  vertex 2.968 0.787 2.254
 endloop
endfacet
facet normal -0.087 -0 0.996
 outer loop
  vertex 2.984 1.16 2.255
  vertex 2.968 0.787 2.254
  vertex 3.103 0.784 2.266
 endloop
endfacet
facet normal -0.087 -0 0.996
 outer loop
  vertex 3.103 0.784 2.266
  vertex 2.968 0.787 2.254
  vertex 3.041 0.396 2.26
 endloop
endfacet
facet normal -0.087 0 0.996
 outer loop
  vertex 3.103 0.784 2.266
  vertex 3.041 0.396 2.26
  vertex 3.176 0.395 2.272
 endloop
endfacet
facet normal -0.087 0 0.996
 outer loop
  vertex 3.176 0.395 2.272
  vertex 3.041 0.396 2.26
  vertex 3.065 0 2.262
 endloop
endfacet
facet normal -0.087 -0 0.996
 outer loop
  vertex 3.176 0.395 2.272
  vertex 3.065 0 2.262
  vertex 3.2 -0 2.274
 endloop
endfacet
facet normal -0.087 0 0.996
 outer loop
  vertex 3.2 -0 2.274
  vertex 3.065 0 2.262
  vertex 3.176 -0.395 2.272
 endloop
endfacet
facet normal -0.087 -0 0.996
 outer loop
  vertex 3.065 0 2.262
  vertex 3.041 -0.396 2.26
  vertex 3.176 -0.395 2.272
 endloop
endfacet
facet normal -0.087 -0 0.996
 outer loop
  vertex 3.176 -0.395 2.272
  vertex 3.041 -0.396 2.26
  vertex 3.103 -0.784 2.266
 endloop
endfacet
facet normal -0.087 0 0.996
 outer loop
  vertex 3.041 -0.396 2.26
  vertex 2.968 -0.787 2.254
  vertex 3.103 -0.784 2.266
 endloop
endfacet
facet normal -0.087 0 0.996
 outer loop
  vertex 3.103 -0.784 2.266
  vertex 2.968 -0.787 2.254
  vertex 2.984 -1.16 2.255
 endloop
endfacet
facet normal -0.087 0 0.996
 outer loop
  vertex 2.968 -0.787 2.254
  vertex 2.848 -1.165 2.243
  vertex 2.984 -1.16 2.255
 endloop
endfacet
facet normal -0.087 0 0.996
 outer loop
  vertex 2.984 -1.16 2.255
  vertex 2.848 -1.165 2.243
  vertex 2.819 -1.52 2.241
 endloop
endfacet
facet normal -0.087 0 0.996
 outer loop
  vertex 2.848 -1.165 2.243
  vertex 2.683 -1.526 2.229
  vertex 2.819 -1.52 2.241
 endloop
endfacet
facet normal -0.087 0 0.996
 outer loop
  vertex 2.819 -1.52 2.241
  vertex 2.683 -1.526 2.229
  vertex 2.612 -1.856 2.223
 endloop
endfacet
facet normal -0.087 -0 0.996
 outer loop
  vertex 2.683 -1.526 2.229
  vertex 2.474 -1.864 2.211
  vertex 2.612 -1.856 2.223
 endloop
endfacet
facet normal -0.087 -0 0.996
 outer loop
  vertex 2.612 -1.856 2.223
  vertex 2.474 -1.864 2.211
  vertex 2.365 -2.164 2.201
 endloop
endfacet
facet normal -0.087 -0 0.996
 outer loop
  vertex 2.474 -1.864 2.211
  vertex 2.226 -2.173 2.189
  vertex 2.365 -2.164 2.201
 endloop
endfacet
facet normal -0.087 0 0.996
 outer loop
  vertex 2.365 -2.164 2.201
  vertex 2.226 -2.173 2.189
  vertex 2.082 -2.439 2.176
 endloop
endfacet
facet normal -0.087 -0 0.996
 outer loop
  vertex 2.226 -2.173 2.189
  vertex 1.942 -2.45 2.164
  vertex 2.082 -2.439 2.176
 endloop
endfacet
facet normal -0.087 0 0.996
 outer loop
  vertex 2.082 -2.439 2.176
  vertex 1.942 -2.45 2.164
  vertex 1.768 -2.678 2.149
 endloop
endfacet
facet normal -0.087 0 0.996
 outer loop
  vertex 1.942 -2.45 2.164
  vertex 1.626 -2.689 2.136
  vertex 1.768 -2.678 2.149
 endloop
endfacet
facet normal -0.087 -0 0.996
 outer loop
  vertex 1.768 -2.678 2.149
  vertex 1.626 -2.689 2.136
  vertex 1.426 -2.875 2.119
 endloop
endfacet
facet normal -0.087 -0 0.996
 outer loop
  vertex 1.626 -2.689 2.136
  vertex 1.284 -2.888 2.107
  vertex 1.426 -2.875 2.119
 endloop
endfacet
facet normal -0.087 -0 0.996
 outer loop
  vertex 1.426 -2.875 2.119
  vertex 1.284 -2.888 2.107
  vertex 1.064 -3.03 2.087
 endloop
endfacet
facet normal -0.087 -0 0.996
 outer loop
  vertex 1.284 -2.888 2.107
  vertex 1.049 -2.994 2.086
  vertex 1.064 -3.03 2.087
 endloop
endfacet
facet normal -0.087 -0 0.996
 outer loop
  vertex 1.064 -3.03 2.087
  vertex 1.049 -2.994 2.086
  vertex 0.919 -3.043 2.075
 endloop
endfacet
facet normal -0.087 -0 0.996
 outer loop
  vertex 1.064 -3.03 2.087
  vertex 0.919 -3.043 2.075
  vertex 0.929 -3.074 2.075
 endloop
endfacet
facet normal -0.087 -0 0.996
 outer loop
  vertex 0.929 -3.074 2.075
  vertex 0.919 -3.043 2.075
  vertex 0.685 -3.138 2.054
 endloop
endfacet
facet normal -0.087 -0 0.996
 outer loop
  vertex 0.919 -3.043 2.075
  vertex 0.679 -3.117 2.054
  vertex 0.685 -3.138 2.054
 endloop
endfacet
facet normal -0.087 -0 0.996
 outer loop
  vertex 0.685 -3.138 2.054
  vertex 0.679 -3.117 2.054
  vertex 0.539 -3.151 2.041
 endloop
endfacet
facet normal -0.087 0 0.996
 outer loop
  vertex 0.685 -3.138 2.054
  vertex 0.539 -3.151 2.041
  vertex 0.541 -3.166 2.042
 endloop
endfacet
facet normal -0.087 0 0.996
 outer loop
  vertex 0.541 -3.166 2.042
  vertex 0.539 -3.151 2.041
  vertex 0.295 -3.199 2.02
 endloop
endfacet
facet normal -0.087 -0 0.996
 outer loop
  vertex 0.539 -3.151 2.041
  vertex 0.295 -3.195 2.02
  vertex 0.295 -3.199 2.02
 endloop
endfacet
facet normal -0.087 -0 0.996
 outer loop
  vertex 0.295 -3.199 2.02
  vertex 0.295 -3.195 2.02
  vertex 0.222 -3.204 2.014
 endloop
endfacet
facet normal 0.153 -0.682 -0.716
 outer loop
  vertex -0.495 3.194 1.964
  vertex -0.641 3.174 1.951
  vertex -0.697 3.968 1.183
 endloop
endfacet
facet normal 0.195 -0.675 -0.712
 outer loop
  vertex -0.697 3.968 1.183
  vertex -0.641 3.174 1.951
  vertex -0.886 3.126 1.93
 endloop
endfacet
facet normal 0.21 -0.675 -0.708
 outer loop
  vertex -0.697 3.968 1.183
  vertex -0.886 3.126 1.93
  vertex -1.178 3.862 1.141
 endloop
endfacet
facet normal 0.236 -0.665 -0.708
 outer loop
  vertex -1.178 3.862 1.141
  vertex -0.886 3.126 1.93
  vertex -1.026 3.09 1.918
 endloop
endfacet
facet normal 0.291 -0.649 -0.703
 outer loop
  vertex -1.178 3.862 1.141
  vertex -1.026 3.09 1.918
  vertex -1.643 3.698 1.101
 endloop
endfacet
facet normal 0.291 -0.649 -0.703
 outer loop
  vertex -1.643 3.698 1.101
  vertex -1.026 3.09 1.918
  vertex -1.397 2.958 1.885
 endloop
endfacet
facet normal 0.369 -0.616 -0.696
 outer loop
  vertex -1.643 3.698 1.101
  vertex -1.397 2.958 1.885
  vertex -2.084 3.477 1.062
 endloop
endfacet
facet normal 0.369 -0.616 -0.696
 outer loop
  vertex -2.084 3.477 1.062
  vertex -1.397 2.958 1.885
  vertex -1.75 2.782 1.854
 endloop
endfacet
facet normal 0.442 -0.574 -0.69
 outer loop
  vertex -2.084 3.477 1.062
  vertex -1.75 2.782 1.854
  vertex -2.494 3.204 1.026
 endloop
endfacet
facet normal 0.442 -0.574 -0.69
 outer loop
  vertex -2.494 3.204 1.026
  vertex -1.75 2.782 1.854
  vertex -2.078 2.563 1.825
 endloop
endfacet
facet normal 0.509 -0.523 -0.684
 outer loop
  vertex -2.494 3.204 1.026
  vertex -2.078 2.563 1.825
  vertex -2.868 2.883 0.993
 endloop
endfacet
facet normal 0.509 -0.523 -0.684
 outer loop
  vertex -2.868 2.883 0.993
  vertex -2.078 2.563 1.825
  vertex -2.378 2.306 1.799
 endloop
endfacet
facet normal 0.57 -0.464 -0.679
 outer loop
  vertex -2.868 2.883 0.993
  vertex -2.378 2.306 1.799
  vertex -3.2 2.517 0.964
 endloop
endfacet
facet normal 0.57 -0.464 -0.679
 outer loop
  vertex -3.2 2.517 0.964
  vertex -2.378 2.306 1.799
  vertex -2.643 2.014 1.776
 endloop
endfacet
facet normal 0.623 -0.398 -0.674
 outer loop
  vertex -3.2 2.517 0.964
  vertex -2.643 2.014 1.776
  vertex -3.485 2.114 0.94
 endloop
endfacet
facet normal 0.623 -0.398 -0.674
 outer loop
  vertex -3.485 2.114 0.94
  vertex -2.643 2.014 1.776
  vertex -2.871 1.691 1.756
 endloop
endfacet
facet normal 0.667 -0.326 -0.67
 outer loop
  vertex -3.485 2.114 0.94
  vertex -2.871 1.691 1.756
  vertex -3.718 1.678 0.919
 endloop
endfacet
facet normal 0.667 -0.326 -0.67
 outer loop
  vertex -3.718 1.678 0.919
  vertex -2.871 1.691 1.756
  vertex -3.057 1.343 1.74
 endloop
endfacet
facet normal 0.702 -0.249 -0.667
 outer loop
  vertex -3.718 1.678 0.919
  vertex -3.057 1.343 1.74
  vertex -3.895 1.217 0.904
 endloop
endfacet
facet normal 0.702 -0.249 -0.667
 outer loop
  vertex -3.895 1.217 0.904
  vertex -3.057 1.343 1.74
  vertex -3.199 0.974 1.727
 endloop
endfacet
facet normal 0.728 -0.168 -0.665
 outer loop
  vertex -3.895 1.217 0.904
  vertex -3.199 0.974 1.727
  vertex -4.016 0.738 0.893
 endloop
endfacet
facet normal 0.728 -0.168 -0.665
 outer loop
  vertex -4.016 0.738 0.893
  vertex -3.199 0.974 1.727
  vertex -3.295 0.59 1.719
 endloop
endfacet
facet normal 0.743 -0.085 -0.663
 outer loop
  vertex -4.016 0.738 0.893
  vertex -3.295 0.59 1.719
  vertex -4.076 0.247 0.888
 endloop
endfacet
facet normal 0.743 -0.085 -0.663
 outer loop
  vertex -4.076 0.247 0.888
  vertex -3.295 0.59 1.719
  vertex -3.344 0.198 1.715
 endloop
endfacet
facet normal 0.748 -0.021 -0.663
 outer loop
  vertex -4.076 0.247 0.888
  vertex -3.344 0.198 1.715
  vertex -4.084 0 0.887
 endloop
endfacet
facet normal 0.746 0 -0.666
 outer loop
  vertex -4.084 0 0.887
  vertex -3.344 0.198 1.715
  vertex -3.344 -0.198 1.715
 endloop
endfacet
facet normal 0.748 0.021 -0.663
 outer loop
  vertex -4.084 0 0.887
  vertex -3.344 -0.198 1.715
  vertex -4.076 -0.247 0.888
 endloop
endfacet
facet normal 0.743 0.085 -0.663
 outer loop
  vertex -4.076 -0.247 0.888
  vertex -3.344 -0.198 1.715
  vertex -4.016 -0.738 0.893
 endloop
endfacet
facet normal 0.127 -0.688 -0.715
 outer loop
  vertex -0.697 3.968 1.183
  vertex -0.207 4.013 1.226
  vertex -0.495 3.194 1.964
 endloop
endfacet
facet normal 0.124 -0.687 -0.716
 outer loop
  vertex -0.495 3.194 1.964
  vertex -0.207 4.013 1.226
  vertex -0.372 3.204 1.975
 endloop
endfacet
facet normal -0.008 -0.684 -0.73
 outer loop
  vertex 0.222 3.204 2.014
  vertex 0.147 3.211 2.009
  vertex 0.285 3.998 1.269
 endloop
endfacet
facet normal 0.026 -0.687 -0.727
 outer loop
  vertex 0.285 3.998 1.269
  vertex 0.147 3.211 2.009
  vertex -0.099 3.218 1.993
 endloop
endfacet
facet normal 0.042 -0.69 -0.722
 outer loop
  vertex 0.285 3.998 1.269
  vertex -0.099 3.218 1.993
  vertex -0.207 4.013 1.226
 endloop
endfacet
facet normal 0.069 -0.687 -0.723
 outer loop
  vertex -0.207 4.013 1.226
  vertex -0.099 3.218 1.993
  vertex -0.248 3.214 1.983
 endloop
endfacet
facet normal 0.098 -0.687 -0.72
 outer loop
  vertex -0.207 4.013 1.226
  vertex -0.248 3.214 1.983
  vertex -0.372 3.204 1.975
 endloop
endfacet
facet normal -0.024 -0.683 -0.73
 outer loop
  vertex 0.222 3.204 2.014
  vertex 0.285 3.998 1.269
  vertex 0.295 3.195 2.02
 endloop
endfacet
facet normal -0.043 -0.683 -0.73
 outer loop
  vertex 0.295 3.195 2.02
  vertex 0.285 3.998 1.269
  vertex 0.772 3.922 1.312
 endloop
endfacet
facet normal -0.057 -0.677 -0.734
 outer loop
  vertex 0.295 3.195 2.02
  vertex 0.772 3.922 1.312
  vertex 0.539 3.151 2.041
 endloop
endfacet
facet normal -0.098 -0.668 -0.738
 outer loop
  vertex 0.539 3.151 2.041
  vertex 0.772 3.922 1.312
  vertex 0.679 3.117 2.054
 endloop
endfacet
facet normal -0.125 -0.664 -0.737
 outer loop
  vertex 0.772 3.922 1.312
  vertex 1.246 3.787 1.353
  vertex 0.679 3.117 2.054
 endloop
endfacet
facet normal -0.139 -0.657 -0.741
 outer loop
  vertex 0.679 3.117 2.054
  vertex 1.246 3.787 1.353
  vertex 0.919 3.043 2.075
 endloop
endfacet
facet normal -0.178 -0.643 -0.745
 outer loop
  vertex 0.919 3.043 2.075
  vertex 1.246 3.787 1.353
  vertex 1.049 2.994 2.086
 endloop
endfacet
facet normal -0.205 -0.636 -0.744
 outer loop
  vertex 1.049 2.994 2.086
  vertex 1.246 3.787 1.353
  vertex 1.699 3.594 1.393
 endloop
endfacet
facet normal -0.217 -0.627 -0.748
 outer loop
  vertex 1.049 2.994 2.086
  vertex 1.699 3.594 1.393
  vertex 1.284 2.888 2.107
 endloop
endfacet
facet normal -0.279 -0.596 -0.753
 outer loop
  vertex 1.284 2.888 2.107
  vertex 1.699 3.594 1.393
  vertex 1.626 2.689 2.136
 endloop
endfacet
facet normal -0.279 -0.596 -0.753
 outer loop
  vertex 1.699 3.594 1.393
  vertex 2.126 3.347 1.43
  vertex 1.626 2.689 2.136
 endloop
endfacet
facet normal -0.35 -0.549 -0.759
 outer loop
  vertex 1.626 2.689 2.136
  vertex 2.126 3.347 1.43
  vertex 1.942 2.45 2.164
 endloop
endfacet
facet normal -0.35 -0.549 -0.759
 outer loop
  vertex 2.126 3.347 1.43
  vertex 2.519 3.049 1.465
  vertex 1.942 2.45 2.164
 endloop
endfacet
facet normal -0.414 -0.494 -0.765
 outer loop
  vertex 1.942 2.45 2.164
  vertex 2.519 3.049 1.465
  vertex 2.226 2.173 2.189
 endloop
endfacet
facet normal -0.414 -0.494 -0.765
 outer loop
  vertex 2.519 3.049 1.465
  vertex 2.872 2.705 1.496
  vertex 2.226 2.173 2.189
 endloop
endfacet
facet normal -0.471 -0.431 -0.77
 outer loop
  vertex 2.226 2.173 2.189
  vertex 2.872 2.705 1.496
  vertex 2.474 1.864 2.211
 endloop
endfacet
facet normal -0.471 -0.431 -0.77
 outer loop
  vertex 2.872 2.705 1.496
  vertex 3.181 2.32 1.523
  vertex 2.474 1.864 2.211
 endloop
endfacet
facet normal -0.52 -0.362 -0.774
 outer loop
  vertex 2.474 1.864 2.211
  vertex 3.181 2.32 1.523
  vertex 2.683 1.526 2.229
 endloop
endfacet
facet normal -0.52 -0.362 -0.774
 outer loop
  vertex 3.181 2.32 1.523
  vertex 3.44 1.9 1.545
  vertex 2.683 1.526 2.229
 endloop
endfacet
facet normal -0.559 -0.288 -0.777
 outer loop
  vertex 2.683 1.526 2.229
  vertex 3.44 1.9 1.545
  vertex 2.848 1.165 2.243
 endloop
endfacet
facet normal -0.559 -0.288 -0.777
 outer loop
  vertex 3.44 1.9 1.545
  vertex 3.646 1.45 1.563
  vertex 2.848 1.165 2.243
 endloop
endfacet
facet normal -0.59 -0.209 -0.78
 outer loop
  vertex 2.848 1.165 2.243
  vertex 3.646 1.45 1.563
  vertex 2.968 0.787 2.254
 endloop
endfacet
facet normal -0.59 -0.209 -0.78
 outer loop
  vertex 3.646 1.45 1.563
  vertex 3.796 0.979 1.576
  vertex 2.968 0.787 2.254
 endloop
endfacet
facet normal -0.611 -0.126 -0.782
 outer loop
  vertex 2.968 0.787 2.254
  vertex 3.796 0.979 1.576
  vertex 3.041 0.396 2.26
 endloop
endfacet
facet normal -0.611 -0.126 -0.782
 outer loop
  vertex 3.796 0.979 1.576
  vertex 3.886 0.493 1.584
  vertex 3.041 0.396 2.26
 endloop
endfacet
facet normal -0.621 -0.042 -0.783
 outer loop
  vertex 3.041 0.396 2.26
  vertex 3.886 0.493 1.584
  vertex 3.065 0 2.262
 endloop
endfacet
facet normal -0.621 -0.042 -0.783
 outer loop
  vertex 3.886 0.493 1.584
  vertex 3.916 -0 1.587
  vertex 3.065 0 2.262
 endloop
endfacet
facet normal -0.621 0.042 -0.783
 outer loop
  vertex 3.065 0 2.262
  vertex 3.916 -0 1.587
  vertex 3.041 -0.396 2.26
 endloop
endfacet
facet normal -0.621 0.042 -0.783
 outer loop
  vertex 3.916 -0 1.587
  vertex 3.886 -0.493 1.584
  vertex 3.041 -0.396 2.26
 endloop
endfacet
facet normal -0.611 0.126 -0.782
 outer loop
  vertex 3.041 -0.396 2.26
  vertex 3.886 -0.493 1.584
  vertex 2.968 -0.787 2.254
 endloop
endfacet
facet normal -0.611 0.126 -0.782
 outer loop
  vertex 3.886 -0.493 1.584
  vertex 3.796 -0.979 1.576
  vertex 2.968 -0.787 2.254
 endloop
endfacet
facet normal -0.59 0.209 -0.78
 outer loop
  vertex 2.968 -0.787 2.254
  vertex 3.796 -0.979 1.576
  vertex 2.848 -1.165 2.243
 endloop
endfacet
facet normal -0.59 0.209 -0.78
 outer loop
  vertex 3.796 -0.979 1.576
  vertex 3.646 -1.45 1.563
  vertex 2.848 -1.165 2.243
 endloop
endfacet
facet normal -0.559 0.288 -0.777
 outer loop
  vertex 2.848 -1.165 2.243
  vertex 3.646 -1.45 1.563
  vertex 2.683 -1.526 2.229
 endloop
endfacet
facet normal -0.559 0.288 -0.777
 outer loop
  vertex 3.646 -1.45 1.563
  vertex 3.44 -1.9 1.545
  vertex 2.683 -1.526 2.229
 endloop
endfacet
facet normal -0.52 0.362 -0.774
 outer loop
  vertex 2.683 -1.526 2.229
  vertex 3.44 -1.9 1.545
  vertex 2.474 -1.864 2.211
 endloop
endfacet
facet normal -0.52 0.362 -0.774
 outer loop
  vertex 3.44 -1.9 1.545
  vertex 3.181 -2.32 1.523
  vertex 2.474 -1.864 2.211
 endloop
endfacet
facet normal -0.471 0.431 -0.77
 outer loop
  vertex 2.474 -1.864 2.211
  vertex 3.181 -2.32 1.523
  vertex 2.226 -2.173 2.189
 endloop
endfacet
facet normal -0.471 0.431 -0.77
 outer loop
  vertex 3.181 -2.32 1.523
  vertex 2.872 -2.705 1.496
  vertex 2.226 -2.173 2.189
 endloop
endfacet
facet normal -0.414 0.494 -0.765
 outer loop
  vertex 2.226 -2.173 2.189
  vertex 2.872 -2.705 1.496
  vertex 1.942 -2.45 2.164
 endloop
endfacet
facet normal -0.414 0.494 -0.765
 outer loop
  vertex 2.872 -2.705 1.496
  vertex 2.519 -3.049 1.465
  vertex 1.942 -2.45 2.164
 endloop
endfacet
facet normal -0.35 0.549 -0.759
 outer loop
  vertex 1.942 -2.45 2.164
  vertex 2.519 -3.049 1.465
  vertex 1.626 -2.689 2.136
 endloop
endfacet
facet normal -0.35 0.549 -0.759
 outer loop
  vertex 2.519 -3.049 1.465
  vertex 2.126 -3.347 1.43
  vertex 1.626 -2.689 2.136
 endloop
endfacet
facet normal -0.279 0.596 -0.753
 outer loop
  vertex 1.626 -2.689 2.136
  vertex 2.126 -3.347 1.43
  vertex 1.284 -2.888 2.107
 endloop
endfacet
facet normal -0.279 0.596 -0.753
 outer loop
  vertex 2.126 -3.347 1.43
  vertex 1.699 -3.594 1.393
  vertex 1.284 -2.888 2.107
 endloop
endfacet
facet normal -0.217 0.627 -0.748
 outer loop
  vertex 1.284 -2.888 2.107
  vertex 1.699 -3.594 1.393
  vertex 1.049 -2.994 2.086
 endloop
endfacet
facet normal -0.205 0.636 -0.744
 outer loop
  vertex 1.699 -3.594 1.393
  vertex 1.246 -3.787 1.353
  vertex 1.049 -2.994 2.086
 endloop
endfacet
facet normal -0.178 0.643 -0.745
 outer loop
  vertex 1.049 -2.994 2.086
  vertex 1.246 -3.787 1.353
  vertex 0.919 -3.043 2.075
 endloop
endfacet
facet normal -0.139 0.657 -0.741
 outer loop
  vertex 0.919 -3.043 2.075
  vertex 1.246 -3.787 1.353
  vertex 0.679 -3.117 2.054
 endloop
endfacet
facet normal -0.125 0.664 -0.737
 outer loop
  vertex 0.679 -3.117 2.054
  vertex 1.246 -3.787 1.353
  vertex 0.772 -3.922 1.312
 endloop
endfacet
facet normal -0.098 0.668 -0.738
 outer loop
  vertex 0.679 -3.117 2.054
  vertex 0.772 -3.922 1.312
  vertex 0.539 -3.151 2.041
 endloop
endfacet
facet normal -0.057 0.677 -0.734
 outer loop
  vertex 0.539 -3.151 2.041
  vertex 0.772 -3.922 1.312
  vertex 0.295 -3.195 2.02
 endloop
endfacet
facet normal -0.043 0.683 -0.73
 outer loop
  vertex 0.772 -3.922 1.312
  vertex 0.285 -3.998 1.269
  vertex 0.295 -3.195 2.02
 endloop
endfacet
facet normal -0.024 0.683 -0.73
 outer loop
  vertex 0.295 -3.195 2.02
  vertex 0.285 -3.998 1.269
  vertex 0.222 -3.204 2.014
 endloop
endfacet
facet normal 0.098 0.687 -0.72
 outer loop
  vertex -0.372 -3.204 1.975
  vertex -0.248 -3.214 1.983
  vertex -0.207 -4.013 1.226
 endloop
endfacet
facet normal 0.069 0.687 -0.723
 outer loop
  vertex -0.207 -4.013 1.226
  vertex -0.248 -3.214 1.983
  vertex -0.099 -3.218 1.993
 endloop
endfacet
facet normal 0.042 0.69 -0.722
 outer loop
  vertex -0.207 -4.013 1.226
  vertex -0.099 -3.218 1.993
  vertex 0.285 -3.998 1.269
 endloop
endfacet
facet normal 0.026 0.687 -0.727
 outer loop
  vertex 0.285 -3.998 1.269
  vertex -0.099 -3.218 1.993
  vertex 0.147 -3.211 2.009
 endloop
endfacet
facet normal -0.008 0.684 -0.73
 outer loop
  vertex 0.285 -3.998 1.269
  vertex 0.147 -3.211 2.009
  vertex 0.222 -3.204 2.014
 endloop
endfacet
facet normal 0.124 0.687 -0.716
 outer loop
  vertex -0.372 -3.204 1.975
  vertex -0.207 -4.013 1.226
  vertex -0.495 -3.194 1.964
 endloop
endfacet
facet normal 0.127 0.688 -0.715
 outer loop
  vertex -0.495 -3.194 1.964
  vertex -0.207 -4.013 1.226
  vertex -0.697 -3.968 1.183
 endloop
endfacet
facet normal 0.153 0.682 -0.716
 outer loop
  vertex -0.495 -3.194 1.964
  vertex -0.697 -3.968 1.183
  vertex -0.641 -3.174 1.951
 endloop
endfacet
facet normal 0.195 0.675 -0.712
 outer loop
  vertex -0.641 -3.174 1.951
  vertex -0.697 -3.968 1.183
  vertex -0.886 -3.126 1.93
 endloop
endfacet
facet normal 0.21 0.675 -0.708
 outer loop
  vertex -0.697 -3.968 1.183
  vertex -1.178 -3.862 1.141
  vertex -0.886 -3.126 1.93
 endloop
endfacet
facet normal 0.236 0.665 -0.708
 outer loop
  vertex -0.886 -3.126 1.93
  vertex -1.178 -3.862 1.141
  vertex -1.026 -3.09 1.918
 endloop
endfacet
facet normal 0.291 0.649 -0.703
 outer loop
  vertex -1.026 -3.09 1.918
  vertex -1.178 -3.862 1.141
  vertex -1.397 -2.958 1.885
 endloop
endfacet
facet normal 0.291 0.649 -0.703
 outer loop
  vertex -1.397 -2.958 1.885
  vertex -1.178 -3.862 1.141
  vertex -1.643 -3.698 1.101
 endloop
endfacet
facet normal 0.369 0.616 -0.696
 outer loop
  vertex -1.397 -2.958 1.885
  vertex -1.643 -3.698 1.101
  vertex -1.75 -2.782 1.854
 endloop
endfacet
facet normal 0.369 0.616 -0.696
 outer loop
  vertex -1.75 -2.782 1.854
  vertex -1.643 -3.698 1.101
  vertex -2.084 -3.477 1.062
 endloop
endfacet
facet normal 0.442 0.574 -0.69
 outer loop
  vertex -1.75 -2.782 1.854
  vertex -2.084 -3.477 1.062
  vertex -2.078 -2.563 1.825
 endloop
endfacet
facet normal 0.442 0.574 -0.69
 outer loop
  vertex -2.078 -2.563 1.825
  vertex -2.084 -3.477 1.062
  vertex -2.494 -3.204 1.026
 endloop
endfacet
facet normal 0.509 0.523 -0.684
 outer loop
  vertex -2.078 -2.563 1.825
  vertex -2.494 -3.204 1.026
  vertex -2.378 -2.306 1.799
 endloop
endfacet
facet normal 0.509 0.523 -0.684
 outer loop
  vertex -2.378 -2.306 1.799
  vertex -2.494 -3.204 1.026
  vertex -2.868 -2.883 0.993
 endloop
endfacet
facet normal 0.57 0.464 -0.679
 outer loop
  vertex -2.378 -2.306 1.799
  vertex -2.868 -2.883 0.993
  vertex -2.643 -2.014 1.776
 endloop
endfacet
facet normal 0.57 0.464 -0.679
 outer loop
  vertex -2.643 -2.014 1.776
  vertex -2.868 -2.883 0.993
  vertex -3.2 -2.517 0.964
 endloop
endfacet
facet normal 0.623 0.398 -0.674
 outer loop
  vertex -2.643 -2.014 1.776
  vertex -3.2 -2.517 0.964
  vertex -2.871 -1.691 1.756
 endloop
endfacet
facet normal 0.623 0.398 -0.674
 outer loop
  vertex -2.871 -1.691 1.756
  vertex -3.2 -2.517 0.964
  vertex -3.485 -2.114 0.94
 endloop
endfacet
facet normal 0.667 0.326 -0.67
 outer loop
  vertex -2.871 -1.691 1.756
  vertex -3.485 -2.114 0.94
  vertex -3.057 -1.343 1.74
 endloop
endfacet
facet normal 0.667 0.326 -0.67
 outer loop
  vertex -3.057 -1.343 1.74
  vertex -3.485 -2.114 0.94
  vertex -3.718 -1.678 0.919
 endloop
endfacet
facet normal 0.702 0.249 -0.667
 outer loop
  vertex -3.057 -1.343 1.74
  vertex -3.718 -1.678 0.919
  vertex -3.199 -0.974 1.727
 endloop
endfacet
facet normal 0.702 0.249 -0.667
 outer loop
  vertex -3.199 -0.974 1.727
  vertex -3.718 -1.678 0.919
  vertex -3.895 -1.217 0.904
 endloop
endfacet
facet normal 0.728 0.168 -0.665
 outer loop
  vertex -3.199 -0.974 1.727
  vertex -3.895 -1.217 0.904
  vertex -3.295 -0.59 1.719
 endloop
endfacet
facet normal 0.728 0.168 -0.665
 outer loop
  vertex -3.295 -0.59 1.719
  vertex -3.895 -1.217 0.904
  vertex -4.016 -0.738 0.893
 endloop
endfacet
facet normal 0.743 0.085 -0.663
 outer loop
  vertex -3.295 -0.59 1.719
  vertex -4.016 -0.738 0.893
  vertex -3.344 -0.198 1.715
 endloop
endfacet
facet normal -0.748 -0.021 0.663
 outer loop
  vertex 3.306 0.204 0.687
  vertex 3.313 0 0.688
  vertex 3.934 -0 1.388
 endloop
endfacet
facet normal -0.748 0.021 0.663
 outer loop
  vertex 3.934 -0 1.388
  vertex 3.313 0 0.688
  vertex 3.306 -0.204 0.687
 endloop
endfacet
facet normal -0.75 0.043 0.66
 outer loop
  vertex 3.934 -0 1.388
  vertex 3.306 -0.204 0.687
  vertex 3.903 -0.493 1.385
 endloop
endfacet
facet normal -0.745 0.063 0.664
 outer loop
  vertex 3.903 -0.493 1.385
  vertex 3.306 -0.204 0.687
  vertex 3.288 -0.41 0.686
 endloop
endfacet
facet normal -0.74 0.105 0.664
 outer loop
  vertex 3.903 -0.493 1.385
  vertex 3.288 -0.41 0.686
  vertex 3.259 -0.609 0.685
 endloop
endfacet
facet normal -0.74 0.127 0.66
 outer loop
  vertex 3.903 -0.493 1.385
  vertex 3.259 -0.609 0.685
  vertex 3.813 -0.979 1.377
 endloop
endfacet
facet normal -0.732 0.147 0.665
 outer loop
  vertex 3.813 -0.979 1.377
  vertex 3.259 -0.609 0.685
  vertex 3.216 -0.814 0.683
 endloop
endfacet
facet normal -0.722 0.188 0.666
 outer loop
  vertex 3.813 -0.979 1.377
  vertex 3.216 -0.814 0.683
  vertex 3.163 -1.006 0.68
 endloop
endfacet
facet normal -0.719 0.21 0.662
 outer loop
  vertex 3.813 -0.979 1.377
  vertex 3.163 -1.006 0.68
  vertex 3.664 -1.45 1.364
 endloop
endfacet
facet normal -0.71 0.228 0.667
 outer loop
  vertex 3.664 -1.45 1.364
  vertex 3.163 -1.006 0.68
  vertex 3.096 -1.208 0.677
 endloop
endfacet
facet normal -0.694 0.267 0.668
 outer loop
  vertex 3.664 -1.45 1.364
  vertex 3.096 -1.208 0.677
  vertex 3.022 -1.39 0.673
 endloop
endfacet
facet normal -0.689 0.289 0.665
 outer loop
  vertex 3.664 -1.45 1.364
  vertex 3.022 -1.39 0.673
  vertex 3.458 -1.9 1.346
 endloop
endfacet
facet normal -0.677 0.306 0.67
 outer loop
  vertex 3.458 -1.9 1.346
  vertex 3.022 -1.39 0.673
  vertex 2.93 -1.585 0.669
 endloop
endfacet
facet normal -0.657 0.343 0.671
 outer loop
  vertex 3.458 -1.9 1.346
  vertex 2.93 -1.585 0.669
  vertex 2.836 -1.756 0.664
 endloop
endfacet
facet normal -0.649 0.364 0.668
 outer loop
  vertex 3.458 -1.9 1.346
  vertex 2.836 -1.756 0.664
  vertex 3.199 -2.32 1.323
 endloop
endfacet
facet normal -0.635 0.379 0.673
 outer loop
  vertex 3.199 -2.32 1.323
  vertex 2.836 -1.756 0.664
  vertex 2.72 -1.941 0.659
 endloop
endfacet
facet normal -0.611 0.413 0.676
 outer loop
  vertex 3.199 -2.32 1.323
  vertex 2.72 -1.941 0.659
  vertex 2.607 -2.098 0.653
 endloop
endfacet
facet normal -0.6 0.434 0.673
 outer loop
  vertex 3.199 -2.32 1.323
  vertex 2.607 -2.098 0.653
  vertex 2.89 -2.705 1.296
 endloop
endfacet
facet normal -0.584 0.446 0.678
 outer loop
  vertex 2.89 -2.705 1.296
  vertex 2.607 -2.098 0.653
  vertex 2.468 -2.27 0.647
 endloop
endfacet
facet normal -0.556 0.477 0.68
 outer loop
  vertex 2.89 -2.705 1.296
  vertex 2.468 -2.27 0.647
  vertex 2.339 -2.412 0.64
 endloop
endfacet
facet normal -0.543 0.497 0.677
 outer loop
  vertex 2.89 -2.705 1.296
  vertex 2.339 -2.412 0.64
  vertex 2.536 -3.049 1.266
 endloop
endfacet
facet normal -0.526 0.507 0.683
 outer loop
  vertex 2.536 -3.049 1.266
  vertex 2.339 -2.412 0.64
  vertex 2.178 -2.568 0.633
 endloop
endfacet
facet normal -0.494 0.534 0.686
 outer loop
  vertex 2.536 -3.049 1.266
  vertex 2.178 -2.568 0.633
  vertex 2.034 -2.693 0.626
 endloop
endfacet
facet normal -0.478 0.552 0.683
 outer loop
  vertex 2.536 -3.049 1.266
  vertex 2.034 -2.693 0.626
  vertex 2.143 -3.347 1.231
 endloop
endfacet
facet normal -0.461 0.56 0.689
 outer loop
  vertex 2.143 -3.347 1.231
  vertex 2.034 -2.693 0.626
  vertex 1.853 -2.83 0.617
 endloop
endfacet
facet normal -0.425 0.584 0.692
 outer loop
  vertex 2.143 -3.347 1.231
  vertex 1.853 -2.83 0.617
  vertex 1.695 -2.936 0.609
 endloop
endfacet
facet normal -0.408 0.599 0.689
 outer loop
  vertex 2.143 -3.347 1.231
  vertex 1.695 -2.936 0.609
  vertex 1.717 -3.594 1.194
 endloop
endfacet
facet normal -0.389 0.605 0.695
 outer loop
  vertex 1.717 -3.594 1.194
  vertex 1.695 -2.936 0.609
  vertex 1.498 -3.053 0.6
 endloop
endfacet
facet normal -0.352 0.624 0.698
 outer loop
  vertex 1.717 -3.594 1.194
  vertex 1.498 -3.053 0.6
  vertex 1.329 -3.139 0.592
 endloop
endfacet
facet normal -0.332 0.637 0.696
 outer loop
  vertex 1.717 -3.594 1.194
  vertex 1.329 -3.139 0.592
  vertex 1.263 -3.787 1.154
 endloop
endfacet
facet normal -0.312 0.64 0.702
 outer loop
  vertex 1.263 -3.787 1.154
  vertex 1.329 -3.139 0.592
  vertex 1.117 -3.231 0.581
 endloop
endfacet
facet normal -0.273 0.655 0.705
 outer loop
  vertex 1.263 -3.787 1.154
  vertex 1.117 -3.231 0.581
  vertex 0.938 -3.296 0.573
 endloop
endfacet
facet normal -0.252 0.666 0.703
 outer loop
  vertex 1.263 -3.787 1.154
  vertex 0.938 -3.296 0.573
  vertex 0.789 -3.922 1.113
 endloop
endfacet
facet normal -0.233 0.666 0.709
 outer loop
  vertex 0.789 -3.922 1.113
  vertex 0.938 -3.296 0.573
  vertex 0.715 -3.363 0.562
 endloop
endfacet
facet normal -0.191 0.675 0.712
 outer loop
  vertex 0.789 -3.922 1.113
  vertex 0.715 -3.363 0.562
  vertex 0.529 -3.406 0.553
 endloop
endfacet
facet normal -0.169 0.684 0.71
 outer loop
  vertex 0.789 -3.922 1.113
  vertex 0.529 -3.406 0.553
  vertex 0.303 -3.998 1.07
 endloop
endfacet
facet normal -0.149 0.682 0.716
 outer loop
  vertex 0.303 -3.998 1.07
  vertex 0.529 -3.406 0.553
  vertex 0.298 -3.445 0.542
 endloop
endfacet
facet normal -0.108 0.686 0.72
 outer loop
  vertex 0.303 -3.998 1.07
  vertex 0.298 -3.445 0.542
  vertex 0.107 -3.465 0.533
 endloop
endfacet
facet normal -0.084 0.692 0.717
 outer loop
  vertex 0.303 -3.998 1.07
  vertex 0.107 -3.465 0.533
  vertex -0.189 -4.013 1.027
 endloop
endfacet
facet normal -0.065 0.688 0.723
 outer loop
  vertex -0.189 -4.013 1.027
  vertex 0.107 -3.465 0.533
  vertex -0.129 -3.476 0.522
 endloop
endfacet
facet normal -0.023 0.686 0.727
 outer loop
  vertex -0.189 -4.013 1.027
  vertex -0.129 -3.476 0.522
  vertex -0.322 -3.473 0.512
 endloop
endfacet
facet normal 0.001 0.69 0.724
 outer loop
  vertex -0.189 -4.013 1.027
  vertex -0.322 -3.473 0.512
  vertex -0.68 -3.968 0.984
 endloop
endfacet
facet normal 0.019 0.683 0.731
 outer loop
  vertex -0.68 -3.968 0.984
  vertex -0.322 -3.473 0.512
  vertex -0.558 -3.454 0.501
 endloop
endfacet
facet normal 0.061 0.676 0.734
 outer loop
  vertex -0.68 -3.968 0.984
  vertex -0.558 -3.454 0.501
  vertex -0.75 -3.427 0.492
 endloop
endfacet
facet normal 0.085 0.677 0.731
 outer loop
  vertex -0.68 -3.968 0.984
  vertex -0.75 -3.427 0.492
  vertex -1.161 -3.862 0.942
 endloop
endfacet
facet normal 0.102 0.667 0.738
 outer loop
  vertex -1.161 -3.862 0.942
  vertex -0.75 -3.427 0.492
  vertex -0.983 -3.379 0.481
 endloop
endfacet
facet normal 0.142 0.656 0.741
 outer loop
  vertex -1.161 -3.862 0.942
  vertex -0.983 -3.379 0.481
  vertex -1.173 -3.328 0.472
 endloop
endfacet
facet normal 0.167 0.654 0.738
 outer loop
  vertex -1.161 -3.862 0.942
  vertex -1.173 -3.328 0.472
  vertex -1.625 -3.698 0.901
 endloop
endfacet
facet normal 0.182 0.642 0.745
 outer loop
  vertex -1.625 -3.698 0.901
  vertex -1.173 -3.328 0.472
  vertex -1.397 -3.251 0.461
 endloop
endfacet
facet normal 0.221 0.625 0.748
 outer loop
  vertex -1.625 -3.698 0.901
  vertex -1.397 -3.251 0.461
  vertex -1.581 -3.176 0.452
 endloop
endfacet
facet normal 0.245 0.62 0.745
 outer loop
  vertex -1.625 -3.698 0.901
  vertex -1.581 -3.176 0.452
  vertex -2.066 -3.477 0.863
 endloop
endfacet
facet normal 0.259 0.607 0.752
 outer loop
  vertex -2.066 -3.477 0.863
  vertex -1.581 -3.176 0.452
  vertex -1.795 -3.072 0.442
 endloop
endfacet
facet normal 0.296 0.585 0.755
 outer loop
  vertex -2.066 -3.477 0.863
  vertex -1.795 -3.072 0.442
  vertex -1.97 -2.973 0.434
 endloop
endfacet
facet normal 0.319 0.578 0.751
 outer loop
  vertex -2.066 -3.477 0.863
  vertex -1.97 -2.973 0.434
  vertex -2.477 -3.204 0.827
 endloop
endfacet
facet normal 0.331 0.562 0.758
 outer loop
  vertex -2.477 -3.204 0.827
  vertex -1.97 -2.973 0.434
  vertex -2.168 -2.843 0.424
 endloop
endfacet
facet normal 0.365 0.537 0.761
 outer loop
  vertex -2.477 -3.204 0.827
  vertex -2.168 -2.843 0.424
  vertex -2.331 -2.721 0.417
 endloop
endfacet
facet normal 0.387 0.527 0.757
 outer loop
  vertex -2.477 -3.204 0.827
  vertex -2.331 -2.721 0.417
  vertex -2.851 -2.883 0.794
 endloop
endfacet
facet normal 0.397 0.509 0.764
 outer loop
  vertex -2.851 -2.883 0.794
  vertex -2.331 -2.721 0.417
  vertex -2.511 -2.568 0.408
 endloop
endfacet
facet normal 0.428 0.479 0.766
 outer loop
  vertex -2.851 -2.883 0.794
  vertex -2.511 -2.568 0.408
  vertex -2.66 -2.425 0.401
 endloop
endfacet
facet normal 0.448 0.467 0.762
 outer loop
  vertex -2.851 -2.883 0.794
  vertex -2.66 -2.425 0.401
  vertex -3.183 -2.517 0.765
 endloop
endfacet
facet normal 0.456 0.448 0.769
 outer loop
  vertex -3.183 -2.517 0.765
  vertex -2.66 -2.425 0.401
  vertex -2.818 -2.251 0.394
 endloop
endfacet
facet normal 0.482 0.415 0.771
 outer loop
  vertex -3.183 -2.517 0.765
  vertex -2.818 -2.251 0.394
  vertex -2.949 -2.087 0.387
 endloop
endfacet
facet normal 0.501 0.401 0.767
 outer loop
  vertex -3.183 -2.517 0.765
  vertex -2.949 -2.087 0.387
  vertex -3.467 -2.114 0.74
 endloop
endfacet
facet normal 0.507 0.381 0.773
 outer loop
  vertex -3.467 -2.114 0.74
  vertex -2.949 -2.087 0.387
  vertex -3.083 -1.896 0.381
 endloop
endfacet
facet normal 0.529 0.344 0.775
 outer loop
  vertex -3.467 -2.114 0.74
  vertex -3.083 -1.896 0.381
  vertex -3.193 -1.715 0.376
 endloop
endfacet
facet normal 0.546 0.328 0.77
 outer loop
  vertex -3.467 -2.114 0.74
  vertex -3.193 -1.715 0.376
  vertex -3.7 -1.678 0.72
 endloop
endfacet
facet normal 0.549 0.307 0.777
 outer loop
  vertex -3.7 -1.678 0.72
  vertex -3.193 -1.715 0.376
  vertex -3.301 -1.509 0.371
 endloop
endfacet
facet normal 0.567 0.269 0.779
 outer loop
  vertex -3.7 -1.678 0.72
  vertex -3.301 -1.509 0.371
  vertex -3.388 -1.313 0.366
 endloop
endfacet
facet normal 0.582 0.251 0.773
 outer loop
  vertex -3.7 -1.678 0.72
  vertex -3.388 -1.313 0.366
  vertex -3.878 -1.217 0.704
 endloop
endfacet
facet normal 0.582 0.229 0.78
 outer loop
  vertex -3.878 -1.217 0.704
  vertex -3.388 -1.313 0.366
  vertex -3.468 -1.097 0.363
 endloop
endfacet
facet normal 0.595 0.189 0.781
 outer loop
  vertex -3.878 -1.217 0.704
  vertex -3.468 -1.097 0.363
  vertex -3.53 -0.888 0.36
 endloop
endfacet
facet normal 0.608 0.169 0.776
 outer loop
  vertex -3.878 -1.217 0.704
  vertex -3.53 -0.888 0.36
  vertex -3.998 -0.738 0.694
 endloop
endfacet
facet normal 0.606 0.148 0.782
 outer loop
  vertex -3.998 -0.738 0.694
  vertex -3.53 -0.888 0.36
  vertex -3.581 -0.666 0.357
 endloop
endfacet
facet normal 0.614 0.106 0.783
 outer loop
  vertex -3.998 -0.738 0.694
  vertex -3.581 -0.666 0.357
  vertex -3.617 -0.448 0.356
 endloop
endfacet
facet normal 0.624 0.085 0.777
 outer loop
  vertex -3.998 -0.738 0.694
  vertex -3.617 -0.448 0.356
  vertex -4.059 -0.247 0.689
 endloop
endfacet
facet normal 0.619 0.064 0.783
 outer loop
  vertex -4.059 -0.247 0.689
  vertex -3.617 -0.448 0.356
  vertex -3.638 -0.223 0.355
 endloop
endfacet
facet normal 0.621 0.021 0.783
 outer loop
  vertex -4.059 -0.247 0.689
  vertex -3.638 -0.223 0.355
  vertex -4.066 0 0.688
 endloop
endfacet
facet normal 0.621 0.021 0.783
 outer loop
  vertex -4.066 0 0.688
  vertex -3.638 -0.223 0.355
  vertex -3.646 -0 0.354
 endloop
endfacet
facet normal 0.621 -0.021 0.783
 outer loop
  vertex -4.066 0 0.688
  vertex -3.646 -0 0.354
  vertex -4.059 0.247 0.689
 endloop
endfacet
facet normal 0.621 -0.021 0.783
 outer loop
  vertex -4.059 0.247 0.689
  vertex -3.646 -0 0.354
  vertex -3.638 0.223 0.355
 endloop
endfacet
facet normal 0.619 -0.064 0.783
 outer loop
  vertex -4.059 0.247 0.689
  vertex -3.638 0.223 0.355
  vertex -3.617 0.448 0.356
 endloop
endfacet
facet normal 0.624 -0.085 0.777
 outer loop
  vertex -4.059 0.247 0.689
  vertex -3.617 0.448 0.356
  vertex -3.998 0.738 0.694
 endloop
endfacet
facet normal 0.614 -0.106 0.783
 outer loop
  vertex -3.998 0.738 0.694
  vertex -3.617 0.448 0.356
  vertex -3.581 0.666 0.357
 endloop
endfacet
facet normal 0.606 -0.148 0.782
 outer loop
  vertex -3.998 0.738 0.694
  vertex -3.581 0.666 0.357
  vertex -3.53 0.888 0.36
 endloop
endfacet
facet normal 0.608 -0.169 0.776
 outer loop
  vertex -3.998 0.738 0.694
  vertex -3.53 0.888 0.36
  vertex -3.878 1.217 0.704
 endloop
endfacet
facet normal 0.595 -0.189 0.781
 outer loop
  vertex -3.878 1.217 0.704
  vertex -3.53 0.888 0.36
  vertex -3.468 1.097 0.363
 endloop
endfacet
facet normal 0.582 -0.229 0.78
 outer loop
  vertex -3.878 1.217 0.704
  vertex -3.468 1.097 0.363
  vertex -3.388 1.313 0.366
 endloop
endfacet
facet normal 0.582 -0.251 0.773
 outer loop
  vertex -3.878 1.217 0.704
  vertex -3.388 1.313 0.366
  vertex -3.7 1.678 0.72
 endloop
endfacet
facet normal 0.567 -0.269 0.779
 outer loop
  vertex -3.7 1.678 0.72
  vertex -3.388 1.313 0.366
  vertex -3.301 1.509 0.371
 endloop
endfacet
facet normal 0.549 -0.307 0.777
 outer loop
  vertex -3.7 1.678 0.72
  vertex -3.301 1.509 0.371
  vertex -3.193 1.715 0.376
 endloop
endfacet
facet normal 0.546 -0.328 0.77
 outer loop
  vertex -3.7 1.678 0.72
  vertex -3.193 1.715 0.376
  vertex -3.467 2.114 0.74
 endloop
endfacet
facet normal 0.529 -0.344 0.775
 outer loop
  vertex -3.467 2.114 0.74
  vertex -3.193 1.715 0.376
  vertex -3.083 1.896 0.381
 endloop
endfacet
facet normal 0.507 -0.381 0.773
 outer loop
  vertex -3.467 2.114 0.74
  vertex -3.083 1.896 0.381
  vertex -2.949 2.087 0.387
 endloop
endfacet
facet normal 0.501 -0.401 0.767
 outer loop
  vertex -3.467 2.114 0.74
  vertex -2.949 2.087 0.387
  vertex -3.183 2.517 0.765
 endloop
endfacet
facet normal 0.482 -0.415 0.771
 outer loop
  vertex -3.183 2.517 0.765
  vertex -2.949 2.087 0.387
  vertex -2.818 2.251 0.394
 endloop
endfacet
facet normal 0.456 -0.448 0.769
 outer loop
  vertex -3.183 2.517 0.765
  vertex -2.818 2.251 0.394
  vertex -2.66 2.425 0.401
 endloop
endfacet
facet normal 0.448 -0.467 0.762
 outer loop
  vertex -3.183 2.517 0.765
  vertex -2.66 2.425 0.401
  vertex -2.851 2.883 0.794
 endloop
endfacet
facet normal 0.428 -0.479 0.766
 outer loop
  vertex -2.851 2.883 0.794
  vertex -2.66 2.425 0.401
  vertex -2.511 2.568 0.408
 endloop
endfacet
facet normal 0.397 -0.509 0.764
 outer loop
  vertex -2.851 2.883 0.794
  vertex -2.511 2.568 0.408
  vertex -2.331 2.721 0.417
 endloop
endfacet
facet normal 0.387 -0.527 0.757
 outer loop
  vertex -2.851 2.883 0.794
  vertex -2.331 2.721 0.417
  vertex -2.477 3.204 0.827
 endloop
endfacet
facet normal 0.365 -0.537 0.761
 outer loop
  vertex -2.477 3.204 0.827
  vertex -2.331 2.721 0.417
  vertex -2.168 2.843 0.424
 endloop
endfacet
facet normal 0.331 -0.562 0.758
 outer loop
  vertex -2.477 3.204 0.827
  vertex -2.168 2.843 0.424
  vertex -1.97 2.973 0.434
 endloop
endfacet
facet normal 0.319 -0.578 0.751
 outer loop
  vertex -2.477 3.204 0.827
  vertex -1.97 2.973 0.434
  vertex -2.066 3.477 0.863
 endloop
endfacet
facet normal 0.296 -0.585 0.755
 outer loop
  vertex -2.066 3.477 0.863
  vertex -1.97 2.973 0.434
  vertex -1.795 3.072 0.442
 endloop
endfacet
facet normal 0.259 -0.607 0.752
 outer loop
  vertex -2.066 3.477 0.863
  vertex -1.795 3.072 0.442
  vertex -1.581 3.176 0.452
 endloop
endfacet
facet normal 0.245 -0.62 0.745
 outer loop
  vertex -2.066 3.477 0.863
  vertex -1.581 3.176 0.452
  vertex -1.625 3.698 0.901
 endloop
endfacet
facet normal 0.221 -0.625 0.748
 outer loop
  vertex -1.625 3.698 0.901
  vertex -1.581 3.176 0.452
  vertex -1.397 3.251 0.461
 endloop
endfacet
facet normal 0.182 -0.642 0.745
 outer loop
  vertex -1.625 3.698 0.901
  vertex -1.397 3.251 0.461
  vertex -1.173 3.328 0.472
 endloop
endfacet
facet normal 0.167 -0.654 0.738
 outer loop
  vertex -1.625 3.698 0.901
  vertex -1.173 3.328 0.472
  vertex -1.161 3.862 0.942
 endloop
endfacet
facet normal 0.142 -0.656 0.741
 outer loop
  vertex -1.161 3.862 0.942
  vertex -1.173 3.328 0.472
  vertex -0.983 3.379 0.481
 endloop
endfacet
facet normal 0.102 -0.667 0.738
 outer loop
  vertex -1.161 3.862 0.942
  vertex -0.983 3.379 0.481
  vertex -0.75 3.427 0.492
 endloop
endfacet
facet normal 0.085 -0.677 0.731
 outer loop
  vertex -1.161 3.862 0.942
  vertex -0.75 3.427 0.492
  vertex -0.68 3.968 0.984
 endloop
endfacet
facet normal 0.061 -0.676 0.734
 outer loop
  vertex -0.68 3.968 0.984
  vertex -0.75 3.427 0.492
  vertex -0.558 3.454 0.501
 endloop
endfacet
facet normal 0.019 -0.683 0.731
 outer loop
  vertex -0.68 3.968 0.984
  vertex -0.558 3.454 0.501
  vertex -0.322 3.473 0.512
 endloop
endfacet
facet normal 0.001 -0.69 0.724
 outer loop
  vertex -0.68 3.968 0.984
  vertex -0.322 3.473 0.512
  vertex -0.189 4.013 1.027
 endloop
endfacet
facet normal -0.023 -0.686 0.727
 outer loop
  vertex -0.189 4.013 1.027
  vertex -0.322 3.473 0.512
  vertex -0.129 3.476 0.522
 endloop
endfacet
facet normal -0.065 -0.688 0.723
 outer loop
  vertex -0.189 4.013 1.027
  vertex -0.129 3.476 0.522
  vertex 0.107 3.465 0.533
 endloop
endfacet
facet normal -0.084 -0.692 0.717
 outer loop
  vertex -0.189 4.013 1.027
  vertex 0.107 3.465 0.533
  vertex 0.303 3.998 1.07
 endloop
endfacet
facet normal -0.108 -0.686 0.72
 outer loop
  vertex 0.303 3.998 1.07
  vertex 0.107 3.465 0.533
  vertex 0.298 3.445 0.542
 endloop
endfacet
facet normal -0.149 -0.682 0.716
 outer loop
  vertex 0.303 3.998 1.07
  vertex 0.298 3.445 0.542
  vertex 0.529 3.406 0.553
 endloop
endfacet
facet normal -0.169 -0.684 0.71
 outer loop
  vertex 0.303 3.998 1.07
  vertex 0.529 3.406 0.553
  vertex 0.789 3.922 1.113
 endloop
endfacet
facet normal -0.191 -0.675 0.712
 outer loop
  vertex 0.789 3.922 1.113
  vertex 0.529 3.406 0.553
  vertex 0.715 3.363 0.562
 endloop
endfacet
facet normal -0.233 -0.666 0.709
 outer loop
  vertex 0.789 3.922 1.113
  vertex 0.715 3.363 0.562
  vertex 0.938 3.296 0.573
 endloop
endfacet
facet normal -0.252 -0.666 0.703
 outer loop
  vertex 0.789 3.922 1.113
  vertex 0.938 3.296 0.573
  vertex 1.263 3.787 1.154
 endloop
endfacet
facet normal -0.273 -0.655 0.705
 outer loop
  vertex 1.263 3.787 1.154
  vertex 0.938 3.296 0.573
  vertex 1.117 3.231 0.581
 endloop
endfacet
facet normal -0.312 -0.64 0.702
 outer loop
  vertex 1.263 3.787 1.154
  vertex 1.117 3.231 0.581
  vertex 1.329 3.139 0.592
 endloop
endfacet
facet normal -0.332 -0.637 0.696
 outer loop
  vertex 1.263 3.787 1.154
  vertex 1.329 3.139 0.592
  vertex 1.717 3.594 1.194
 endloop
endfacet
facet normal -0.352 -0.624 0.698
 outer loop
  vertex 1.717 3.594 1.194
  vertex 1.329 3.139 0.592
  vertex 1.498 3.053 0.6
 endloop
endfacet
facet normal -0.389 -0.605 0.695
 outer loop
  vertex 1.717 3.594 1.194
  vertex 1.498 3.053 0.6
  vertex 1.695 2.936 0.609
 endloop
endfacet
facet normal -0.408 -0.599 0.689
 outer loop
  vertex 1.717 3.594 1.194
  vertex 1.695 2.936 0.609
  vertex 2.143 3.347 1.231
 endloop
endfacet
facet normal -0.425 -0.584 0.692
 outer loop
  vertex 2.143 3.347 1.231
  vertex 1.695 2.936 0.609
  vertex 1.853 2.83 0.617
 endloop
endfacet
facet normal -0.445 -0.571 0.69
 outer loop
  vertex 2.143 3.347 1.231
  vertex 1.853 2.83 0.617
  vertex 1.884 2.808 0.618
 endloop
endfacet
facet normal -0.464 -0.558 0.687
 outer loop
  vertex 1.884 2.808 0.618
  vertex 2.034 2.693 0.626
  vertex 2.143 3.347 1.231
 endloop
endfacet
facet normal -0.478 -0.552 0.683
 outer loop
  vertex 2.143 3.347 1.231
  vertex 2.034 2.693 0.626
  vertex 2.536 3.049 1.266
 endloop
endfacet
facet normal -0.494 -0.534 0.686
 outer loop
  vertex 2.034 2.693 0.626
  vertex 2.178 2.568 0.633
  vertex 2.536 3.049 1.266
 endloop
endfacet
facet normal -0.526 -0.507 0.683
 outer loop
  vertex 2.536 3.049 1.266
  vertex 2.178 2.568 0.633
  vertex 2.339 2.412 0.64
 endloop
endfacet
facet normal -0.543 -0.497 0.677
 outer loop
  vertex 2.536 3.049 1.266
  vertex 2.339 2.412 0.64
  vertex 2.89 2.705 1.296
 endloop
endfacet
facet normal -0.556 -0.477 0.68
 outer loop
  vertex 2.89 2.705 1.296
  vertex 2.339 2.412 0.64
  vertex 2.468 2.27 0.647
 endloop
endfacet
facet normal -0.584 -0.446 0.678
 outer loop
  vertex 2.89 2.705 1.296
  vertex 2.468 2.27 0.647
  vertex 2.607 2.098 0.653
 endloop
endfacet
facet normal -0.6 -0.434 0.673
 outer loop
  vertex 2.89 2.705 1.296
  vertex 2.607 2.098 0.653
  vertex 3.199 2.32 1.323
 endloop
endfacet
facet normal -0.611 -0.413 0.676
 outer loop
  vertex 3.199 2.32 1.323
  vertex 2.607 2.098 0.653
  vertex 2.72 1.941 0.659
 endloop
endfacet
facet normal -0.635 -0.379 0.673
 outer loop
  vertex 3.199 2.32 1.323
  vertex 2.72 1.941 0.659
  vertex 2.836 1.756 0.664
 endloop
endfacet
facet normal -0.649 -0.364 0.668
 outer loop
  vertex 3.199 2.32 1.323
  vertex 2.836 1.756 0.664
  vertex 3.458 1.9 1.346
 endloop
endfacet
facet normal -0.657 -0.343 0.671
 outer loop
  vertex 3.458 1.9 1.346
  vertex 2.836 1.756 0.664
  vertex 2.93 1.585 0.669
 endloop
endfacet
facet normal -0.677 -0.306 0.67
 outer loop
  vertex 3.458 1.9 1.346
  vertex 2.93 1.585 0.669
  vertex 3.022 1.39 0.673
 endloop
endfacet
facet normal -0.689 -0.289 0.665
 outer loop
  vertex 3.458 1.9 1.346
  vertex 3.022 1.39 0.673
  vertex 3.664 1.45 1.364
 endloop
endfacet
facet normal -0.694 -0.267 0.668
 outer loop
  vertex 3.664 1.45 1.364
  vertex 3.022 1.39 0.673
  vertex 3.096 1.208 0.677
 endloop
endfacet
facet normal -0.71 -0.228 0.667
 outer loop
  vertex 3.664 1.45 1.364
  vertex 3.096 1.208 0.677
  vertex 3.163 1.006 0.68
 endloop
endfacet
facet normal -0.719 -0.21 0.662
 outer loop
  vertex 3.664 1.45 1.364
  vertex 3.163 1.006 0.68
  vertex 3.813 0.979 1.377
 endloop
endfacet
facet normal -0.722 -0.188 0.666
 outer loop
  vertex 3.813 0.979 1.377
  vertex 3.163 1.006 0.68
  vertex 3.216 0.814 0.683
 endloop
endfacet
facet normal -0.732 -0.147 0.665
 outer loop
  vertex 3.813 0.979 1.377
  vertex 3.216 0.814 0.683
  vertex 3.259 0.609 0.685
 endloop
endfacet
facet normal -0.74 -0.127 0.66
 outer loop
  vertex 3.813 0.979 1.377
  vertex 3.259 0.609 0.685
  vertex 3.903 0.493 1.385
 endloop
endfacet
facet normal -0.74 -0.105 0.664
 outer loop
  vertex 3.903 0.493 1.385
  vertex 3.259 0.609 0.685
  vertex 3.288 0.41 0.686
 endloop
endfacet
facet normal -0.745 -0.063 0.664
 outer loop
  vertex 3.903 0.493 1.385
  vertex 3.288 0.41 0.686
  vertex 3.306 0.204 0.687
 endloop
endfacet
facet normal -0.75 -0.043 0.66
 outer loop
  vertex 3.934 -0 1.388
  vertex 3.903 0.493 1.385
  vertex 3.306 0.204 0.687
 endloop
endfacet
facet normal 0.996 0.031 0.087
 outer loop
  vertex -4.076 -0.247 0.888
  vertex -4.059 -0.247 0.689
  vertex -4.084 0 0.887
 endloop
endfacet
facet normal 0.996 0.031 0.087
 outer loop
  vertex -4.084 0 0.887
  vertex -4.059 -0.247 0.689
  vertex -4.066 0 0.688
 endloop
endfacet
facet normal 0.996 -0.031 0.087
 outer loop
  vertex -4.084 0 0.887
  vertex -4.066 0 0.688
  vertex -4.076 0.247 0.888
 endloop
endfacet
facet normal 0.996 -0.031 0.087
 outer loop
  vertex -4.076 0.247 0.888
  vertex -4.066 0 0.688
  vertex -4.059 0.247 0.689
 endloop
endfacet
facet normal 0.989 -0.123 0.086
 outer loop
  vertex -4.076 0.247 0.888
  vertex -4.059 0.247 0.689
  vertex -4.016 0.738 0.893
 endloop
endfacet
facet normal 0.989 -0.123 0.086
 outer loop
  vertex -4.016 0.738 0.893
  vertex -4.059 0.247 0.689
  vertex -3.998 0.738 0.694
 endloop
endfacet
facet normal 0.966 -0.244 0.085
 outer loop
  vertex -4.016 0.738 0.893
  vertex -3.998 0.738 0.694
  vertex -3.895 1.217 0.904
 endloop
endfacet
facet normal 0.966 -0.244 0.085
 outer loop
  vertex -3.895 1.217 0.904
  vertex -3.998 0.738 0.694
  vertex -3.878 1.217 0.704
 endloop
endfacet
facet normal 0.929 -0.361 0.081
 outer loop
  vertex -3.895 1.217 0.904
  vertex -3.878 1.217 0.704
  vertex -3.718 1.678 0.919
 endloop
endfacet
facet normal 0.929 -0.361 0.081
 outer loop
  vertex -3.718 1.678 0.919
  vertex -3.878 1.217 0.704
  vertex -3.7 1.678 0.72
 endloop
endfacet
facet normal 0.878 -0.473 0.077
 outer loop
  vertex -3.718 1.678 0.919
  vertex -3.7 1.678 0.72
  vertex -3.485 2.114 0.94
 endloop
endfacet
facet normal 0.878 -0.473 0.077
 outer loop
  vertex -3.485 2.114 0.94
  vertex -3.7 1.678 0.72
  vertex -3.467 2.114 0.74
 endloop
endfacet
facet normal 0.813 -0.578 0.071
 outer loop
  vertex -3.485 2.114 0.94
  vertex -3.467 2.114 0.74
  vertex -3.2 2.517 0.964
 endloop
endfacet
facet normal 0.813 -0.578 0.071
 outer loop
  vertex -3.2 2.517 0.964
  vertex -3.467 2.114 0.74
  vertex -3.183 2.517 0.765
 endloop
endfacet
facet normal 0.736 -0.674 0.064
 outer loop
  vertex -3.2 2.517 0.964
  vertex -3.183 2.517 0.765
  vertex -2.868 2.883 0.993
 endloop
endfacet
facet normal 0.736 -0.674 0.064
 outer loop
  vertex -2.868 2.883 0.993
  vertex -3.183 2.517 0.765
  vertex -2.851 2.883 0.794
 endloop
endfacet
facet normal 0.648 -0.759 0.057
 outer loop
  vertex -2.868 2.883 0.993
  vertex -2.851 2.883 0.794
  vertex -2.494 3.204 1.026
 endloop
endfacet
facet normal 0.648 -0.759 0.057
 outer loop
  vertex -2.494 3.204 1.026
  vertex -2.851 2.883 0.794
  vertex -2.477 3.204 0.827
 endloop
endfacet
facet normal 0.55 -0.834 0.048
 outer loop
  vertex -2.494 3.204 1.026
  vertex -2.477 3.204 0.827
  vertex -2.084 3.477 1.062
 endloop
endfacet
facet normal 0.55 -0.834 0.048
 outer loop
  vertex -2.084 3.477 1.062
  vertex -2.477 3.204 0.827
  vertex -2.066 3.477 0.863
 endloop
endfacet
facet normal 0.444 -0.895 0.039
 outer loop
  vertex -2.084 3.477 1.062
  vertex -2.066 3.477 0.863
  vertex -1.643 3.698 1.101
 endloop
endfacet
facet normal 0.444 -0.895 0.039
 outer loop
  vertex -1.643 3.698 1.101
  vertex -2.066 3.477 0.863
  vertex -1.625 3.698 0.901
 endloop
endfacet
facet normal 0.331 -0.943 0.029
 outer loop
  vertex -1.643 3.698 1.101
  vertex -1.625 3.698 0.901
  vertex -1.178 3.862 1.141
 endloop
endfacet
facet normal 0.331 -0.943 0.029
 outer loop
  vertex -1.178 3.862 1.141
  vertex -1.625 3.698 0.901
  vertex -1.161 3.862 0.942
 endloop
endfacet
facet normal 0.213 -0.977 0.019
 outer loop
  vertex -1.178 3.862 1.141
  vertex -1.161 3.862 0.942
  vertex -0.697 3.968 1.183
 endloop
endfacet
facet normal 0.213 -0.977 0.019
 outer loop
  vertex -0.697 3.968 1.183
  vertex -1.161 3.862 0.942
  vertex -0.68 3.968 0.984
 endloop
endfacet
facet normal 0.092 -0.996 0.008
 outer loop
  vertex -0.697 3.968 1.183
  vertex -0.68 3.968 0.984
  vertex -0.207 4.013 1.226
 endloop
endfacet
facet normal 0.092 -0.996 0.008
 outer loop
  vertex -0.207 4.013 1.226
  vertex -0.68 3.968 0.984
  vertex -0.189 4.013 1.027
 endloop
endfacet
facet normal -0.031 -1 -0.003
 outer loop
  vertex -0.207 4.013 1.226
  vertex -0.189 4.013 1.027
  vertex 0.285 3.998 1.269
 endloop
endfacet
facet normal -0.031 -1 -0.003
 outer loop
  vertex 0.285 3.998 1.269
  vertex -0.189 4.013 1.027
  vertex 0.303 3.998 1.07
 endloop
endfacet
facet normal -0.153 -0.988 -0.013
 outer loop
  vertex 0.285 3.998 1.269
  vertex 0.303 3.998 1.07
  vertex 0.772 3.922 1.312
 endloop
endfacet
facet normal -0.153 -0.988 -0.013
 outer loop
  vertex 0.772 3.922 1.312
  vertex 0.303 3.998 1.07
  vertex 0.789 3.922 1.113
 endloop
endfacet
facet normal -0.273 -0.962 -0.024
 outer loop
  vertex 0.772 3.922 1.312
  vertex 0.789 3.922 1.113
  vertex 1.246 3.787 1.353
 endloop
endfacet
facet normal -0.273 -0.962 -0.024
 outer loop
  vertex 1.246 3.787 1.353
  vertex 0.789 3.922 1.113
  vertex 1.263 3.787 1.154
 endloop
endfacet
facet normal -0.388 -0.921 -0.034
 outer loop
  vertex 1.246 3.787 1.353
  vertex 1.263 3.787 1.154
  vertex 1.699 3.594 1.393
 endloop
endfacet
facet normal -0.388 -0.921 -0.034
 outer loop
  vertex 1.699 3.594 1.393
  vertex 1.263 3.787 1.154
  vertex 1.717 3.594 1.194
 endloop
endfacet
facet normal -0.498 -0.866 -0.044
 outer loop
  vertex 1.699 3.594 1.393
  vertex 1.717 3.594 1.194
  vertex 2.126 3.347 1.43
 endloop
endfacet
facet normal -0.498 -0.866 -0.044
 outer loop
  vertex 2.126 3.347 1.43
  vertex 1.717 3.594 1.194
  vertex 2.143 3.347 1.231
 endloop
endfacet
facet normal -0.6 -0.798 -0.053
 outer loop
  vertex 2.126 3.347 1.43
  vertex 2.143 3.347 1.231
  vertex 2.519 3.049 1.465
 endloop
endfacet
facet normal -0.6 -0.798 -0.053
 outer loop
  vertex 2.519 3.049 1.465
  vertex 2.143 3.347 1.231
  vertex 2.536 3.049 1.266
 endloop
endfacet
facet normal -0.693 -0.718 -0.061
 outer loop
  vertex 2.519 3.049 1.465
  vertex 2.536 3.049 1.266
  vertex 2.872 2.705 1.496
 endloop
endfacet
facet normal -0.693 -0.718 -0.061
 outer loop
  vertex 2.872 2.705 1.496
  vertex 2.536 3.049 1.266
  vertex 2.89 2.705 1.296
 endloop
endfacet
facet normal -0.776 -0.627 -0.068
 outer loop
  vertex 2.872 2.705 1.496
  vertex 2.89 2.705 1.296
  vertex 3.181 2.32 1.523
 endloop
endfacet
facet normal -0.776 -0.627 -0.068
 outer loop
  vertex 3.181 2.32 1.523
  vertex 2.89 2.705 1.296
  vertex 3.199 2.32 1.323
 endloop
endfacet
facet normal -0.847 -0.526 -0.074
 outer loop
  vertex 3.181 2.32 1.523
  vertex 3.199 2.32 1.323
  vertex 3.44 1.9 1.545
 endloop
endfacet
facet normal -0.847 -0.526 -0.074
 outer loop
  vertex 3.44 1.9 1.545
  vertex 3.199 2.32 1.323
  vertex 3.458 1.9 1.346
 endloop
endfacet
facet normal -0.905 -0.418 -0.079
 outer loop
  vertex 3.44 1.9 1.545
  vertex 3.458 1.9 1.346
  vertex 3.646 1.45 1.563
 endloop
endfacet
facet normal -0.905 -0.418 -0.079
 outer loop
  vertex 3.646 1.45 1.563
  vertex 3.458 1.9 1.346
  vertex 3.664 1.45 1.364
 endloop
endfacet
facet normal -0.949 -0.303 -0.083
 outer loop
  vertex 3.646 1.45 1.563
  vertex 3.664 1.45 1.364
  vertex 3.796 0.979 1.576
 endloop
endfacet
facet normal -0.949 -0.303 -0.083
 outer loop
  vertex 3.796 0.979 1.576
  vertex 3.664 1.45 1.364
  vertex 3.813 0.979 1.377
 endloop
endfacet
facet normal -0.979 -0.184 -0.086
 outer loop
  vertex 3.796 0.979 1.576
  vertex 3.813 0.979 1.377
  vertex 3.886 0.493 1.584
 endloop
endfacet
facet normal -0.979 -0.184 -0.086
 outer loop
  vertex 3.886 0.493 1.584
  vertex 3.813 0.979 1.377
  vertex 3.903 0.493 1.385
 endloop
endfacet
facet normal -0.994 -0.062 -0.087
 outer loop
  vertex 3.886 0.493 1.584
  vertex 3.903 0.493 1.385
  vertex 3.916 -0 1.587
 endloop
endfacet
facet normal -0.994 -0.062 -0.087
 outer loop
  vertex 3.916 -0 1.587
  vertex 3.903 0.493 1.385
  vertex 3.934 -0 1.388
 endloop
endfacet
facet normal -0.994 0.062 -0.087
 outer loop
  vertex 3.916 -0 1.587
  vertex 3.934 -0 1.388
  vertex 3.886 -0.493 1.584
 endloop
endfacet
facet normal -0.994 0.062 -0.087
 outer loop
  vertex 3.886 -0.493 1.584
  vertex 3.934 -0 1.388
  vertex 3.903 -0.493 1.385
 endloop
endfacet
facet normal -0.979 0.184 -0.086
 outer loop
  vertex 3.886 -0.493 1.584
  vertex 3.903 -0.493 1.385
  vertex 3.796 -0.979 1.576
 endloop
endfacet
facet normal -0.979 0.184 -0.086
 outer loop
  vertex 3.796 -0.979 1.576
  vertex 3.903 -0.493 1.385
  vertex 3.813 -0.979 1.377
 endloop
endfacet
facet normal -0.949 0.303 -0.083
 outer loop
  vertex 3.796 -0.979 1.576
  vertex 3.813 -0.979 1.377
  vertex 3.646 -1.45 1.563
 endloop
endfacet
facet normal -0.949 0.303 -0.083
 outer loop
  vertex 3.646 -1.45 1.563
  vertex 3.813 -0.979 1.377
  vertex 3.664 -1.45 1.364
 endloop
endfacet
facet normal -0.905 0.418 -0.079
 outer loop
  vertex 3.646 -1.45 1.563
  vertex 3.664 -1.45 1.364
  vertex 3.44 -1.9 1.545
 endloop
endfacet
facet normal -0.905 0.418 -0.079
 outer loop
  vertex 3.44 -1.9 1.545
  vertex 3.664 -1.45 1.364
  vertex 3.458 -1.9 1.346
 endloop
endfacet
facet normal -0.847 0.526 -0.074
 outer loop
  vertex 3.44 -1.9 1.545
  vertex 3.458 -1.9 1.346
  vertex 3.181 -2.32 1.523
 endloop
endfacet
facet normal -0.847 0.526 -0.074
 outer loop
  vertex 3.181 -2.32 1.523
  vertex 3.458 -1.9 1.346
  vertex 3.199 -2.32 1.323
 endloop
endfacet
facet normal -0.776 0.627 -0.068
 outer loop
  vertex 3.181 -2.32 1.523
  vertex 3.199 -2.32 1.323
  vertex 2.872 -2.705 1.496
 endloop
endfacet
facet normal -0.776 0.627 -0.068
 outer loop
  vertex 2.872 -2.705 1.496
  vertex 3.199 -2.32 1.323
  vertex 2.89 -2.705 1.296
 endloop
endfacet
facet normal -0.693 0.718 -0.061
 outer loop
  vertex 2.872 -2.705 1.496
  vertex 2.89 -2.705 1.296
  vertex 2.519 -3.049 1.465
 endloop
endfacet
facet normal -0.693 0.718 -0.061
 outer loop
  vertex 2.519 -3.049 1.465
  vertex 2.89 -2.705 1.296
  vertex 2.536 -3.049 1.266
 endloop
endfacet
facet normal -0.6 0.798 -0.053
 outer loop
  vertex 2.519 -3.049 1.465
  vertex 2.536 -3.049 1.266
  vertex 2.126 -3.347 1.43
 endloop
endfacet
facet normal -0.6 0.798 -0.053
 outer loop
  vertex 2.126 -3.347 1.43
  vertex 2.536 -3.049 1.266
  vertex 2.143 -3.347 1.231
 endloop
endfacet
facet normal -0.498 0.866 -0.044
 outer loop
  vertex 2.126 -3.347 1.43
  vertex 2.143 -3.347 1.231
  vertex 1.699 -3.594 1.393
 endloop
endfacet
facet normal -0.498 0.866 -0.044
 outer loop
  vertex 1.699 -3.594 1.393
  vertex 2.143 -3.347 1.231
  vertex 1.717 -3.594 1.194
 endloop
endfacet
facet normal -0.388 0.921 -0.034
 outer loop
  vertex 1.699 -3.594 1.393
  vertex 1.717 -3.594 1.194
  vertex 1.246 -3.787 1.353
 endloop
endfacet
facet normal -0.388 0.921 -0.034
 outer loop
  vertex 1.246 -3.787 1.353
  vertex 1.717 -3.594 1.194
  vertex 1.263 -3.787 1.154
 endloop
endfacet
facet normal -0.273 0.962 -0.024
 outer loop
  vertex 1.246 -3.787 1.353
  vertex 1.263 -3.787 1.154
  vertex 0.772 -3.922 1.312
 endloop
endfacet
facet normal -0.273 0.962 -0.024
 outer loop
  vertex 0.772 -3.922 1.312
  vertex 1.263 -3.787 1.154
  vertex 0.789 -3.922 1.113
 endloop
endfacet
facet normal -0.153 0.988 -0.013
 outer loop
  vertex 0.772 -3.922 1.312
  vertex 0.789 -3.922 1.113
  vertex 0.285 -3.998 1.269
 endloop
endfacet
facet normal -0.153 0.988 -0.013
 outer loop
  vertex 0.285 -3.998 1.269
  vertex 0.789 -3.922 1.113
  vertex 0.303 -3.998 1.07
 endloop
endfacet
facet normal -0.031 1 -0.003
 outer loop
  vertex 0.285 -3.998 1.269
  vertex 0.303 -3.998 1.07
  vertex -0.207 -4.013 1.226
 endloop
endfacet
facet normal -0.031 1 -0.003
 outer loop
  vertex -0.207 -4.013 1.226
  vertex 0.303 -3.998 1.07
  vertex -0.189 -4.013 1.027
 endloop
endfacet
facet normal 0.092 0.996 0.008
 outer loop
  vertex -0.207 -4.013 1.226
  vertex -0.189 -4.013 1.027
  vertex -0.697 -3.968 1.183
 endloop
endfacet
facet normal 0.092 0.996 0.008
 outer loop
  vertex -0.697 -3.968 1.183
  vertex -0.189 -4.013 1.027
  vertex -0.68 -3.968 0.984
 endloop
endfacet
facet normal 0.213 0.977 0.019
 outer loop
  vertex -0.697 -3.968 1.183
  vertex -0.68 -3.968 0.984
  vertex -1.178 -3.862 1.141
 endloop
endfacet
facet normal 0.213 0.977 0.019
 outer loop
  vertex -1.178 -3.862 1.141
  vertex -0.68 -3.968 0.984
  vertex -1.161 -3.862 0.942
 endloop
endfacet
facet normal 0.331 0.943 0.029
 outer loop
  vertex -1.178 -3.862 1.141
  vertex -1.161 -3.862 0.942
  vertex -1.643 -3.698 1.101
 endloop
endfacet
facet normal 0.331 0.943 0.029
 outer loop
  vertex -1.643 -3.698 1.101
  vertex -1.161 -3.862 0.942
  vertex -1.625 -3.698 0.901
 endloop
endfacet
facet normal 0.444 0.895 0.039
 outer loop
  vertex -1.643 -3.698 1.101
  vertex -1.625 -3.698 0.901
  vertex -2.084 -3.477 1.062
 endloop
endfacet
facet normal 0.444 0.895 0.039
 outer loop
  vertex -2.084 -3.477 1.062
  vertex -1.625 -3.698 0.901
  vertex -2.066 -3.477 0.863
 endloop
endfacet
facet normal 0.55 0.834 0.048
 outer loop
  vertex -2.084 -3.477 1.062
  vertex -2.066 -3.477 0.863
  vertex -2.494 -3.204 1.026
 endloop
endfacet
facet normal 0.55 0.834 0.048
 outer loop
  vertex -2.494 -3.204 1.026
  vertex -2.066 -3.477 0.863
  vertex -2.477 -3.204 0.827
 endloop
endfacet
facet normal 0.648 0.759 0.057
 outer loop
  vertex -2.494 -3.204 1.026
  vertex -2.477 -3.204 0.827
  vertex -2.868 -2.883 0.993
 endloop
endfacet
facet normal 0.648 0.759 0.057
 outer loop
  vertex -2.868 -2.883 0.993
  vertex -2.477 -3.204 0.827
  vertex -2.851 -2.883 0.794
 endloop
endfacet
facet normal 0.736 0.674 0.064
 outer loop
  vertex -2.868 -2.883 0.993
  vertex -2.851 -2.883 0.794
  vertex -3.2 -2.517 0.964
 endloop
endfacet
facet normal 0.736 0.674 0.064
 outer loop
  vertex -3.2 -2.517 0.964
  vertex -2.851 -2.883 0.794
  vertex -3.183 -2.517 0.765
 endloop
endfacet
facet normal 0.813 0.578 0.071
 outer loop
  vertex -3.2 -2.517 0.964
  vertex -3.183 -2.517 0.765
  vertex -3.485 -2.114 0.94
 endloop
endfacet
facet normal 0.813 0.578 0.071
 outer loop
  vertex -3.485 -2.114 0.94
  vertex -3.183 -2.517 0.765
  vertex -3.467 -2.114 0.74
 endloop
endfacet
facet normal 0.878 0.473 0.077
 outer loop
  vertex -3.485 -2.114 0.94
  vertex -3.467 -2.114 0.74
  vertex -3.718 -1.678 0.919
 endloop
endfacet
facet normal 0.878 0.473 0.077
 outer loop
  vertex -3.718 -1.678 0.919
  vertex -3.467 -2.114 0.74
  vertex -3.7 -1.678 0.72
 endloop
endfacet
facet normal 0.929 0.361 0.081
 outer loop
  vertex -3.718 -1.678 0.919
  vertex -3.7 -1.678 0.72
  vertex -3.895 -1.217 0.904
 endloop
endfacet
facet normal 0.929 0.361 0.081
 outer loop
  vertex -3.895 -1.217 0.904
  vertex -3.7 -1.678 0.72
  vertex -3.878 -1.217 0.704
 endloop
endfacet
facet normal 0.966 0.244 0.085
 outer loop
  vertex -3.895 -1.217 0.904
  vertex -3.878 -1.217 0.704
  vertex -4.016 -0.738 0.893
 endloop
endfacet
facet normal 0.966 0.244 0.085
 outer loop
  vertex -4.016 -0.738 0.893
  vertex -3.878 -1.217 0.704
  vertex -3.998 -0.738 0.694
 endloop
endfacet
facet normal 0.989 0.123 0.086
 outer loop
  vertex -4.016 -0.738 0.893
  vertex -3.998 -0.738 0.694
  vertex -4.076 -0.247 0.888
 endloop
endfacet
facet normal 0.989 0.123 0.086
 outer loop
  vertex -4.076 -0.247 0.888
  vertex -3.998 -0.738 0.694
  vertex -4.059 -0.247 0.689
 endloop
endfacet
facet normal 0.087 0.001 -0.996
 outer loop
  vertex -0.372 3.204 1.975
  vertex -0.494 3.188 1.964
  vertex -0.495 3.194 1.964
 endloop
endfacet
facet normal 0.087 0.001 -0.996
 outer loop
  vertex -0.495 3.194 1.964
  vertex -0.494 3.188 1.964
  vertex -0.641 3.174 1.951
 endloop
endfacet
facet normal 0.087 -0 -0.996
 outer loop
  vertex -0.494 3.188 1.964
  vertex -0.638 3.162 1.951
  vertex -0.641 3.174 1.951
 endloop
endfacet
facet normal 0.087 -0 -0.996
 outer loop
  vertex -0.641 3.174 1.951
  vertex -0.638 3.162 1.951
  vertex -0.881 3.103 1.93
 endloop
endfacet
facet normal 0.087 0 -0.996
 outer loop
  vertex -0.641 3.174 1.951
  vertex -0.881 3.103 1.93
  vertex -0.886 3.126 1.93
 endloop
endfacet
facet normal 0.087 0 -0.996
 outer loop
  vertex -0.886 3.126 1.93
  vertex -0.881 3.103 1.93
  vertex -1.026 3.09 1.918
 endloop
endfacet
facet normal 0.087 0 -0.996
 outer loop
  vertex -0.881 3.103 1.93
  vertex -1.016 3.061 1.918
  vertex -1.026 3.09 1.918
 endloop
endfacet
facet normal 0.087 0 -0.996
 outer loop
  vertex -1.026 3.09 1.918
  vertex -1.016 3.061 1.918
  vertex -1.254 2.971 1.898
 endloop
endfacet
facet normal 0.087 0 -0.996
 outer loop
  vertex -1.026 3.09 1.918
  vertex -1.254 2.971 1.898
  vertex -1.397 2.958 1.885
 endloop
endfacet
facet normal 0.087 0 -0.996
 outer loop
  vertex -1.397 2.958 1.885
  vertex -1.254 2.971 1.898
  vertex -1.608 2.794 1.867
 endloop
endfacet
facet normal 0.087 -0 -0.996
 outer loop
  vertex -1.397 2.958 1.885
  vertex -1.608 2.794 1.867
  vertex -1.75 2.782 1.854
 endloop
endfacet
facet normal 0.087 -0 -0.996
 outer loop
  vertex -1.75 2.782 1.854
  vertex -1.608 2.794 1.867
  vertex -1.938 2.574 1.838
 endloop
endfacet
facet normal 0.087 -0 -0.996
 outer loop
  vertex -1.75 2.782 1.854
  vertex -1.938 2.574 1.838
  vertex -2.078 2.563 1.825
 endloop
endfacet
facet normal 0.087 0 -0.996
 outer loop
  vertex -2.078 2.563 1.825
  vertex -1.938 2.574 1.838
  vertex -2.238 2.316 1.811
 endloop
endfacet
facet normal 0.087 0 -0.996
 outer loop
  vertex -2.078 2.563 1.825
  vertex -2.238 2.316 1.811
  vertex -2.378 2.306 1.799
 endloop
endfacet
facet normal 0.087 -0 -0.996
 outer loop
  vertex -2.378 2.306 1.799
  vertex -2.238 2.316 1.811
  vertex -2.505 2.022 1.788
 endloop
endfacet
facet normal 0.087 -0 -0.996
 outer loop
  vertex -2.378 2.306 1.799
  vertex -2.505 2.022 1.788
  vertex -2.643 2.014 1.776
 endloop
endfacet
facet normal 0.087 -0 -0.996
 outer loop
  vertex -2.643 2.014 1.776
  vertex -2.505 2.022 1.788
  vertex -2.734 1.698 1.768
 endloop
endfacet
facet normal 0.087 -0 -0.996
 outer loop
  vertex -2.643 2.014 1.776
  vertex -2.734 1.698 1.768
  vertex -2.871 1.691 1.756
 endloop
endfacet
facet normal 0.087 -0 -0.996
 outer loop
  vertex -2.871 1.691 1.756
  vertex -2.734 1.698 1.768
  vertex -2.921 1.348 1.752
 endloop
endfacet
facet normal 0.087 -0 -0.996
 outer loop
  vertex -2.871 1.691 1.756
  vertex -2.921 1.348 1.752
  vertex -3.057 1.343 1.74
 endloop
endfacet
facet normal 0.087 0 -0.996
 outer loop
  vertex -3.057 1.343 1.74
  vertex -2.921 1.348 1.752
  vertex -3.064 0.978 1.739
 endloop
endfacet
facet normal 0.087 0 -0.996
 outer loop
  vertex -3.057 1.343 1.74
  vertex -3.064 0.978 1.739
  vertex -3.199 0.974 1.727
 endloop
endfacet
facet normal 0.087 -0 -0.996
 outer loop
  vertex -3.199 0.974 1.727
  vertex -3.064 0.978 1.739
  vertex -3.16 0.593 1.731
 endloop
endfacet
facet normal 0.087 -0 -0.996
 outer loop
  vertex -3.199 0.974 1.727
  vertex -3.16 0.593 1.731
  vertex -3.295 0.59 1.719
 endloop
endfacet
facet normal 0.087 -0 -0.996
 outer loop
  vertex -3.295 0.59 1.719
  vertex -3.16 0.593 1.731
  vertex -3.209 0.199 1.727
 endloop
endfacet
facet normal 0.087 0 -0.996
 outer loop
  vertex -3.295 0.59 1.719
  vertex -3.209 0.199 1.727
  vertex -3.344 0.198 1.715
 endloop
endfacet
facet normal 0.087 0 -0.996
 outer loop
  vertex -3.344 0.198 1.715
  vertex -3.209 0.199 1.727
  vertex -3.344 -0.198 1.715
 endloop
endfacet
facet normal 0.087 0 -0.996
 outer loop
  vertex -3.209 0.199 1.727
  vertex -3.209 -0.199 1.727
  vertex -3.344 -0.198 1.715
 endloop
endfacet
facet normal 0.087 -0 -0.996
 outer loop
  vertex -3.344 -0.198 1.715
  vertex -3.209 -0.199 1.727
  vertex -3.295 -0.59 1.719
 endloop
endfacet
facet normal 0.087 0 -0.996
 outer loop
  vertex -3.209 -0.199 1.727
  vertex -3.16 -0.593 1.731
  vertex -3.295 -0.59 1.719
 endloop
endfacet
facet normal 0.087 0 -0.996
 outer loop
  vertex -3.295 -0.59 1.719
  vertex -3.16 -0.593 1.731
  vertex -3.199 -0.974 1.727
 endloop
endfacet
facet normal 0.087 0 -0.996
 outer loop
  vertex -3.16 -0.593 1.731
  vertex -3.064 -0.978 1.739
  vertex -3.199 -0.974 1.727
 endloop
endfacet
facet normal 0.087 -0 -0.996
 outer loop
  vertex -3.199 -0.974 1.727
  vertex -3.064 -0.978 1.739
  vertex -3.057 -1.343 1.74
 endloop
endfacet
facet normal 0.087 -0 -0.996
 outer loop
  vertex -3.064 -0.978 1.739
  vertex -2.921 -1.348 1.752
  vertex -3.057 -1.343 1.74
 endloop
endfacet
facet normal 0.087 0 -0.996
 outer loop
  vertex -3.057 -1.343 1.74
  vertex -2.921 -1.348 1.752
  vertex -2.871 -1.691 1.756
 endloop
endfacet
facet normal 0.087 0 -0.996
 outer loop
  vertex -2.921 -1.348 1.752
  vertex -2.734 -1.698 1.768
  vertex -2.871 -1.691 1.756
 endloop
endfacet
facet normal 0.087 0 -0.996
 outer loop
  vertex -2.871 -1.691 1.756
  vertex -2.734 -1.698 1.768
  vertex -2.643 -2.014 1.776
 endloop
endfacet
facet normal 0.087 0 -0.996
 outer loop
  vertex -2.734 -1.698 1.768
  vertex -2.505 -2.022 1.788
  vertex -2.643 -2.014 1.776
 endloop
endfacet
facet normal 0.087 0 -0.996
 outer loop
  vertex -2.643 -2.014 1.776
  vertex -2.505 -2.022 1.788
  vertex -2.378 -2.306 1.799
 endloop
endfacet
facet normal 0.087 0 -0.996
 outer loop
  vertex -2.505 -2.022 1.788
  vertex -2.238 -2.316 1.811
  vertex -2.378 -2.306 1.799
 endloop
endfacet
facet normal 0.087 -0 -0.996
 outer loop
  vertex -2.378 -2.306 1.799
  vertex -2.238 -2.316 1.811
  vertex -2.078 -2.563 1.825
 endloop
endfacet
facet normal 0.087 -0 -0.996
 outer loop
  vertex -2.238 -2.316 1.811
  vertex -1.938 -2.574 1.838
  vertex -2.078 -2.563 1.825
 endloop
endfacet
facet normal 0.087 0 -0.996
 outer loop
  vertex -2.078 -2.563 1.825
  vertex -1.938 -2.574 1.838
  vertex -1.75 -2.782 1.854
 endloop
endfacet
facet normal 0.087 0 -0.996
 outer loop
  vertex -1.938 -2.574 1.838
  vertex -1.608 -2.794 1.867
  vertex -1.75 -2.782 1.854
 endloop
endfacet
facet normal 0.087 0 -0.996
 outer loop
  vertex -1.75 -2.782 1.854
  vertex -1.608 -2.794 1.867
  vertex -1.397 -2.958 1.885
 endloop
endfacet
facet normal 0.087 -0 -0.996
 outer loop
  vertex -1.608 -2.794 1.867
  vertex -1.254 -2.971 1.898
  vertex -1.397 -2.958 1.885
 endloop
endfacet
facet normal 0.087 -0 -0.996
 outer loop
  vertex -1.397 -2.958 1.885
  vertex -1.254 -2.971 1.898
  vertex -1.026 -3.09 1.918
 endloop
endfacet
facet normal 0.087 -0 -0.996
 outer loop
  vertex -1.254 -2.971 1.898
  vertex -1.016 -3.061 1.918
  vertex -1.026 -3.09 1.918
 endloop
endfacet
facet normal 0.087 -0 -0.996
 outer loop
  vertex -1.026 -3.09 1.918
  vertex -1.016 -3.061 1.918
  vertex -0.881 -3.103 1.93
 endloop
endfacet
facet normal 0.087 -0 -0.996
 outer loop
  vertex -1.026 -3.09 1.918
  vertex -0.881 -3.103 1.93
  vertex -0.886 -3.126 1.93
 endloop
endfacet
facet normal 0.087 -0 -0.996
 outer loop
  vertex -0.886 -3.126 1.93
  vertex -0.881 -3.103 1.93
  vertex -0.641 -3.174 1.951
 endloop
endfacet
facet normal 0.087 0 -0.996
 outer loop
  vertex -0.881 -3.103 1.93
  vertex -0.638 -3.162 1.951
  vertex -0.641 -3.174 1.951
 endloop
endfacet
facet normal 0.087 0 -0.996
 outer loop
  vertex -0.641 -3.174 1.951
  vertex -0.638 -3.162 1.951
  vertex -0.494 -3.188 1.964
 endloop
endfacet
facet normal 0.087 -0.001 -0.996
 outer loop
  vertex -0.641 -3.174 1.951
  vertex -0.494 -3.188 1.964
  vertex -0.495 -3.194 1.964
 endloop
endfacet
facet normal 0.087 -0.001 -0.996
 outer loop
  vertex -0.495 -3.194 1.964
  vertex -0.494 -3.188 1.964
  vertex -0.372 -3.204 1.975
 endloop
endfacet
facet normal 0.5 -0.015 0.866
 outer loop
  vertex 5.789 -0.357 6.8
  vertex 6.5 -0.401 6.389
  vertex 5.8 0 6.8
 endloop
endfacet
facet normal 0.507 0 0.862
 outer loop
  vertex 5.8 0 6.8
  vertex 6.5 -0.401 6.389
  vertex 6.5 0.401 6.389
 endloop
endfacet
facet normal 0.5 0.015 0.866
 outer loop
  vertex 5.8 0 6.8
  vertex 6.5 0.401 6.389
  vertex 5.789 0.357 6.8
 endloop
endfacet
facet normal 0.497 0.062 0.866
 outer loop
  vertex 5.789 0.357 6.8
  vertex 6.5 0.401 6.389
  vertex 6.5 1.215 6.331
 endloop
endfacet
facet normal 0.497 0.062 0.866
 outer loop
  vertex 5.789 0.357 6.8
  vertex 6.5 1.215 6.331
  vertex 5.701 1.066 6.8
 endloop
endfacet
facet normal 0.486 0.122 0.866
 outer loop
  vertex 5.701 1.066 6.8
  vertex 6.5 1.215 6.331
  vertex 5.527 1.758 6.8
 endloop
endfacet
facet normal 0.497 -0.062 0.866
 outer loop
  vertex 5.789 -0.357 6.8
  vertex 5.701 -1.066 6.8
  vertex 6.5 -0.401 6.389
 endloop
endfacet
facet normal 0.497 -0.062 0.866
 outer loop
  vertex 6.5 -0.401 6.389
  vertex 5.701 -1.066 6.8
  vertex 6.5 -1.215 6.331
 endloop
endfacet
facet normal 0.486 -0.122 0.866
 outer loop
  vertex 5.701 -1.066 6.8
  vertex 5.527 -1.758 6.8
  vertex 6.5 -1.215 6.331
 endloop
endfacet
facet normal 0.486 -0.122 0.866
 outer loop
  vertex 6.5 -1.215 6.331
  vertex 5.527 -1.758 6.8
  vertex 6.5 -2.068 6.211
 endloop
endfacet
facet normal 0.467 -0.181 0.866
 outer loop
  vertex 5.527 -1.758 6.8
  vertex 5.269 -2.424 6.8
  vertex 6.5 -2.068 6.211
 endloop
endfacet
facet normal 0.467 -0.181 0.866
 outer loop
  vertex 6.5 -2.068 6.211
  vertex 5.269 -2.424 6.8
  vertex 6.5 -2.99 6.018
 endloop
endfacet
facet normal 0.453 -0.211 0.866
 outer loop
  vertex 6.5 -2.99 6.018
  vertex 5.269 -2.424 6.8
  vertex 6.5 -3.073 5.997
 endloop
endfacet
facet normal 0.44 -0.236 0.866
 outer loop
  vertex 6.5 -3.073 5.997
  vertex 5.269 -2.424 6.8
  vertex 4.931 -3.053 6.8
 endloop
endfacet
facet normal 0.44 -0.239 0.866
 outer loop
  vertex 6.5 -3.073 5.997
  vertex 4.931 -3.053 6.8
  vertex 6.113 -3.785 5.997
 endloop
endfacet
facet normal 0.418 -0.274 0.866
 outer loop
  vertex 6.113 -3.785 5.997
  vertex 4.931 -3.053 6.8
  vertex 5.912 -4.092 5.997
 endloop
endfacet
facet normal 0.406 -0.287 0.868
 outer loop
  vertex 4.931 -3.053 6.8
  vertex 4.519 -3.636 6.8
  vertex 5.912 -4.092 5.997
 endloop
endfacet
facet normal 0.401 -0.299 0.866
 outer loop
  vertex 5.912 -4.092 5.997
  vertex 4.519 -3.636 6.8
  vertex 5.431 -4.37 6.124
 endloop
endfacet
facet normal 0.37 -0.337 0.866
 outer loop
  vertex 4.519 -3.636 6.8
  vertex 4.038 -4.164 6.8
  vertex 5.431 -4.37 6.124
 endloop
endfacet
facet normal 0.37 -0.337 0.866
 outer loop
  vertex 5.431 -4.37 6.124
  vertex 4.038 -4.164 6.8
  vertex 4.666 -4.812 6.279
 endloop
endfacet
facet normal 0.326 -0.38 0.866
 outer loop
  vertex 4.666 -4.812 6.279
  vertex 4.038 -4.164 6.8
  vertex 3.947 -5.227 6.367
 endloop
endfacet
facet normal 0.326 -0.38 0.866
 outer loop
  vertex 3.947 -5.227 6.367
  vertex 4.038 -4.164 6.8
  vertex 3.495 -4.628 6.8
 endloop
endfacet
facet normal 0.277 -0.417 0.866
 outer loop
  vertex 3.947 -5.227 6.367
  vertex 3.495 -4.628 6.8
  vertex 2.9 -5.023 6.8
 endloop
endfacet
facet normal 0.166 -0.472 0.866
 outer loop
  vertex 1.587 -5.579 6.8
  vertex 1.834 -6.447 6.279
  vertex 2.261 -5.341 6.8
 endloop
endfacet
facet normal 0.166 -0.472 0.866
 outer loop
  vertex 2.261 -5.341 6.8
  vertex 1.834 -6.447 6.279
  vertex 2.553 -6.032 6.367
 endloop
endfacet
facet normal 0.223 -0.448 0.866
 outer loop
  vertex 2.261 -5.341 6.8
  vertex 2.553 -6.032 6.367
  vertex 2.9 -5.023 6.8
 endloop
endfacet
facet normal 0.223 -0.448 0.866
 outer loop
  vertex 2.9 -5.023 6.8
  vertex 2.553 -6.032 6.367
  vertex 3.25 -5.629 6.396
 endloop
endfacet
facet normal 0.277 -0.417 0.866
 outer loop
  vertex 2.9 -5.023 6.8
  vertex 3.25 -5.629 6.396
  vertex 3.947 -5.227 6.367
 endloop
endfacet
facet normal 0.107 -0.489 0.866
 outer loop
  vertex 1.587 -5.579 6.8
  vertex 0.89 -5.731 6.8
  vertex 1.834 -6.447 6.279
 endloop
endfacet
facet normal 0.107 -0.489 0.866
 outer loop
  vertex 1.834 -6.447 6.279
  vertex 0.89 -5.731 6.8
  vertex 1.069 -6.888 6.124
 endloop
endfacet
facet normal 0.059 -0.497 0.866
 outer loop
  vertex 1.069 -6.888 6.124
  vertex 0.89 -5.731 6.8
  vertex 0.588 -7.166 5.997
 endloop
endfacet
facet normal 0.046 -0.495 0.868
 outer loop
  vertex 0.588 -7.166 5.997
  vertex 0.89 -5.731 6.8
  vertex 0.179 -5.797 6.8
 endloop
endfacet
facet normal 0.028 -0.499 0.866
 outer loop
  vertex 0.588 -7.166 5.997
  vertex 0.179 -5.797 6.8
  vertex 0.221 -7.187 5.997
 endloop
endfacet
facet normal -0.013 -0.5 0.866
 outer loop
  vertex 0.221 -7.187 5.997
  vertex 0.179 -5.797 6.8
  vertex -0.588 -7.166 5.997
 endloop
endfacet
facet normal -0.015 -0.499 0.866
 outer loop
  vertex 0.179 -5.797 6.8
  vertex -0.535 -5.775 6.8
  vertex -0.588 -7.166 5.997
 endloop
endfacet
facet normal -0.044 -0.498 0.866
 outer loop
  vertex -0.588 -7.166 5.997
  vertex -0.535 -5.775 6.8
  vertex -0.66 -7.124 6.018
 endloop
endfacet
facet normal -0.077 -0.495 0.866
 outer loop
  vertex -0.66 -7.124 6.018
  vertex -0.535 -5.775 6.8
  vertex -1.459 -6.663 6.211
 endloop
endfacet
facet normal -0.077 -0.495 0.866
 outer loop
  vertex -1.459 -6.663 6.211
  vertex -0.535 -5.775 6.8
  vertex -1.241 -5.666 6.8
 endloop
endfacet
facet normal -0.137 -0.482 0.866
 outer loop
  vertex -1.459 -6.663 6.211
  vertex -1.241 -5.666 6.8
  vertex -2.198 -6.237 6.331
 endloop
endfacet
facet normal -0.137 -0.482 0.866
 outer loop
  vertex -2.198 -6.237 6.331
  vertex -1.241 -5.666 6.8
  vertex -1.928 -5.47 6.8
 endloop
endfacet
facet normal -0.195 -0.461 0.866
 outer loop
  vertex -2.198 -6.237 6.331
  vertex -1.928 -5.47 6.8
  vertex -2.585 -5.192 6.8
 endloop
endfacet
facet normal -0.25 -0.434 0.866
 outer loop
  vertex -3.204 -4.835 6.8
  vertex -3.597 -5.429 6.389
  vertex -2.585 -5.192 6.8
 endloop
endfacet
facet normal -0.25 -0.434 0.866
 outer loop
  vertex -2.585 -5.192 6.8
  vertex -3.597 -5.429 6.389
  vertex -2.903 -5.83 6.389
 endloop
endfacet
facet normal -0.195 -0.461 0.866
 outer loop
  vertex -2.585 -5.192 6.8
  vertex -2.903 -5.83 6.389
  vertex -2.198 -6.237 6.331
 endloop
endfacet
facet normal -0.302 -0.4 0.866
 outer loop
  vertex -3.204 -4.835 6.8
  vertex -3.774 -4.405 6.8
  vertex -3.597 -5.429 6.389
 endloop
endfacet
facet normal -0.302 -0.4 0.866
 outer loop
  vertex -3.597 -5.429 6.389
  vertex -3.774 -4.405 6.8
  vertex -4.302 -5.022 6.331
 endloop
endfacet
facet normal -0.349 -0.359 0.866
 outer loop
  vertex -3.774 -4.405 6.8
  vertex -4.286 -3.907 6.8
  vertex -4.302 -5.022 6.331
 endloop
endfacet
facet normal -0.349 -0.359 0.866
 outer loop
  vertex -4.302 -5.022 6.331
  vertex -4.286 -3.907 6.8
  vertex -5.041 -4.595 6.211
 endloop
endfacet
facet normal -0.39 -0.314 0.866
 outer loop
  vertex -5.041 -4.595 6.211
  vertex -4.286 -3.907 6.8
  vertex -5.84 -4.134 6.018
 endloop
endfacet
facet normal -0.39 -0.314 0.866
 outer loop
  vertex -5.84 -4.134 6.018
  vertex -4.286 -3.907 6.8
  vertex -4.734 -3.351 6.8
 endloop
endfacet
facet normal -0.41 -0.287 0.866
 outer loop
  vertex -5.84 -4.134 6.018
  vertex -4.734 -3.351 6.8
  vertex -5.912 -4.092 5.997
 endloop
endfacet
facet normal -0.425 -0.263 0.866
 outer loop
  vertex -5.912 -4.092 5.997
  vertex -4.734 -3.351 6.8
  vertex -5.11 -2.744 6.8
 endloop
endfacet
facet normal -0.427 -0.261 0.866
 outer loop
  vertex -5.912 -4.092 5.997
  vertex -5.11 -2.744 6.8
  vertex -6.334 -3.402 5.997
 endloop
endfacet
facet normal -0.447 -0.225 0.866
 outer loop
  vertex -6.334 -3.402 5.997
  vertex -5.11 -2.744 6.8
  vertex -6.5 -3.073 5.997
 endloop
endfacet
facet normal -0.452 -0.208 0.868
 outer loop
  vertex -5.11 -2.744 6.8
  vertex -5.408 -2.095 6.8
  vertex -6.5 -3.073 5.997
 endloop
endfacet
facet normal -0.46 -0.197 0.866
 outer loop
  vertex -6.5 -3.073 5.997
  vertex -5.408 -2.095 6.8
  vertex -6.5 -2.518 6.124
 endloop
endfacet
facet normal -0.477 -0.152 0.866
 outer loop
  vertex -5.408 -2.095 6.8
  vertex -5.625 -1.415 6.8
  vertex -6.5 -2.518 6.124
 endloop
endfacet
facet normal -0.477 -0.152 0.866
 outer loop
  vertex -6.5 -2.518 6.124
  vertex -5.625 -1.415 6.8
  vertex -6.5 -1.635 6.279
 endloop
endfacet
facet normal -0.492 -0.092 0.866
 outer loop
  vertex -6.5 -1.635 6.279
  vertex -5.625 -1.415 6.8
  vertex -6.5 -0.805 6.367
 endloop
endfacet
facet normal -0.492 -0.092 0.866
 outer loop
  vertex -6.5 -0.805 6.367
  vertex -5.625 -1.415 6.8
  vertex -5.756 -0.713 6.8
 endloop
endfacet
facet normal -0.5 -0.031 0.866
 outer loop
  vertex -6.5 -0.805 6.367
  vertex -5.756 -0.713 6.8
  vertex -6.5 0 6.396
 endloop
endfacet
facet normal -0.5 -0.031 0.866
 outer loop
  vertex -6.5 0 6.396
  vertex -5.756 -0.713 6.8
  vertex -5.8 0 6.8
 endloop
endfacet
facet normal -0.5 0.031 0.866
 outer loop
  vertex -6.5 0 6.396
  vertex -5.8 0 6.8
  vertex -5.756 0.713 6.8
 endloop
endfacet
facet normal -0.427 0.261 0.866
 outer loop
  vertex -5.912 4.092 5.997
  vertex -6.334 3.402 5.997
  vertex -5.11 2.744 6.8
 endloop
endfacet
facet normal -0.447 0.225 0.866
 outer loop
  vertex -5.11 2.744 6.8
  vertex -6.334 3.402 5.997
  vertex -6.5 3.073 5.997
 endloop
endfacet
facet normal -0.452 0.208 0.868
 outer loop
  vertex -5.11 2.744 6.8
  vertex -6.5 3.073 5.997
  vertex -5.408 2.095 6.8
 endloop
endfacet
facet normal -0.46 0.197 0.866
 outer loop
  vertex -5.408 2.095 6.8
  vertex -6.5 3.073 5.997
  vertex -6.5 2.518 6.124
 endloop
endfacet
facet normal -0.477 0.152 0.866
 outer loop
  vertex -5.408 2.095 6.8
  vertex -6.5 2.518 6.124
  vertex -5.625 1.415 6.8
 endloop
endfacet
facet normal -0.477 0.152 0.866
 outer loop
  vertex -5.625 1.415 6.8
  vertex -6.5 2.518 6.124
  vertex -6.5 1.635 6.279
 endloop
endfacet
facet normal -0.492 0.092 0.866
 outer loop
  vertex -5.625 1.415 6.8
  vertex -6.5 1.635 6.279
  vertex -5.756 0.713 6.8
 endloop
endfacet
facet normal -0.492 0.092 0.866
 outer loop
  vertex -5.756 0.713 6.8
  vertex -6.5 1.635 6.279
  vertex -6.5 0.805 6.367
 endloop
endfacet
facet normal -0.5 0.031 0.866
 outer loop
  vertex -5.756 0.713 6.8
  vertex -6.5 0.805 6.367
  vertex -6.5 0 6.396
 endloop
endfacet
facet normal -0.425 0.263 0.866
 outer loop
  vertex -5.11 2.744 6.8
  vertex -4.734 3.351 6.8
  vertex -5.912 4.092 5.997
 endloop
endfacet
facet normal -0.41 0.287 0.866
 outer loop
  vertex -5.912 4.092 5.997
  vertex -4.734 3.351 6.8
  vertex -5.84 4.134 6.018
 endloop
endfacet
facet normal -0.39 0.314 0.866
 outer loop
  vertex -5.84 4.134 6.018
  vertex -4.734 3.351 6.8
  vertex -5.041 4.595 6.211
 endloop
endfacet
facet normal -0.39 0.314 0.866
 outer loop
  vertex -5.041 4.595 6.211
  vertex -4.734 3.351 6.8
  vertex -4.286 3.907 6.8
 endloop
endfacet
facet normal -0.349 0.359 0.866
 outer loop
  vertex -5.041 4.595 6.211
  vertex -4.286 3.907 6.8
  vertex -4.302 5.022 6.331
 endloop
endfacet
facet normal -0.349 0.359 0.866
 outer loop
  vertex -4.302 5.022 6.331
  vertex -4.286 3.907 6.8
  vertex -3.774 4.405 6.8
 endloop
endfacet
facet normal -0.302 0.4 0.866
 outer loop
  vertex -4.302 5.022 6.331
  vertex -3.774 4.405 6.8
  vertex -3.204 4.835 6.8
 endloop
endfacet
facet normal -0.302 0.4 0.866
 outer loop
  vertex -4.302 5.022 6.331
  vertex -3.204 4.835 6.8
  vertex -3.597 5.429 6.389
 endloop
endfacet
facet normal -0.25 0.434 0.866
 outer loop
  vertex -3.597 5.429 6.389
  vertex -3.204 4.835 6.8
  vertex -2.585 5.192 6.8
 endloop
endfacet
facet normal -0.25 0.434 0.866
 outer loop
  vertex -3.597 5.429 6.389
  vertex -2.585 5.192 6.8
  vertex -2.903 5.83 6.389
 endloop
endfacet
facet normal -0.195 0.461 0.866
 outer loop
  vertex -2.903 5.83 6.389
  vertex -2.585 5.192 6.8
  vertex -2.198 6.237 6.331
 endloop
endfacet
facet normal -0.195 0.461 0.866
 outer loop
  vertex -2.585 5.192 6.8
  vertex -1.928 5.47 6.8
  vertex -2.198 6.237 6.331
 endloop
endfacet
facet normal -0.137 0.482 0.866
 outer loop
  vertex -2.198 6.237 6.331
  vertex -1.928 5.47 6.8
  vertex -1.459 6.663 6.211
 endloop
endfacet
facet normal -0.137 0.482 0.866
 outer loop
  vertex -1.928 5.47 6.8
  vertex -1.241 5.666 6.8
  vertex -1.459 6.663 6.211
 endloop
endfacet
facet normal -0.077 0.495 0.866
 outer loop
  vertex -1.459 6.663 6.211
  vertex -1.241 5.666 6.8
  vertex -0.66 7.124 6.018
 endloop
endfacet
facet normal -0.077 0.495 0.866
 outer loop
  vertex -1.241 5.666 6.8
  vertex -0.535 5.775 6.8
  vertex -0.66 7.124 6.018
 endloop
endfacet
facet normal -0.044 0.498 0.866
 outer loop
  vertex -0.66 7.124 6.018
  vertex -0.535 5.775 6.8
  vertex -0.588 7.166 5.997
 endloop
endfacet
facet normal -0.015 0.499 0.866
 outer loop
  vertex -0.535 5.775 6.8
  vertex 0.179 5.797 6.8
  vertex -0.588 7.166 5.997
 endloop
endfacet
facet normal -0.013 0.5 0.866
 outer loop
  vertex -0.588 7.166 5.997
  vertex 0.179 5.797 6.8
  vertex 0.221 7.187 5.997
 endloop
endfacet
facet normal 0.028 0.499 0.866
 outer loop
  vertex 0.221 7.187 5.997
  vertex 0.179 5.797 6.8
  vertex 0.588 7.166 5.997
 endloop
endfacet
facet normal 0.046 0.495 0.868
 outer loop
  vertex 0.588 7.166 5.997
  vertex 0.179 5.797 6.8
  vertex 0.89 5.731 6.8
 endloop
endfacet
facet normal 0.059 0.497 0.866
 outer loop
  vertex 0.588 7.166 5.997
  vertex 0.89 5.731 6.8
  vertex 1.069 6.888 6.124
 endloop
endfacet
facet normal 0.107 0.489 0.866
 outer loop
  vertex 1.069 6.888 6.124
  vertex 0.89 5.731 6.8
  vertex 1.587 5.579 6.8
 endloop
endfacet
facet normal 0.107 0.489 0.866
 outer loop
  vertex 1.069 6.888 6.124
  vertex 1.587 5.579 6.8
  vertex 1.834 6.447 6.279
 endloop
endfacet
facet normal 0.166 0.472 0.866
 outer loop
  vertex 1.834 6.447 6.279
  vertex 1.587 5.579 6.8
  vertex 2.553 6.032 6.367
 endloop
endfacet
facet normal 0.166 0.472 0.866
 outer loop
  vertex 1.587 5.579 6.8
  vertex 2.261 5.341 6.8
  vertex 2.553 6.032 6.367
 endloop
endfacet
facet normal 0.223 0.448 0.866
 outer loop
  vertex 2.553 6.032 6.367
  vertex 2.261 5.341 6.8
  vertex 2.9 5.023 6.8
 endloop
endfacet
facet normal 0.223 0.448 0.866
 outer loop
  vertex 2.553 6.032 6.367
  vertex 2.9 5.023 6.8
  vertex 3.25 5.629 6.396
 endloop
endfacet
facet normal 0.277 0.417 0.866
 outer loop
  vertex 3.25 5.629 6.396
  vertex 2.9 5.023 6.8
  vertex 3.947 5.227 6.367
 endloop
endfacet
facet normal 0.277 0.417 0.866
 outer loop
  vertex 2.9 5.023 6.8
  vertex 3.495 4.628 6.8
  vertex 3.947 5.227 6.367
 endloop
endfacet
facet normal 0.326 0.38 0.866
 outer loop
  vertex 3.947 5.227 6.367
  vertex 3.495 4.628 6.8
  vertex 4.666 4.812 6.279
 endloop
endfacet
facet normal 0.326 0.38 0.866
 outer loop
  vertex 3.495 4.628 6.8
  vertex 4.038 4.164 6.8
  vertex 4.666 4.812 6.279
 endloop
endfacet
facet normal 0.37 0.337 0.866
 outer loop
  vertex 4.666 4.812 6.279
  vertex 4.038 4.164 6.8
  vertex 4.519 3.636 6.8
 endloop
endfacet
facet normal 0.37 0.337 0.866
 outer loop
  vertex 4.666 4.812 6.279
  vertex 4.519 3.636 6.8
  vertex 5.431 4.37 6.124
 endloop
endfacet
facet normal 0.401 0.299 0.866
 outer loop
  vertex 5.431 4.37 6.124
  vertex 4.519 3.636 6.8
  vertex 5.912 4.092 5.997
 endloop
endfacet
facet normal 0.406 0.287 0.868
 outer loop
  vertex 4.519 3.636 6.8
  vertex 4.931 3.053 6.8
  vertex 5.912 4.092 5.997
 endloop
endfacet
facet normal 0.418 0.274 0.866
 outer loop
  vertex 5.912 4.092 5.997
  vertex 4.931 3.053 6.8
  vertex 6.113 3.785 5.997
 endloop
endfacet
facet normal 0.44 0.239 0.866
 outer loop
  vertex 6.113 3.785 5.997
  vertex 4.931 3.053 6.8
  vertex 6.5 3.073 5.997
 endloop
endfacet
facet normal 0.44 0.236 0.866
 outer loop
  vertex 6.5 3.073 5.997
  vertex 4.931 3.053 6.8
  vertex 5.269 2.424 6.8
 endloop
endfacet
facet normal 0.453 0.211 0.866
 outer loop
  vertex 6.5 3.073 5.997
  vertex 5.269 2.424 6.8
  vertex 6.5 2.99 6.018
 endloop
endfacet
facet normal 0.467 0.181 0.866
 outer loop
  vertex 6.5 2.99 6.018
  vertex 5.269 2.424 6.8
  vertex 6.5 2.068 6.211
 endloop
endfacet
facet normal 0.467 0.181 0.866
 outer loop
  vertex 5.269 2.424 6.8
  vertex 5.527 1.758 6.8
  vertex 6.5 2.068 6.211
 endloop
endfacet
facet normal 0.486 0.122 0.866
 outer loop
  vertex 6.5 2.068 6.211
  vertex 5.527 1.758 6.8
  vertex 6.5 1.215 6.331
 endloop
endfacet
facet normal 0.5 0.866 -0
 outer loop
  vertex 0.588 7.166 0.803
  vertex 0.588 7.166 5.997
  vertex 1.069 6.888 0.676
 endloop
endfacet
facet normal 0.5 0.866 -0
 outer loop
  vertex 1.069 6.888 0.676
  vertex 0.588 7.166 5.997
  vertex 1.069 6.888 6.124
 endloop
endfacet
facet normal 0.5 0.866 -0
 outer loop
  vertex 1.069 6.888 0.676
  vertex 1.069 6.888 6.124
  vertex 1.834 6.447 6.279
 endloop
endfacet
facet normal 0.5 0.866 0
 outer loop
  vertex 1.069 6.888 0.676
  vertex 1.834 6.447 6.279
  vertex 1.834 6.447 0.521
 endloop
endfacet
facet normal 0.5 0.866 -0
 outer loop
  vertex 1.834 6.447 0.521
  vertex 1.834 6.447 6.279
  vertex 2.553 6.032 6.367
 endloop
endfacet
facet normal 0.5 0.866 0
 outer loop
  vertex 1.834 6.447 0.521
  vertex 2.553 6.032 6.367
  vertex 2.553 6.032 0.433
 endloop
endfacet
facet normal 0.5 0.866 -0
 outer loop
  vertex 2.553 6.032 0.433
  vertex 2.553 6.032 6.367
  vertex 3.25 5.629 6.396
 endloop
endfacet
facet normal 0.5 0.866 0
 outer loop
  vertex 2.553 6.032 0.433
  vertex 3.25 5.629 6.396
  vertex 3.25 5.629 0.404
 endloop
endfacet
facet normal 0.5 0.866 -0
 outer loop
  vertex 3.25 5.629 0.404
  vertex 3.25 5.629 6.396
  vertex 3.947 5.227 0.433
 endloop
endfacet
facet normal 0.5 0.866 0
 outer loop
  vertex 3.25 5.629 6.396
  vertex 3.947 5.227 6.367
  vertex 3.947 5.227 0.433
 endloop
endfacet
facet normal 0.5 0.866 -0
 outer loop
  vertex 3.947 5.227 0.433
  vertex 3.947 5.227 6.367
  vertex 4.666 4.812 0.521
 endloop
endfacet
facet normal 0.5 0.866 0
 outer loop
  vertex 3.947 5.227 6.367
  vertex 4.666 4.812 6.279
  vertex 4.666 4.812 0.521
 endloop
endfacet
facet normal 0.5 0.866 -0
 outer loop
  vertex 4.666 4.812 0.521
  vertex 4.666 4.812 6.279
  vertex 5.431 4.37 0.676
 endloop
endfacet
facet normal 0.5 0.866 0
 outer loop
  vertex 4.666 4.812 6.279
  vertex 5.431 4.37 6.124
  vertex 5.431 4.37 0.676
 endloop
endfacet
facet normal 0.5 0.866 -0
 outer loop
  vertex 5.431 4.37 0.676
  vertex 5.431 4.37 6.124
  vertex 5.912 4.092 5.997
 endloop
endfacet
facet normal 0.5 0.866 0
 outer loop
  vertex 5.431 4.37 0.676
  vertex 5.912 4.092 5.997
  vertex 5.912 4.092 0.803
 endloop
endfacet
facet normal 0.836 0.548 -0
 outer loop
  vertex 5.912 4.092 0.803
  vertex 5.912 4.092 5.997
  vertex 6.113 3.785 0.803
 endloop
endfacet
facet normal 0.836 0.548 -0
 outer loop
  vertex 6.113 3.785 0.803
  vertex 5.912 4.092 5.997
  vertex 6.113 3.785 5.997
 endloop
endfacet
facet normal 0.879 0.478 -0
 outer loop
  vertex 6.113 3.785 0.803
  vertex 6.113 3.785 5.997
  vertex 6.5 3.073 5.997
 endloop
endfacet
facet normal 0.879 0.478 0
 outer loop
  vertex 6.5 3.073 5.997
  vertex 6.5 3.073 0.803
  vertex 6.113 3.785 0.803
 endloop
endfacet
facet normal 1 0 -0
 outer loop
  vertex 6.5 3.073 0.803
  vertex 6.5 3.073 5.997
  vertex 6.5 2.99 0.782
 endloop
endfacet
facet normal 1 0 0
 outer loop
  vertex 6.5 2.99 0.782
  vertex 6.5 3.073 5.997
  vertex 6.5 2.99 6.018
 endloop
endfacet
facet normal 1 0 -0
 outer loop
  vertex 6.5 2.99 0.782
  vertex 6.5 2.99 6.018
  vertex 6.5 2.068 6.211
 endloop
endfacet
facet normal 1 0 0
 outer loop
  vertex 6.5 2.99 0.782
  vertex 6.5 2.068 6.211
  vertex 6.5 2.068 0.589
 endloop
endfacet
facet normal 1 0 -0
 outer loop
  vertex 6.5 2.068 0.589
  vertex 6.5 2.068 6.211
  vertex 6.5 1.215 6.331
 endloop
endfacet
facet normal 1 0 0
 outer loop
  vertex 6.5 2.068 0.589
  vertex 6.5 1.215 6.331
  vertex 6.5 1.215 0.469
 endloop
endfacet
facet normal 1 0 -0
 outer loop
  vertex 6.5 1.215 0.469
  vertex 6.5 1.215 6.331
  vertex 6.5 0.401 6.389
 endloop
endfacet
facet normal 1 0 0
 outer loop
  vertex 6.5 1.215 0.469
  vertex 6.5 0.401 6.389
  vertex 6.5 0.401 0.411
 endloop
endfacet
facet normal 1 0 -0
 outer loop
  vertex 6.5 0.401 0.411
  vertex 6.5 0.401 6.389
  vertex 6.5 -0.401 6.389
 endloop
endfacet
facet normal 1 0 0
 outer loop
  vertex 6.5 0.401 0.411
  vertex 6.5 -0.401 6.389
  vertex 6.5 -0.401 0.411
 endloop
endfacet
facet normal 1 0 -0
 outer loop
  vertex 6.5 -0.401 0.411
  vertex 6.5 -0.401 6.389
  vertex 6.5 -1.215 0.469
 endloop
endfacet
facet normal 1 0 0
 outer loop
  vertex 6.5 -0.401 6.389
  vertex 6.5 -1.215 6.331
  vertex 6.5 -1.215 0.469
 endloop
endfacet
facet normal 1 0 -0
 outer loop
  vertex 6.5 -1.215 0.469
  vertex 6.5 -1.215 6.331
  vertex 6.5 -2.068 0.589
 endloop
endfacet
facet normal 1 0 0
 outer loop
  vertex 6.5 -1.215 6.331
  vertex 6.5 -2.068 6.211
  vertex 6.5 -2.068 0.589
 endloop
endfacet
facet normal 1 0 -0
 outer loop
  vertex 6.5 -2.068 0.589
  vertex 6.5 -2.068 6.211
  vertex 6.5 -2.99 0.782
 endloop
endfacet
facet normal 1 0 0
 outer loop
  vertex 6.5 -2.068 6.211
  vertex 6.5 -2.99 6.018
  vertex 6.5 -2.99 0.782
 endloop
endfacet
facet normal 1 0 -0
 outer loop
  vertex 6.5 -2.99 0.782
  vertex 6.5 -2.99 6.018
  vertex 6.5 -3.073 5.997
 endloop
endfacet
facet normal 1 0 0
 outer loop
  vertex 6.5 -2.99 0.782
  vertex 6.5 -3.073 5.997
  vertex 6.5 -3.073 0.803
 endloop
endfacet
facet normal 0.879 -0.478 0
 outer loop
  vertex 6.5 -3.073 5.997
  vertex 6.113 -3.785 5.997
  vertex 6.5 -3.073 0.803
 endloop
endfacet
facet normal 0.879 -0.478 0
 outer loop
  vertex 6.5 -3.073 0.803
  vertex 6.113 -3.785 5.997
  vertex 6.113 -3.785 0.803
 endloop
endfacet
facet normal 0.836 -0.548 0
 outer loop
  vertex 5.912 -4.092 5.997
  vertex 5.912 -4.092 0.803
  vertex 6.113 -3.785 5.997
 endloop
endfacet
facet normal 0.836 -0.548 0
 outer loop
  vertex 6.113 -3.785 5.997
  vertex 5.912 -4.092 0.803
  vertex 6.113 -3.785 0.803
 endloop
endfacet
facet normal 0.5 -0.866 0
 outer loop
  vertex 5.912 -4.092 0.803
  vertex 5.912 -4.092 5.997
  vertex 5.431 -4.37 0.676
 endloop
endfacet
facet normal 0.5 -0.866 0
 outer loop
  vertex 5.431 -4.37 0.676
  vertex 5.912 -4.092 5.997
  vertex 5.431 -4.37 6.124
 endloop
endfacet
facet normal 0.5 -0.866 0
 outer loop
  vertex 5.431 -4.37 0.676
  vertex 5.431 -4.37 6.124
  vertex 4.666 -4.812 6.279
 endloop
endfacet
facet normal 0.5 -0.866 0
 outer loop
  vertex 5.431 -4.37 0.676
  vertex 4.666 -4.812 6.279
  vertex 4.666 -4.812 0.521
 endloop
endfacet
facet normal 0.5 -0.866 0
 outer loop
  vertex 4.666 -4.812 0.521
  vertex 4.666 -4.812 6.279
  vertex 3.947 -5.227 6.367
 endloop
endfacet
facet normal 0.5 -0.866 0
 outer loop
  vertex 4.666 -4.812 0.521
  vertex 3.947 -5.227 6.367
  vertex 3.947 -5.227 0.433
 endloop
endfacet
facet normal 0.5 -0.866 0
 outer loop
  vertex 3.947 -5.227 0.433
  vertex 3.947 -5.227 6.367
  vertex 3.25 -5.629 6.396
 endloop
endfacet
facet normal 0.5 -0.866 0
 outer loop
  vertex 3.947 -5.227 0.433
  vertex 3.25 -5.629 6.396
  vertex 3.25 -5.629 0.404
 endloop
endfacet
facet normal 0.5 -0.866 0
 outer loop
  vertex 3.25 -5.629 0.404
  vertex 3.25 -5.629 6.396
  vertex 2.553 -6.032 0.433
 endloop
endfacet
facet normal 0.5 -0.866 0
 outer loop
  vertex 3.25 -5.629 6.396
  vertex 2.553 -6.032 6.367
  vertex 2.553 -6.032 0.433
 endloop
endfacet
facet normal 0.5 -0.866 0
 outer loop
  vertex 2.553 -6.032 0.433
  vertex 2.553 -6.032 6.367
  vertex 1.834 -6.447 0.521
 endloop
endfacet
facet normal 0.5 -0.866 0
 outer loop
  vertex 2.553 -6.032 6.367
  vertex 1.834 -6.447 6.279
  vertex 1.834 -6.447 0.521
 endloop
endfacet
facet normal 0.5 -0.866 0
 outer loop
  vertex 1.834 -6.447 0.521
  vertex 1.834 -6.447 6.279
  vertex 1.069 -6.888 0.676
 endloop
endfacet
facet normal 0.5 -0.866 0
 outer loop
  vertex 1.834 -6.447 6.279
  vertex 1.069 -6.888 6.124
  vertex 1.069 -6.888 0.676
 endloop
endfacet
facet normal 0.5 -0.866 0
 outer loop
  vertex 1.069 -6.888 0.676
  vertex 1.069 -6.888 6.124
  vertex 0.588 -7.166 5.997
 endloop
endfacet
facet normal 0.5 -0.866 0
 outer loop
  vertex 1.069 -6.888 0.676
  vertex 0.588 -7.166 5.997
  vertex 0.588 -7.166 0.803
 endloop
endfacet
facet normal 0.056 -0.998 0
 outer loop
  vertex 0.588 -7.166 0.803
  vertex 0.588 -7.166 5.997
  vertex 0.221 -7.187 0.803
 endloop
endfacet
facet normal 0.056 -0.998 0
 outer loop
  vertex 0.221 -7.187 0.803
  vertex 0.588 -7.166 5.997
  vertex 0.221 -7.187 5.997
 endloop
endfacet
facet normal -0.026 -1 0
 outer loop
  vertex 0.221 -7.187 0.803
  vertex 0.221 -7.187 5.997
  vertex -0.588 -7.166 5.997
 endloop
endfacet
facet normal -0.026 -1 -0
 outer loop
  vertex -0.588 -7.166 5.997
  vertex -0.588 -7.166 0.803
  vertex 0.221 -7.187 0.803
 endloop
endfacet
facet normal 0.453 0.211 -0.866
 outer loop
  vertex 6.5 2.99 0.782
  vertex 5.269 2.424 0
  vertex 6.5 3.073 0.803
 endloop
endfacet
facet normal 0.44 0.236 -0.866
 outer loop
  vertex 6.5 3.073 0.803
  vertex 5.269 2.424 0
  vertex 4.931 3.053 0
 endloop
endfacet
facet normal 0.44 0.239 -0.866
 outer loop
  vertex 6.5 3.073 0.803
  vertex 4.931 3.053 0
  vertex 6.113 3.785 0.803
 endloop
endfacet
facet normal 0.418 0.274 -0.866
 outer loop
  vertex 6.113 3.785 0.803
  vertex 4.931 3.053 0
  vertex 5.912 4.092 0.803
 endloop
endfacet
facet normal 0.467 0.181 -0.866
 outer loop
  vertex 6.5 2.99 0.782
  vertex 6.5 2.068 0.589
  vertex 5.269 2.424 0
 endloop
endfacet
facet normal 0.467 0.181 -0.866
 outer loop
  vertex 5.269 2.424 0
  vertex 6.5 2.068 0.589
  vertex 5.527 1.758 0
 endloop
endfacet
facet normal 0.486 0.122 -0.866
 outer loop
  vertex 6.5 2.068 0.589
  vertex 6.5 1.215 0.469
  vertex 5.527 1.758 0
 endloop
endfacet
facet normal 0.486 0.122 -0.866
 outer loop
  vertex 5.527 1.758 0
  vertex 6.5 1.215 0.469
  vertex 5.701 1.066 0
 endloop
endfacet
facet normal 0.497 0.062 -0.866
 outer loop
  vertex 6.5 1.215 0.469
  vertex 6.5 0.401 0.411
  vertex 5.701 1.066 0
 endloop
endfacet
facet normal 0.497 0.062 -0.866
 outer loop
  vertex 5.701 1.066 0
  vertex 6.5 0.401 0.411
  vertex 5.789 0.357 0
 endloop
endfacet
facet normal 0.5 0.015 -0.866
 outer loop
  vertex 5.789 0.357 0
  vertex 6.5 0.401 0.411
  vertex 5.8 0 0
 endloop
endfacet
facet normal 0.507 0 -0.862
 outer loop
  vertex 5.8 0 0
  vertex 6.5 0.401 0.411
  vertex 6.5 -0.401 0.411
 endloop
endfacet
facet normal 0.5 -0.015 -0.866
 outer loop
  vertex 5.8 0 0
  vertex 6.5 -0.401 0.411
  vertex 5.789 -0.357 0
 endloop
endfacet
facet normal 0.497 -0.062 -0.866
 outer loop
  vertex 5.789 -0.357 0
  vertex 6.5 -0.401 0.411
  vertex 6.5 -1.215 0.469
 endloop
endfacet
facet normal 0.497 -0.062 -0.866
 outer loop
  vertex 5.789 -0.357 0
  vertex 6.5 -1.215 0.469
  vertex 5.701 -1.066 0
 endloop
endfacet
facet normal 0.486 -0.122 -0.866
 outer loop
  vertex 5.701 -1.066 0
  vertex 6.5 -1.215 0.469
  vertex 5.527 -1.758 0
 endloop
endfacet
facet normal 0.486 -0.122 -0.866
 outer loop
  vertex 6.5 -1.215 0.469
  vertex 6.5 -2.068 0.589
  vertex 5.527 -1.758 0
 endloop
endfacet
facet normal 0.467 -0.181 -0.866
 outer loop
  vertex 5.527 -1.758 0
  vertex 6.5 -2.068 0.589
  vertex 5.269 -2.424 0
 endloop
endfacet
facet normal 0.467 -0.181 -0.866
 outer loop
  vertex 6.5 -2.068 0.589
  vertex 6.5 -2.99 0.782
  vertex 5.269 -2.424 0
 endloop
endfacet
facet normal 0.453 -0.211 -0.866
 outer loop
  vertex 5.269 -2.424 0
  vertex 6.5 -2.99 0.782
  vertex 6.5 -3.073 0.803
 endloop
endfacet
facet normal 0.44 -0.236 -0.866
 outer loop
  vertex 5.269 -2.424 0
  vertex 6.5 -3.073 0.803
  vertex 4.931 -3.053 0
 endloop
endfacet
facet normal 0.44 -0.239 -0.866
 outer loop
  vertex 4.931 -3.053 0
  vertex 6.5 -3.073 0.803
  vertex 6.113 -3.785 0.803
 endloop
endfacet
facet normal 0.418 -0.274 -0.866
 outer loop
  vertex 4.931 -3.053 0
  vertex 6.113 -3.785 0.803
  vertex 5.912 -4.092 0.803
 endloop
endfacet
facet normal 0.406 -0.287 -0.868
 outer loop
  vertex 4.931 -3.053 0
  vertex 5.912 -4.092 0.803
  vertex 4.519 -3.636 0
 endloop
endfacet
facet normal 0.401 -0.299 -0.866
 outer loop
  vertex 4.519 -3.636 0
  vertex 5.912 -4.092 0.803
  vertex 5.431 -4.37 0.676
 endloop
endfacet
facet normal 0.37 -0.337 -0.866
 outer loop
  vertex 4.519 -3.636 0
  vertex 5.431 -4.37 0.676
  vertex 4.666 -4.812 0.521
 endloop
endfacet
facet normal 0.277 -0.417 -0.866
 outer loop
  vertex 3.25 -5.629 0.404
  vertex 2.9 -5.023 0
  vertex 3.947 -5.227 0.433
 endloop
endfacet
facet normal 0.277 -0.417 -0.866
 outer loop
  vertex 3.947 -5.227 0.433
  vertex 2.9 -5.023 0
  vertex 3.495 -4.628 0
 endloop
endfacet
facet normal 0.326 -0.38 -0.866
 outer loop
  vertex 3.947 -5.227 0.433
  vertex 3.495 -4.628 0
  vertex 4.666 -4.812 0.521
 endloop
endfacet
facet normal 0.326 -0.38 -0.866
 outer loop
  vertex 4.666 -4.812 0.521
  vertex 3.495 -4.628 0
  vertex 4.038 -4.164 0
 endloop
endfacet
facet normal 0.37 -0.337 -0.866
 outer loop
  vertex 4.666 -4.812 0.521
  vertex 4.038 -4.164 0
  vertex 4.519 -3.636 0
 endloop
endfacet
facet normal 0.223 -0.448 -0.866
 outer loop
  vertex 3.25 -5.629 0.404
  vertex 2.553 -6.032 0.433
  vertex 2.9 -5.023 0
 endloop
endfacet
facet normal 0.223 -0.448 -0.866
 outer loop
  vertex 2.9 -5.023 0
  vertex 2.553 -6.032 0.433
  vertex 2.261 -5.341 0
 endloop
endfacet
facet normal 0.166 -0.472 -0.866
 outer loop
  vertex 2.261 -5.341 0
  vertex 2.553 -6.032 0.433
  vertex 1.587 -5.579 0
 endloop
endfacet
facet normal 0.166 -0.472 -0.866
 outer loop
  vertex 1.587 -5.579 0
  vertex 2.553 -6.032 0.433
  vertex 1.834 -6.447 0.521
 endloop
endfacet
facet normal 0.107 -0.489 -0.866
 outer loop
  vertex 1.587 -5.579 0
  vertex 1.834 -6.447 0.521
  vertex 1.069 -6.888 0.676
 endloop
endfacet
facet normal 0.107 -0.489 -0.866
 outer loop
  vertex 1.587 -5.579 0
  vertex 1.069 -6.888 0.676
  vertex 0.89 -5.731 0
 endloop
endfacet
facet normal 0.059 -0.497 -0.866
 outer loop
  vertex 0.89 -5.731 0
  vertex 1.069 -6.888 0.676
  vertex 0.588 -7.166 0.803
 endloop
endfacet
facet normal 0.046 -0.495 -0.868
 outer loop
  vertex 0.89 -5.731 0
  vertex 0.588 -7.166 0.803
  vertex 0.179 -5.797 0
 endloop
endfacet
facet normal 0.028 -0.499 -0.866
 outer loop
  vertex 0.179 -5.797 0
  vertex 0.588 -7.166 0.803
  vertex 0.221 -7.187 0.803
 endloop
endfacet
facet normal -0.013 -0.5 -0.866
 outer loop
  vertex 0.179 -5.797 0
  vertex 0.221 -7.187 0.803
  vertex -0.588 -7.166 0.803
 endloop
endfacet
facet normal -0.015 -0.499 -0.866
 outer loop
  vertex 0.179 -5.797 0
  vertex -0.588 -7.166 0.803
  vertex -0.535 -5.775 0
 endloop
endfacet
facet normal -0.044 -0.498 -0.866
 outer loop
  vertex -0.535 -5.775 0
  vertex -0.588 -7.166 0.803
  vertex -0.66 -7.124 0.782
 endloop
endfacet
facet normal -0.077 -0.495 -0.866
 outer loop
  vertex -0.535 -5.775 0
  vertex -0.66 -7.124 0.782
  vertex -1.241 -5.666 0
 endloop
endfacet
facet normal -0.077 -0.495 -0.866
 outer loop
  vertex -1.241 -5.666 0
  vertex -0.66 -7.124 0.782
  vertex -1.459 -6.663 0.589
 endloop
endfacet
facet normal -0.137 -0.482 -0.866
 outer loop
  vertex -1.241 -5.666 0
  vertex -1.459 -6.663 0.589
  vertex -2.198 -6.237 0.469
 endloop
endfacet
facet normal -0.137 -0.482 -0.866
 outer loop
  vertex -1.241 -5.666 0
  vertex -2.198 -6.237 0.469
  vertex -1.928 -5.47 0
 endloop
endfacet
facet normal -0.195 -0.461 -0.866
 outer loop
  vertex -1.928 -5.47 0
  vertex -2.198 -6.237 0.469
  vertex -2.903 -5.83 0.411
 endloop
endfacet
facet normal -0.195 -0.461 -0.866
 outer loop
  vertex -1.928 -5.47 0
  vertex -2.903 -5.83 0.411
  vertex -2.585 -5.192 0
 endloop
endfacet
facet normal -0.25 -0.434 -0.866
 outer loop
  vertex -2.585 -5.192 0
  vertex -2.903 -5.83 0.411
  vertex -3.204 -4.835 0
 endloop
endfacet
facet normal -0.25 -0.434 -0.866
 outer loop
  vertex -2.903 -5.83 0.411
  vertex -3.597 -5.429 0.411
  vertex -3.204 -4.835 0
 endloop
endfacet
facet normal -0.302 -0.4 -0.866
 outer loop
  vertex -3.204 -4.835 0
  vertex -3.597 -5.429 0.411
  vertex -4.302 -5.022 0.469
 endloop
endfacet
facet normal -0.302 -0.4 -0.866
 outer loop
  vertex -3.204 -4.835 0
  vertex -4.302 -5.022 0.469
  vertex -3.774 -4.405 0
 endloop
endfacet
facet normal -0.349 -0.359 -0.866
 outer loop
  vertex -3.774 -4.405 0
  vertex -4.302 -5.022 0.469
  vertex -4.286 -3.907 0
 endloop
endfacet
facet normal -0.349 -0.359 -0.866
 outer loop
  vertex -4.302 -5.022 0.469
  vertex -5.041 -4.595 0.589
  vertex -4.286 -3.907 0
 endloop
endfacet
facet normal -0.39 -0.314 -0.866
 outer loop
  vertex -4.286 -3.907 0
  vertex -5.041 -4.595 0.589
  vertex -4.734 -3.351 0
 endloop
endfacet
facet normal -0.39 -0.314 -0.866
 outer loop
  vertex -5.041 -4.595 0.589
  vertex -5.84 -4.134 0.782
  vertex -4.734 -3.351 0
 endloop
endfacet
facet normal -0.41 -0.287 -0.866
 outer loop
  vertex -4.734 -3.351 0
  vertex -5.84 -4.134 0.782
  vertex -5.912 -4.092 0.803
 endloop
endfacet
facet normal -0.425 -0.263 -0.866
 outer loop
  vertex -4.734 -3.351 0
  vertex -5.912 -4.092 0.803
  vertex -5.11 -2.744 0
 endloop
endfacet
facet normal -0.427 -0.261 -0.866
 outer loop
  vertex -5.11 -2.744 0
  vertex -5.912 -4.092 0.803
  vertex -6.334 -3.402 0.803
 endloop
endfacet
facet normal -0.447 -0.225 -0.866
 outer loop
  vertex -5.11 -2.744 0
  vertex -6.334 -3.402 0.803
  vertex -6.5 -3.073 0.803
 endloop
endfacet
facet normal -0.452 -0.208 -0.868
 outer loop
  vertex -5.11 -2.744 0
  vertex -6.5 -3.073 0.803
  vertex -5.408 -2.095 0
 endloop
endfacet
facet normal -0.46 -0.197 -0.866
 outer loop
  vertex -5.408 -2.095 0
  vertex -6.5 -3.073 0.803
  vertex -6.5 -2.518 0.676
 endloop
endfacet
facet normal -0.477 -0.152 -0.866
 outer loop
  vertex -5.408 -2.095 0
  vertex -6.5 -2.518 0.676
  vertex -5.625 -1.415 0
 endloop
endfacet
facet normal -0.477 -0.152 -0.866
 outer loop
  vertex -5.625 -1.415 0
  vertex -6.5 -2.518 0.676
  vertex -6.5 -1.635 0.521
 endloop
endfacet
facet normal -0.492 -0.092 -0.866
 outer loop
  vertex -5.625 -1.415 0
  vertex -6.5 -1.635 0.521
  vertex -5.756 -0.713 0
 endloop
endfacet
facet normal -0.492 -0.092 -0.866
 outer loop
  vertex -5.756 -0.713 0
  vertex -6.5 -1.635 0.521
  vertex -6.5 -0.805 0.433
 endloop
endfacet
facet normal -0.5 -0.031 -0.866
 outer loop
  vertex -5.756 -0.713 0
  vertex -6.5 -0.805 0.433
  vertex -6.5 -0 0.404
 endloop
endfacet
facet normal -0.492 0.092 -0.866
 outer loop
  vertex -6.5 1.635 0.521
  vertex -5.625 1.415 0
  vertex -6.5 0.805 0.433
 endloop
endfacet
facet normal -0.492 0.092 -0.866
 outer loop
  vertex -6.5 0.805 0.433
  vertex -5.625 1.415 0
  vertex -5.756 0.713 0
 endloop
endfacet
facet normal -0.5 0.031 -0.866
 outer loop
  vertex -6.5 0.805 0.433
  vertex -5.756 0.713 0
  vertex -6.5 -0 0.404
 endloop
endfacet
facet normal -0.5 0.031 -0.866
 outer loop
  vertex -6.5 -0 0.404
  vertex -5.756 0.713 0
  vertex -5.8 -0 0
 endloop
endfacet
facet normal -0.5 -0.031 -0.866
 outer loop
  vertex -6.5 -0 0.404
  vertex -5.8 -0 0
  vertex -5.756 -0.713 0
 endloop
endfacet
facet normal -0.477 0.152 -0.866
 outer loop
  vertex -6.5 1.635 0.521
  vertex -6.5 2.518 0.676
  vertex -5.625 1.415 0
 endloop
endfacet
facet normal -0.477 0.152 -0.866
 outer loop
  vertex -5.625 1.415 0
  vertex -6.5 2.518 0.676
  vertex -5.408 2.095 0
 endloop
endfacet
facet normal -0.46 0.197 -0.866
 outer loop
  vertex -6.5 2.518 0.676
  vertex -6.5 3.073 0.803
  vertex -5.408 2.095 0
 endloop
endfacet
facet normal -0.452 0.208 -0.868
 outer loop
  vertex -5.408 2.095 0
  vertex -6.5 3.073 0.803
  vertex -5.11 2.744 0
 endloop
endfacet
facet normal -0.447 0.225 -0.866
 outer loop
  vertex -6.5 3.073 0.803
  vertex -6.334 3.402 0.803
  vertex -5.11 2.744 0
 endloop
endfacet
facet normal -0.427 0.261 -0.866
 outer loop
  vertex -5.11 2.744 0
  vertex -6.334 3.402 0.803
  vertex -5.912 4.092 0.803
 endloop
endfacet
facet normal -0.425 0.263 -0.866
 outer loop
  vertex -5.11 2.744 0
  vertex -5.912 4.092 0.803
  vertex -4.734 3.351 0
 endloop
endfacet
facet normal -0.41 0.287 -0.866
 outer loop
  vertex -4.734 3.351 0
  vertex -5.912 4.092 0.803
  vertex -5.84 4.134 0.782
 endloop
endfacet
facet normal -0.39 0.314 -0.866
 outer loop
  vertex -4.734 3.351 0
  vertex -5.84 4.134 0.782
  vertex -4.286 3.907 0
 endloop
endfacet
facet normal -0.39 0.314 -0.866
 outer loop
  vertex -4.286 3.907 0
  vertex -5.84 4.134 0.782
  vertex -5.041 4.595 0.589
 endloop
endfacet
facet normal -0.349 0.359 -0.866
 outer loop
  vertex -4.286 3.907 0
  vertex -5.041 4.595 0.589
  vertex -3.774 4.405 0
 endloop
endfacet
facet normal -0.349 0.359 -0.866
 outer loop
  vertex -3.774 4.405 0
  vertex -5.041 4.595 0.589
  vertex -4.302 5.022 0.469
 endloop
endfacet
facet normal -0.302 0.4 -0.866
 outer loop
  vertex -3.774 4.405 0
  vertex -4.302 5.022 0.469
  vertex -3.204 4.835 0
 endloop
endfacet
facet normal -0.302 0.4 -0.866
 outer loop
  vertex -3.204 4.835 0
  vertex -4.302 5.022 0.469
  vertex -3.597 5.429 0.411
 endloop
endfacet
facet normal -0.25 0.434 -0.866
 outer loop
  vertex -3.204 4.835 0
  vertex -3.597 5.429 0.411
  vertex -2.903 5.83 0.411
 endloop
endfacet
facet normal -0.25 0.434 -0.866
 outer loop
  vertex -3.204 4.835 0
  vertex -2.903 5.83 0.411
  vertex -2.585 5.192 0
 endloop
endfacet
facet normal -0.195 0.461 -0.866
 outer loop
  vertex -2.585 5.192 0
  vertex -2.903 5.83 0.411
  vertex -2.198 6.237 0.469
 endloop
endfacet
facet normal -0.195 0.461 -0.866
 outer loop
  vertex -2.585 5.192 0
  vertex -2.198 6.237 0.469
  vertex -1.928 5.47 0
 endloop
endfacet
facet normal -0.137 0.482 -0.866
 outer loop
  vertex -1.928 5.47 0
  vertex -2.198 6.237 0.469
  vertex -1.241 5.666 0
 endloop
endfacet
facet normal -0.137 0.482 -0.866
 outer loop
  vertex -2.198 6.237 0.469
  vertex -1.459 6.663 0.589
  vertex -1.241 5.666 0
 endloop
endfacet
facet normal -0.077 0.495 -0.866
 outer loop
  vertex -1.241 5.666 0
  vertex -1.459 6.663 0.589
  vertex -0.535 5.775 0
 endloop
endfacet
facet normal -0.077 0.495 -0.866
 outer loop
  vertex -1.459 6.663 0.589
  vertex -0.66 7.124 0.782
  vertex -0.535 5.775 0
 endloop
endfacet
facet normal -0.044 0.498 -0.866
 outer loop
  vertex -0.535 5.775 0
  vertex -0.66 7.124 0.782
  vertex -0.588 7.166 0.803
 endloop
endfacet
facet normal -0.015 0.499 -0.866
 outer loop
  vertex -0.535 5.775 0
  vertex -0.588 7.166 0.803
  vertex 0.179 5.797 0
 endloop
endfacet
facet normal -0.013 0.5 -0.866
 outer loop
  vertex 0.179 5.797 0
  vertex -0.588 7.166 0.803
  vertex 0.221 7.187 0.803
 endloop
endfacet
facet normal 0.028 0.499 -0.866
 outer loop
  vertex 0.179 5.797 0
  vertex 0.221 7.187 0.803
  vertex 0.588 7.166 0.803
 endloop
endfacet
facet normal 0.046 0.495 -0.868
 outer loop
  vertex 0.179 5.797 0
  vertex 0.588 7.166 0.803
  vertex 0.89 5.731 0
 endloop
endfacet
facet normal 0.059 0.497 -0.866
 outer loop
  vertex 0.89 5.731 0
  vertex 0.588 7.166 0.803
  vertex 1.069 6.888 0.676
 endloop
endfacet
facet normal 0.107 0.489 -0.866
 outer loop
  vertex 0.89 5.731 0
  vertex 1.069 6.888 0.676
  vertex 1.834 6.447 0.521
 endloop
endfacet
facet normal 0.223 0.448 -0.866
 outer loop
  vertex 3.25 5.629 0.404
  vertex 2.9 5.023 0
  vertex 2.553 6.032 0.433
 endloop
endfacet
facet normal 0.223 0.448 -0.866
 outer loop
  vertex 2.553 6.032 0.433
  vertex 2.9 5.023 0
  vertex 2.261 5.341 0
 endloop
endfacet
facet normal 0.166 0.472 -0.866
 outer loop
  vertex 2.553 6.032 0.433
  vertex 2.261 5.341 0
  vertex 1.834 6.447 0.521
 endloop
endfacet
facet normal 0.166 0.472 -0.866
 outer loop
  vertex 1.834 6.447 0.521
  vertex 2.261 5.341 0
  vertex 1.587 5.579 0
 endloop
endfacet
facet normal 0.107 0.489 -0.866
 outer loop
  vertex 1.834 6.447 0.521
  vertex 1.587 5.579 0
  vertex 0.89 5.731 0
 endloop
endfacet
facet normal 0.277 0.417 -0.866
 outer loop
  vertex 3.25 5.629 0.404
  vertex 3.947 5.227 0.433
  vertex 2.9 5.023 0
 endloop
endfacet
facet normal 0.277 0.417 -0.866
 outer loop
  vertex 2.9 5.023 0
  vertex 3.947 5.227 0.433
  vertex 3.495 4.628 0
 endloop
endfacet
facet normal 0.326 0.38 -0.866
 outer loop
  vertex 3.495 4.628 0
  vertex 3.947 5.227 0.433
  vertex 4.038 4.164 0
 endloop
endfacet
facet normal 0.326 0.38 -0.866
 outer loop
  vertex 4.038 4.164 0
  vertex 3.947 5.227 0.433
  vertex 4.666 4.812 0.521
 endloop
endfacet
facet normal 0.37 0.337 -0.866
 outer loop
  vertex 4.038 4.164 0
  vertex 4.666 4.812 0.521
  vertex 5.431 4.37 0.676
 endloop
endfacet
facet normal 0.37 0.337 -0.866
 outer loop
  vertex 4.038 4.164 0
  vertex 5.431 4.37 0.676
  vertex 4.519 3.636 0
 endloop
endfacet
facet normal 0.401 0.299 -0.866
 outer loop
  vertex 4.519 3.636 0
  vertex 5.431 4.37 0.676
  vertex 5.912 4.092 0.803
 endloop
endfacet
facet normal 0.406 0.287 -0.868
 outer loop
  vertex 4.519 3.636 0
  vertex 5.912 4.092 0.803
  vertex 4.931 3.053 0
 endloop
endfacet
facet normal -0.026 1 0
 outer loop
  vertex -0.588 7.166 5.997
  vertex 0.221 7.187 5.997
  vertex -0.588 7.166 0.803
 endloop
endfacet
facet normal -0.026 1 0
 outer loop
  vertex -0.588 7.166 0.803
  vertex 0.221 7.187 5.997
  vertex 0.221 7.187 0.803
 endloop
endfacet
facet normal 0.056 0.998 0
 outer loop
  vertex 0.588 7.166 5.997
  vertex 0.588 7.166 0.803
  vertex 0.221 7.187 5.997
 endloop
endfacet
facet normal 0.056 0.998 0
 outer loop
  vertex 0.221 7.187 5.997
  vertex 0.588 7.166 0.803
  vertex 0.221 7.187 0.803
 endloop
endfacet
facet normal -0.5 0.866 0
 outer loop
  vertex -5.912 4.092 0.803
  vertex -5.912 4.092 5.997
  vertex -5.84 4.134 0.782
 endloop
endfacet
facet normal -0.5 0.866 0
 outer loop
  vertex -5.84 4.134 0.782
  vertex -5.912 4.092 5.997
  vertex -5.84 4.134 6.018
 endloop
endfacet
facet normal -0.5 0.866 0
 outer loop
  vertex -5.84 4.134 0.782
  vertex -5.84 4.134 6.018
  vertex -5.041 4.595 6.211
 endloop
endfacet
facet normal -0.5 0.866 0
 outer loop
  vertex -5.84 4.134 0.782
  vertex -5.041 4.595 6.211
  vertex -5.041 4.595 0.589
 endloop
endfacet
facet normal -0.5 0.866 0
 outer loop
  vertex -5.041 4.595 0.589
  vertex -5.041 4.595 6.211
  vertex -4.302 5.022 6.331
 endloop
endfacet
facet normal -0.5 0.866 0
 outer loop
  vertex -5.041 4.595 0.589
  vertex -4.302 5.022 6.331
  vertex -4.302 5.022 0.469
 endloop
endfacet
facet normal -0.5 0.866 0
 outer loop
  vertex -4.302 5.022 0.469
  vertex -4.302 5.022 6.331
  vertex -3.597 5.429 6.389
 endloop
endfacet
facet normal -0.5 0.866 0
 outer loop
  vertex -4.302 5.022 0.469
  vertex -3.597 5.429 6.389
  vertex -3.597 5.429 0.411
 endloop
endfacet
facet normal -0.5 0.866 0
 outer loop
  vertex -3.597 5.429 0.411
  vertex -3.597 5.429 6.389
  vertex -2.903 5.83 0.411
 endloop
endfacet
facet normal -0.5 0.866 0
 outer loop
  vertex -3.597 5.429 6.389
  vertex -2.903 5.83 6.389
  vertex -2.903 5.83 0.411
 endloop
endfacet
facet normal -0.5 0.866 0
 outer loop
  vertex -2.903 5.83 0.411
  vertex -2.903 5.83 6.389
  vertex -2.198 6.237 0.469
 endloop
endfacet
facet normal -0.5 0.866 0
 outer loop
  vertex -2.903 5.83 6.389
  vertex -2.198 6.237 6.331
  vertex -2.198 6.237 0.469
 endloop
endfacet
facet normal -0.5 0.866 0
 outer loop
  vertex -2.198 6.237 0.469
  vertex -2.198 6.237 6.331
  vertex -1.459 6.663 0.589
 endloop
endfacet
facet normal -0.5 0.866 0
 outer loop
  vertex -2.198 6.237 6.331
  vertex -1.459 6.663 6.211
  vertex -1.459 6.663 0.589
 endloop
endfacet
facet normal -0.5 0.866 0
 outer loop
  vertex -1.459 6.663 0.589
  vertex -1.459 6.663 6.211
  vertex -0.66 7.124 0.782
 endloop
endfacet
facet normal -0.5 0.866 0
 outer loop
  vertex -1.459 6.663 6.211
  vertex -0.66 7.124 6.018
  vertex -0.66 7.124 0.782
 endloop
endfacet
facet normal -0.5 0.866 0
 outer loop
  vertex -0.66 7.124 0.782
  vertex -0.66 7.124 6.018
  vertex -0.588 7.166 5.997
 endloop
endfacet
facet normal -0.5 0.866 0
 outer loop
  vertex -0.66 7.124 0.782
  vertex -0.588 7.166 5.997
  vertex -0.588 7.166 0.803
 endloop
endfacet
facet normal -0.893 0.45 0
 outer loop
  vertex -6.5 3.073 0.803
  vertex -6.5 3.073 5.997
  vertex -6.334 3.402 0.803
 endloop
endfacet
facet normal -0.893 0.45 0
 outer loop
  vertex -6.334 3.402 0.803
  vertex -6.5 3.073 5.997
  vertex -6.334 3.402 5.997
 endloop
endfacet
facet normal -0.853 0.522 0
 outer loop
  vertex -6.334 3.402 0.803
  vertex -6.334 3.402 5.997
  vertex -5.912 4.092 5.997
 endloop
endfacet
facet normal -0.853 0.522 0
 outer loop
  vertex -5.912 4.092 5.997
  vertex -5.912 4.092 0.803
  vertex -6.334 3.402 0.803
 endloop
endfacet
facet normal -1 0 0
 outer loop
  vertex -6.5 -3.073 0.803
  vertex -6.5 -3.073 5.997
  vertex -6.5 -2.518 0.676
 endloop
endfacet
facet normal -1 0 0
 outer loop
  vertex -6.5 -2.518 0.676
  vertex -6.5 -3.073 5.997
  vertex -6.5 -2.518 6.124
 endloop
endfacet
facet normal -1 0 0
 outer loop
  vertex -6.5 -2.518 0.676
  vertex -6.5 -2.518 6.124
  vertex -6.5 -1.635 6.279
 endloop
endfacet
facet normal -1 0 0
 outer loop
  vertex -6.5 -2.518 0.676
  vertex -6.5 -1.635 6.279
  vertex -6.5 -1.635 0.521
 endloop
endfacet
facet normal -1 0 0
 outer loop
  vertex -6.5 -1.635 0.521
  vertex -6.5 -1.635 6.279
  vertex -6.5 -0.805 6.367
 endloop
endfacet
facet normal -1 0 0
 outer loop
  vertex -6.5 -1.635 0.521
  vertex -6.5 -0.805 6.367
  vertex -6.5 -0.805 0.433
 endloop
endfacet
facet normal -1 0 0
 outer loop
  vertex -6.5 -0.805 0.433
  vertex -6.5 -0.805 6.367
  vertex -6.5 0 6.396
 endloop
endfacet
facet normal -1 0 0
 outer loop
  vertex -6.5 -0.805 0.433
  vertex -6.5 0 6.396
  vertex -6.5 -0 0.404
 endloop
endfacet
facet normal -1 0 0
 outer loop
  vertex -6.5 -0 0.404
  vertex -6.5 0 6.396
  vertex -6.5 0.805 0.433
 endloop
endfacet
facet normal -1 0 0
 outer loop
  vertex -6.5 0 6.396
  vertex -6.5 0.805 6.367
  vertex -6.5 0.805 0.433
 endloop
endfacet
facet normal -1 0 0
 outer loop
  vertex -6.5 0.805 0.433
  vertex -6.5 0.805 6.367
  vertex -6.5 1.635 0.521
 endloop
endfacet
facet normal -1 0 0
 outer loop
  vertex -6.5 0.805 6.367
  vertex -6.5 1.635 6.279
  vertex -6.5 1.635 0.521
 endloop
endfacet
facet normal -1 0 0
 outer loop
  vertex -6.5 1.635 0.521
  vertex -6.5 1.635 6.279
  vertex -6.5 2.518 0.676
 endloop
endfacet
facet normal -1 0 0
 outer loop
  vertex -6.5 1.635 6.279
  vertex -6.5 2.518 6.124
  vertex -6.5 2.518 0.676
 endloop
endfacet
facet normal -1 0 0
 outer loop
  vertex -6.5 2.518 0.676
  vertex -6.5 2.518 6.124
  vertex -6.5 3.073 5.997
 endloop
endfacet
facet normal -1 0 0
 outer loop
  vertex -6.5 2.518 0.676
  vertex -6.5 3.073 5.997
  vertex -6.5 3.073 0.803
 endloop
endfacet
facet normal -0.853 -0.522 -0
 outer loop
  vertex -5.912 -4.092 5.997
  vertex -6.334 -3.402 5.997
  vertex -5.912 -4.092 0.803
 endloop
endfacet
facet normal -0.853 -0.522 0
 outer loop
  vertex -5.912 -4.092 0.803
  vertex -6.334 -3.402 5.997
  vertex -6.334 -3.402 0.803
 endloop
endfacet
facet normal -0.893 -0.45 -0
 outer loop
  vertex -6.5 -3.073 5.997
  vertex -6.5 -3.073 0.803
  vertex -6.334 -3.402 5.997
 endloop
endfacet
facet normal -0.893 -0.45 -0
 outer loop
  vertex -6.334 -3.402 5.997
  vertex -6.5 -3.073 0.803
  vertex -6.334 -3.402 0.803
 endloop
endfacet
facet normal 0 0 -1
 outer loop
  vertex 3.992 -0.246 0
  vertex 4 0 0
  vertex 5.8 0 0
 endloop
endfacet
facet normal 0 0 -1
 outer loop
  vertex 5.8 0 0
  vertex 4 0 0
  vertex 3.992 0.246 0
 endloop
endfacet
facet normal 0 0 -1
 outer loop
  vertex 5.8 0 0
  vertex 3.992 0.246 0
  vertex 5.789 0.357 0
 endloop
endfacet
facet normal -0 0 -1
 outer loop
  vertex 5.789 0.357 0
  vertex 3.992 0.246 0
  vertex 3.932 0.735 0
 endloop
endfacet
facet normal 0 0 -1
 outer loop
  vertex 5.789 0.357 0
  vertex 3.932 0.735 0
  vertex 5.701 1.066 0
 endloop
endfacet
facet normal -0 0 -1
 outer loop
  vertex 5.701 1.066 0
  vertex 3.932 0.735 0
  vertex 3.812 1.213 0
 endloop
endfacet
facet normal 0 0 -1
 outer loop
  vertex 5.701 1.066 0
  vertex 3.812 1.213 0
  vertex 5.527 1.758 0
 endloop
endfacet
facet normal 0 0 -1
 outer loop
  vertex 5.527 1.758 0
  vertex 3.812 1.213 0
  vertex 3.634 1.672 0
 endloop
endfacet
facet normal -0 0 -1
 outer loop
  vertex 5.527 1.758 0
  vertex 3.634 1.672 0
  vertex 5.269 2.424 0
 endloop
endfacet
facet normal 0 0 -1
 outer loop
  vertex 5.269 2.424 0
  vertex 3.634 1.672 0
  vertex 3.401 2.106 0
 endloop
endfacet
facet normal -0 0 -1
 outer loop
  vertex 5.269 2.424 0
  vertex 3.401 2.106 0
  vertex 4.931 3.053 0
 endloop
endfacet
facet normal 0 0 -1
 outer loop
  vertex 4.931 3.053 0
  vertex 3.401 2.106 0
  vertex 3.116 2.508 0
 endloop
endfacet
facet normal -0 0 -1
 outer loop
  vertex 4.931 3.053 0
  vertex 3.116 2.508 0
  vertex 4.519 3.636 0
 endloop
endfacet
facet normal 0 0 -1
 outer loop
  vertex 4.519 3.636 0
  vertex 3.116 2.508 0
  vertex 2.785 2.872 0
 endloop
endfacet
facet normal -0 0 -1
 outer loop
  vertex 4.519 3.636 0
  vertex 2.785 2.872 0
  vertex 4.038 4.164 0
 endloop
endfacet
facet normal 0 0 -1
 outer loop
  vertex 4.038 4.164 0
  vertex 2.785 2.872 0
  vertex 2.411 3.192 0
 endloop
endfacet
facet normal -0 0 -1
 outer loop
  vertex 4.038 4.164 0
  vertex 2.411 3.192 0
  vertex 3.495 4.628 0
 endloop
endfacet
facet normal 0 0 -1
 outer loop
  vertex 3.495 4.628 0
  vertex 2.411 3.192 0
  vertex 2 3.464 0
 endloop
endfacet
facet normal -0 0 -1
 outer loop
  vertex 3.495 4.628 0
  vertex 2 3.464 0
  vertex 2.9 5.023 0
 endloop
endfacet
facet normal 0 0 -1
 outer loop
  vertex 2.9 5.023 0
  vertex 2 3.464 0
  vertex 1.559 3.684 0
 endloop
endfacet
facet normal -0 0 -1
 outer loop
  vertex 2.9 5.023 0
  vertex 1.559 3.684 0
  vertex 2.261 5.341 0
 endloop
endfacet
facet normal 0 0 -1
 outer loop
  vertex 2.261 5.341 0
  vertex 1.559 3.684 0
  vertex 1.095 3.847 0
 endloop
endfacet
facet normal -0 0 -1
 outer loop
  vertex 2.261 5.341 0
  vertex 1.095 3.847 0
  vertex 1.587 5.579 0
 endloop
endfacet
facet normal 0 0 -1
 outer loop
  vertex 1.587 5.579 0
  vertex 1.095 3.847 0
  vertex 0.614 3.953 0
 endloop
endfacet
facet normal -0 0 -1
 outer loop
  vertex 1.587 5.579 0
  vertex 0.614 3.953 0
  vertex 0.89 5.731 0
 endloop
endfacet
facet normal 0 0 -1
 outer loop
  vertex 0.89 5.731 0
  vertex 0.614 3.953 0
  vertex 0.123 3.998 0
 endloop
endfacet
facet normal -0 0 -1
 outer loop
  vertex 0.89 5.731 0
  vertex 0.123 3.998 0
  vertex 0.179 5.797 0
 endloop
endfacet
facet normal 0 0 -1
 outer loop
  vertex 0.179 5.797 0
  vertex 0.123 3.998 0
  vertex -0.535 5.775 0
 endloop
endfacet
facet normal -0 0 -1
 outer loop
  vertex 0.123 3.998 0
  vertex -0.369 3.983 0
  vertex -0.535 5.775 0
 endloop
endfacet
facet normal 0 -0 -1
 outer loop
  vertex -0.535 5.775 0
  vertex -0.369 3.983 0
  vertex -1.241 5.666 0
 endloop
endfacet
facet normal -0 0 -1
 outer loop
  vertex -0.369 3.983 0
  vertex -0.856 3.907 0
  vertex -1.241 5.666 0
 endloop
endfacet
facet normal 0 -0 -1
 outer loop
  vertex -1.241 5.666 0
  vertex -0.856 3.907 0
  vertex -1.928 5.47 0
 endloop
endfacet
facet normal -0 0 -1
 outer loop
  vertex -0.856 3.907 0
  vertex -1.329 3.773 0
  vertex -1.928 5.47 0
 endloop
endfacet
facet normal 0 -0 -1
 outer loop
  vertex -1.928 5.47 0
  vertex -1.329 3.773 0
  vertex -2.585 5.192 0
 endloop
endfacet
facet normal -0 0 -1
 outer loop
  vertex -1.329 3.773 0
  vertex -1.783 3.581 0
  vertex -2.585 5.192 0
 endloop
endfacet
facet normal 0 -0 -1
 outer loop
  vertex -2.585 5.192 0
  vertex -1.783 3.581 0
  vertex -3.204 4.835 0
 endloop
endfacet
facet normal -0 0 -1
 outer loop
  vertex -1.783 3.581 0
  vertex -2.209 3.334 0
  vertex -3.204 4.835 0
 endloop
endfacet
facet normal 0 -0 -1
 outer loop
  vertex -3.204 4.835 0
  vertex -2.209 3.334 0
  vertex -3.774 4.405 0
 endloop
endfacet
facet normal -0 0 -1
 outer loop
  vertex -2.209 3.334 0
  vertex -2.602 3.038 0
  vertex -3.774 4.405 0
 endloop
endfacet
facet normal 0 -0 -1
 outer loop
  vertex -3.774 4.405 0
  vertex -2.602 3.038 0
  vertex -4.286 3.907 0
 endloop
endfacet
facet normal -0 0 -1
 outer loop
  vertex -2.602 3.038 0
  vertex -2.956 2.695 0
  vertex -4.286 3.907 0
 endloop
endfacet
facet normal 0 -0 -1
 outer loop
  vertex -4.286 3.907 0
  vertex -2.956 2.695 0
  vertex -4.734 3.351 0
 endloop
endfacet
facet normal -0 0 -1
 outer loop
  vertex -2.956 2.695 0
  vertex -3.265 2.311 0
  vertex -4.734 3.351 0
 endloop
endfacet
facet normal 0 -0 -1
 outer loop
  vertex -4.734 3.351 0
  vertex -3.265 2.311 0
  vertex -5.11 2.744 0
 endloop
endfacet
facet normal -0 0 -1
 outer loop
  vertex -3.265 2.311 0
  vertex -3.524 1.892 0
  vertex -5.11 2.744 0
 endloop
endfacet
facet normal 0 -0 -1
 outer loop
  vertex -5.11 2.744 0
  vertex -3.524 1.892 0
  vertex -5.408 2.095 0
 endloop
endfacet
facet normal -0 0 -1
 outer loop
  vertex -3.524 1.892 0
  vertex -3.73 1.445 0
  vertex -5.408 2.095 0
 endloop
endfacet
facet normal 0 -0 -1
 outer loop
  vertex -5.408 2.095 0
  vertex -3.73 1.445 0
  vertex -5.625 1.415 0
 endloop
endfacet
facet normal 0 0 -1
 outer loop
  vertex -3.73 1.445 0
  vertex -3.879 0.976 0
  vertex -5.625 1.415 0
 endloop
endfacet
facet normal 0 -0 -1
 outer loop
  vertex -5.625 1.415 0
  vertex -3.879 0.976 0
  vertex -5.756 0.713 0
 endloop
endfacet
facet normal 0 0 -1
 outer loop
  vertex -3.879 0.976 0
  vertex -3.97 0.492 0
  vertex -5.756 0.713 0
 endloop
endfacet
facet normal 0 -0 -1
 outer loop
  vertex -5.756 0.713 0
  vertex -3.97 0.492 0
  vertex -5.8 -0 0
 endloop
endfacet
facet normal 0 0 -1
 outer loop
  vertex -3.97 0.492 0
  vertex -4 0 0
  vertex -5.8 -0 0
 endloop
endfacet
facet normal 0 0 -1
 outer loop
  vertex -5.8 -0 0
  vertex -4 0 0
  vertex -5.756 -0.713 0
 endloop
endfacet
facet normal 0 -0 -1
 outer loop
  vertex -4 0 0
  vertex -3.97 -0.492 0
  vertex -5.756 -0.713 0
 endloop
endfacet
facet normal 0 0 -1
 outer loop
  vertex -5.756 -0.713 0
  vertex -3.97 -0.492 0
  vertex -3.879 -0.976 0
 endloop
endfacet
facet normal 0 0 -1
 outer loop
  vertex -5.756 -0.713 0
  vertex -3.879 -0.976 0
  vertex -5.625 -1.415 0
 endloop
endfacet
facet normal 0 0 -1
 outer loop
  vertex -5.625 -1.415 0
  vertex -3.879 -0.976 0
  vertex -3.73 -1.445 0
 endloop
endfacet
facet normal 0 0 -1
 outer loop
  vertex -5.625 -1.415 0
  vertex -3.73 -1.445 0
  vertex -5.408 -2.095 0
 endloop
endfacet
facet normal 0 0 -1
 outer loop
  vertex -5.408 -2.095 0
  vertex -3.73 -1.445 0
  vertex -3.524 -1.892 0
 endloop
endfacet
facet normal 0 0 -1
 outer loop
  vertex -5.408 -2.095 0
  vertex -3.524 -1.892 0
  vertex -5.11 -2.744 0
 endloop
endfacet
facet normal 0 0 -1
 outer loop
  vertex -5.11 -2.744 0
  vertex -3.524 -1.892 0
  vertex -3.265 -2.311 0
 endloop
endfacet
facet normal 0 0 -1
 outer loop
  vertex -5.11 -2.744 0
  vertex -3.265 -2.311 0
  vertex -4.734 -3.351 0
 endloop
endfacet
facet normal 0 0 -1
 outer loop
  vertex -4.734 -3.351 0
  vertex -3.265 -2.311 0
  vertex -2.956 -2.695 0
 endloop
endfacet
facet normal 0 0 -1
 outer loop
  vertex -4.734 -3.351 0
  vertex -2.956 -2.695 0
  vertex -4.286 -3.907 0
 endloop
endfacet
facet normal 0 0 -1
 outer loop
  vertex -4.286 -3.907 0
  vertex -2.956 -2.695 0
  vertex -2.602 -3.038 0
 endloop
endfacet
facet normal 0 0 -1
 outer loop
  vertex -4.286 -3.907 0
  vertex -2.602 -3.038 0
  vertex -3.774 -4.405 0
 endloop
endfacet
facet normal 0 0 -1
 outer loop
  vertex -3.774 -4.405 0
  vertex -2.602 -3.038 0
  vertex -2.209 -3.334 0
 endloop
endfacet
facet normal 0 0 -1
 outer loop
  vertex -3.774 -4.405 0
  vertex -2.209 -3.334 0
  vertex -3.204 -4.835 0
 endloop
endfacet
facet normal 0 0 -1
 outer loop
  vertex -3.204 -4.835 0
  vertex -2.209 -3.334 0
  vertex -1.783 -3.581 0
 endloop
endfacet
facet normal 0 0 -1
 outer loop
  vertex -3.204 -4.835 0
  vertex -1.783 -3.581 0
  vertex -2.585 -5.192 0
 endloop
endfacet
facet normal 0 0 -1
 outer loop
  vertex -2.585 -5.192 0
  vertex -1.783 -3.581 0
  vertex -1.329 -3.773 0
 endloop
endfacet
facet normal 0 0 -1
 outer loop
  vertex -2.585 -5.192 0
  vertex -1.329 -3.773 0
  vertex -1.928 -5.47 0
 endloop
endfacet
facet normal 0 0 -1
 outer loop
  vertex -1.928 -5.47 0
  vertex -1.329 -3.773 0
  vertex -0.856 -3.907 0
 endloop
endfacet
facet normal 0 0 -1
 outer loop
  vertex -1.928 -5.47 0
  vertex -0.856 -3.907 0
  vertex -1.241 -5.666 0
 endloop
endfacet
facet normal 0 0 -1
 outer loop
  vertex -1.241 -5.666 0
  vertex -0.856 -3.907 0
  vertex -0.369 -3.983 0
 endloop
endfacet
facet normal 0 0 -1
 outer loop
  vertex -1.241 -5.666 0
  vertex -0.369 -3.983 0
  vertex -0.535 -5.775 0
 endloop
endfacet
facet normal 0 0 -1
 outer loop
  vertex -0.535 -5.775 0
  vertex -0.369 -3.983 0
  vertex 0.123 -3.998 0
 endloop
endfacet
facet normal 0 0 -1
 outer loop
  vertex -0.535 -5.775 0
  vertex 0.123 -3.998 0
  vertex 0.179 -5.797 0
 endloop
endfacet
facet normal 0 0 -1
 outer loop
  vertex 0.179 -5.797 0
  vertex 0.123 -3.998 0
  vertex 0.89 -5.731 0
 endloop
endfacet
facet normal 0 0 -1
 outer loop
  vertex 0.123 -3.998 0
  vertex 0.614 -3.953 0
  vertex 0.89 -5.731 0
 endloop
endfacet
facet normal 0 0 -1
 outer loop
  vertex 0.89 -5.731 0
  vertex 0.614 -3.953 0
  vertex 1.587 -5.579 0
 endloop
endfacet
facet normal 0 0 -1
 outer loop
  vertex 0.614 -3.953 0
  vertex 1.095 -3.847 0
  vertex 1.587 -5.579 0
 endloop
endfacet
facet normal 0 0 -1
 outer loop
  vertex 1.587 -5.579 0
  vertex 1.095 -3.847 0
  vertex 2.261 -5.341 0
 endloop
endfacet
facet normal 0 0 -1
 outer loop
  vertex 1.095 -3.847 0
  vertex 1.559 -3.684 0
  vertex 2.261 -5.341 0
 endloop
endfacet
facet normal 0 0 -1
 outer loop
  vertex 2.261 -5.341 0
  vertex 1.559 -3.684 0
  vertex 2.9 -5.023 0
 endloop
endfacet
facet normal 0 0 -1
 outer loop
  vertex 1.559 -3.684 0
  vertex 2 -3.464 0
  vertex 2.9 -5.023 0
 endloop
endfacet
facet normal 0 0 -1
 outer loop
  vertex 2.9 -5.023 0
  vertex 2 -3.464 0
  vertex 3.495 -4.628 0
 endloop
endfacet
facet normal 0 0 -1
 outer loop
  vertex 2 -3.464 0
  vertex 2.411 -3.192 0
  vertex 3.495 -4.628 0
 endloop
endfacet
facet normal 0 0 -1
 outer loop
  vertex 3.495 -4.628 0
  vertex 2.411 -3.192 0
  vertex 4.038 -4.164 0
 endloop
endfacet
facet normal 0 0 -1
 outer loop
  vertex 2.411 -3.192 0
  vertex 2.785 -2.872 0
  vertex 4.038 -4.164 0
 endloop
endfacet
facet normal 0 0 -1
 outer loop
  vertex 4.038 -4.164 0
  vertex 2.785 -2.872 0
  vertex 4.519 -3.636 0
 endloop
endfacet
facet normal 0 0 -1
 outer loop
  vertex 2.785 -2.872 0
  vertex 3.116 -2.508 0
  vertex 4.519 -3.636 0
 endloop
endfacet
facet normal 0 0 -1
 outer loop
  vertex 4.519 -3.636 0
  vertex 3.116 -2.508 0
  vertex 4.931 -3.053 0
 endloop
endfacet
facet normal 0 0 -1
 outer loop
  vertex 3.116 -2.508 0
  vertex 3.401 -2.106 0
  vertex 4.931 -3.053 0
 endloop
endfacet
facet normal 0 0 -1
 outer loop
  vertex 4.931 -3.053 0
  vertex 3.401 -2.106 0
  vertex 5.269 -2.424 0
 endloop
endfacet
facet normal 0 0 -1
 outer loop
  vertex 3.401 -2.106 0
  vertex 3.634 -1.672 0
  vertex 5.269 -2.424 0
 endloop
endfacet
facet normal 0 0 -1
 outer loop
  vertex 5.269 -2.424 0
  vertex 3.634 -1.672 0
  vertex 5.527 -1.758 0
 endloop
endfacet
facet normal 0 0 -1
 outer loop
  vertex 3.634 -1.672 0
  vertex 3.812 -1.213 0
  vertex 5.527 -1.758 0
 endloop
endfacet
facet normal 0 0 -1
 outer loop
  vertex 5.527 -1.758 0
  vertex 3.812 -1.213 0
  vertex 5.701 -1.066 0
 endloop
endfacet
facet normal 0 0 -1
 outer loop
  vertex 3.812 -1.213 0
  vertex 3.932 -0.735 0
  vertex 5.701 -1.066 0
 endloop
endfacet
facet normal 0 0 -1
 outer loop
  vertex 5.701 -1.066 0
  vertex 3.932 -0.735 0
  vertex 5.789 -0.357 0
 endloop
endfacet
facet normal 0 0 -1
 outer loop
  vertex 3.932 -0.735 0
  vertex 3.992 -0.246 0
  vertex 5.789 -0.357 0
 endloop
endfacet
facet normal 0 0 -1
 outer loop
  vertex 5.789 -0.357 0
  vertex 3.992 -0.246 0
  vertex 5.8 0 0
 endloop
endfacet
facet normal -0.5 -0.866 0
 outer loop
  vertex -0.588 -7.166 0.803
  vertex -0.588 -7.166 5.997
  vertex -0.66 -7.124 0.782
 endloop
endfacet
facet normal -0.5 -0.866 0
 outer loop
  vertex -0.66 -7.124 0.782
  vertex -0.588 -7.166 5.997
  vertex -0.66 -7.124 6.018
 endloop
endfacet
facet normal -0.5 -0.866 0
 outer loop
  vertex -0.66 -7.124 0.782
  vertex -0.66 -7.124 6.018
  vertex -1.459 -6.663 6.211
 endloop
endfacet
facet normal -0.5 -0.866 0
 outer loop
  vertex -0.66 -7.124 0.782
  vertex -1.459 -6.663 6.211
  vertex -1.459 -6.663 0.589
 endloop
endfacet
facet normal -0.5 -0.866 0
 outer loop
  vertex -1.459 -6.663 0.589
  vertex -1.459 -6.663 6.211
  vertex -2.198 -6.237 6.331
 endloop
endfacet
facet normal -0.5 -0.866 0
 outer loop
  vertex -1.459 -6.663 0.589
  vertex -2.198 -6.237 6.331
  vertex -2.198 -6.237 0.469
 endloop
endfacet
facet normal -0.5 -0.866 0
 outer loop
  vertex -2.198 -6.237 0.469
  vertex -2.198 -6.237 6.331
  vertex -2.903 -5.83 6.389
 endloop
endfacet
facet normal -0.5 -0.866 0
 outer loop
  vertex -2.198 -6.237 0.469
  vertex -2.903 -5.83 6.389
  vertex -2.903 -5.83 0.411
 endloop
endfacet
facet normal -0.5 -0.866 0
 outer loop
  vertex -2.903 -5.83 0.411
  vertex -2.903 -5.83 6.389
  vertex -3.597 -5.429 6.389
 endloop
endfacet
facet normal -0.5 -0.866 0
 outer loop
  vertex -2.903 -5.83 0.411
  vertex -3.597 -5.429 6.389
  vertex -3.597 -5.429 0.411
 endloop
endfacet
facet normal -0.5 -0.866 0
 outer loop
  vertex -3.597 -5.429 0.411
  vertex -3.597 -5.429 6.389
  vertex -4.302 -5.022 0.469
 endloop
endfacet
facet normal -0.5 -0.866 0
 outer loop
  vertex -3.597 -5.429 6.389
  vertex -4.302 -5.022 6.331
  vertex -4.302 -5.022 0.469
 endloop
endfacet
facet normal -0.5 -0.866 0
 outer loop
  vertex -4.302 -5.022 0.469
  vertex -4.302 -5.022 6.331
  vertex -5.041 -4.595 0.589
 endloop
endfacet
facet normal -0.5 -0.866 0
 outer loop
  vertex -4.302 -5.022 6.331
  vertex -5.041 -4.595 6.211
  vertex -5.041 -4.595 0.589
 endloop
endfacet
facet normal -0.5 -0.866 0
 outer loop
  vertex -5.041 -4.595 0.589
  vertex -5.041 -4.595 6.211
  vertex -5.84 -4.134 0.782
 endloop
endfacet
facet normal -0.5 -0.866 0
 outer loop
  vertex -5.041 -4.595 6.211
  vertex -5.84 -4.134 6.018
  vertex -5.84 -4.134 0.782
 endloop
endfacet
facet normal -0.5 -0.866 0
 outer loop
  vertex -5.84 -4.134 0.782
  vertex -5.84 -4.134 6.018
  vertex -5.912 -4.092 5.997
 endloop
endfacet
facet normal -0.5 -0.866 0
 outer loop
  vertex -5.84 -4.134 0.782
  vertex -5.912 -4.092 5.997
  vertex -5.912 -4.092 0.803
 endloop
endfacet
facet normal -0 0 1
 outer loop
  vertex 3.992 -0.246 6.8
  vertex 5.789 -0.357 6.8
  vertex 4 0 6.8
 endloop
endfacet
facet normal -0 0 1
 outer loop
  vertex 4 0 6.8
  vertex 5.789 -0.357 6.8
  vertex 5.8 0 6.8
 endloop
endfacet
facet normal 0 -0 1
 outer loop
  vertex 4 0 6.8
  vertex 5.8 0 6.8
  vertex 3.992 0.246 6.8
 endloop
endfacet
facet normal -0 0 1
 outer loop
  vertex 3.992 0.246 6.8
  vertex 5.8 0 6.8
  vertex 5.789 0.357 6.8
 endloop
endfacet
facet normal 0 -0 1
 outer loop
  vertex 3.992 0.246 6.8
  vertex 5.789 0.357 6.8
  vertex 3.932 0.735 6.8
 endloop
endfacet
facet normal -0 0 1
 outer loop
  vertex 3.932 0.735 6.8
  vertex 5.789 0.357 6.8
  vertex 5.701 1.066 6.8
 endloop
endfacet
facet normal 0 -0 1
 outer loop
  vertex 3.932 0.735 6.8
  vertex 5.701 1.066 6.8
  vertex 3.812 1.213 6.8
 endloop
endfacet
facet normal -0 0 1
 outer loop
  vertex 3.812 1.213 6.8
  vertex 5.701 1.066 6.8
  vertex 5.527 1.758 6.8
 endloop
endfacet
facet normal 0 -0 1
 outer loop
  vertex 3.812 1.213 6.8
  vertex 5.527 1.758 6.8
  vertex 3.634 1.672 6.8
 endloop
endfacet
facet normal 0 0 1
 outer loop
  vertex 3.634 1.672 6.8
  vertex 5.527 1.758 6.8
  vertex 5.269 2.424 6.8
 endloop
endfacet
facet normal 0 -0 1
 outer loop
  vertex 3.634 1.672 6.8
  vertex 5.269 2.424 6.8
  vertex 3.401 2.106 6.8
 endloop
endfacet
facet normal 0 0 1
 outer loop
  vertex 3.401 2.106 6.8
  vertex 5.269 2.424 6.8
  vertex 4.931 3.053 6.8
 endloop
endfacet
facet normal 0 -0 1
 outer loop
  vertex 3.401 2.106 6.8
  vertex 4.931 3.053 6.8
  vertex 3.116 2.508 6.8
 endloop
endfacet
facet normal 0 0 1
 outer loop
  vertex 3.116 2.508 6.8
  vertex 4.931 3.053 6.8
  vertex 4.519 3.636 6.8
 endloop
endfacet
facet normal 0 -0 1
 outer loop
  vertex 3.116 2.508 6.8
  vertex 4.519 3.636 6.8
  vertex 2.785 2.872 6.8
 endloop
endfacet
facet normal 0 0 1
 outer loop
  vertex 2.785 2.872 6.8
  vertex 4.519 3.636 6.8
  vertex 4.038 4.164 6.8
 endloop
endfacet
facet normal 0 -0 1
 outer loop
  vertex 2.785 2.872 6.8
  vertex 4.038 4.164 6.8
  vertex 2.411 3.192 6.8
 endloop
endfacet
facet normal 0 0 1
 outer loop
  vertex 2.411 3.192 6.8
  vertex 4.038 4.164 6.8
  vertex 3.495 4.628 6.8
 endloop
endfacet
facet normal 0 -0 1
 outer loop
  vertex 2.411 3.192 6.8
  vertex 3.495 4.628 6.8
  vertex 2 3.464 6.8
 endloop
endfacet
facet normal 0 0 1
 outer loop
  vertex 2 3.464 6.8
  vertex 3.495 4.628 6.8
  vertex 2.9 5.023 6.8
 endloop
endfacet
facet normal 0 -0 1
 outer loop
  vertex 2 3.464 6.8
  vertex 2.9 5.023 6.8
  vertex 1.559 3.684 6.8
 endloop
endfacet
facet normal 0 0 1
 outer loop
  vertex 1.559 3.684 6.8
  vertex 2.9 5.023 6.8
  vertex 2.261 5.341 6.8
 endloop
endfacet
facet normal 0 -0 1
 outer loop
  vertex 1.559 3.684 6.8
  vertex 2.261 5.341 6.8
  vertex 1.095 3.847 6.8
 endloop
endfacet
facet normal 0 0 1
 outer loop
  vertex 1.095 3.847 6.8
  vertex 2.261 5.341 6.8
  vertex 1.587 5.579 6.8
 endloop
endfacet
facet normal 0 -0 1
 outer loop
  vertex 1.095 3.847 6.8
  vertex 1.587 5.579 6.8
  vertex 0.614 3.953 6.8
 endloop
endfacet
facet normal 0 0 1
 outer loop
  vertex 0.614 3.953 6.8
  vertex 1.587 5.579 6.8
  vertex 0.89 5.731 6.8
 endloop
endfacet
facet normal 0 -0 1
 outer loop
  vertex 0.614 3.953 6.8
  vertex 0.89 5.731 6.8
  vertex 0.123 3.998 6.8
 endloop
endfacet
facet normal 0 0 1
 outer loop
  vertex 0.123 3.998 6.8
  vertex 0.89 5.731 6.8
  vertex 0.179 5.797 6.8
 endloop
endfacet
facet normal 0 -0 1
 outer loop
  vertex 0.123 3.998 6.8
  vertex 0.179 5.797 6.8
  vertex -0.535 5.775 6.8
 endloop
endfacet
facet normal 0 0 1
 outer loop
  vertex 3.992 -0.246 6.8
  vertex 3.932 -0.735 6.8
  vertex 5.789 -0.357 6.8
 endloop
endfacet
facet normal 0 0 1
 outer loop
  vertex 5.789 -0.357 6.8
  vertex 3.932 -0.735 6.8
  vertex 5.701 -1.066 6.8
 endloop
endfacet
facet normal 0 0 1
 outer loop
  vertex 3.932 -0.735 6.8
  vertex 3.812 -1.213 6.8
  vertex 5.701 -1.066 6.8
 endloop
endfacet
facet normal 0 0 1
 outer loop
  vertex 5.701 -1.066 6.8
  vertex 3.812 -1.213 6.8
  vertex 5.527 -1.758 6.8
 endloop
endfacet
facet normal 0 0 1
 outer loop
  vertex 3.812 -1.213 6.8
  vertex 3.634 -1.672 6.8
  vertex 5.527 -1.758 6.8
 endloop
endfacet
facet normal 0 0 1
 outer loop
  vertex 5.527 -1.758 6.8
  vertex 3.634 -1.672 6.8
  vertex 5.269 -2.424 6.8
 endloop
endfacet
facet normal 0 0 1
 outer loop
  vertex 3.634 -1.672 6.8
  vertex 3.401 -2.106 6.8
  vertex 5.269 -2.424 6.8
 endloop
endfacet
facet normal 0 0 1
 outer loop
  vertex 5.269 -2.424 6.8
  vertex 3.401 -2.106 6.8
  vertex 4.931 -3.053 6.8
 endloop
endfacet
facet normal 0 0 1
 outer loop
  vertex 3.401 -2.106 6.8
  vertex 3.116 -2.508 6.8
  vertex 4.931 -3.053 6.8
 endloop
endfacet
facet normal 0 0 1
 outer loop
  vertex 4.931 -3.053 6.8
  vertex 3.116 -2.508 6.8
  vertex 4.519 -3.636 6.8
 endloop
endfacet
facet normal 0 0 1
 outer loop
  vertex 3.116 -2.508 6.8
  vertex 2.785 -2.872 6.8
  vertex 4.519 -3.636 6.8
 endloop
endfacet
facet normal 0 0 1
 outer loop
  vertex 4.519 -3.636 6.8
  vertex 2.785 -2.872 6.8
  vertex 4.038 -4.164 6.8
 endloop
endfacet
facet normal 0 0 1
 outer loop
  vertex 2.785 -2.872 6.8
  vertex 2.411 -3.192 6.8
  vertex 4.038 -4.164 6.8
 endloop
endfacet
facet normal 0 0 1
 outer loop
  vertex 4.038 -4.164 6.8
  vertex 2.411 -3.192 6.8
  vertex 3.495 -4.628 6.8
 endloop
endfacet
facet normal 0 0 1
 outer loop
  vertex 2.411 -3.192 6.8
  vertex 2 -3.464 6.8
  vertex 3.495 -4.628 6.8
 endloop
endfacet
facet normal 0 0 1
 outer loop
  vertex 3.495 -4.628 6.8
  vertex 2 -3.464 6.8
  vertex 2.9 -5.023 6.8
 endloop
endfacet
facet normal 0 0 1
 outer loop
  vertex 2 -3.464 6.8
  vertex 1.559 -3.684 6.8
  vertex 2.9 -5.023 6.8
 endloop
endfacet
facet normal 0 0 1
 outer loop
  vertex 2.9 -5.023 6.8
  vertex 1.559 -3.684 6.8
  vertex 2.261 -5.341 6.8
 endloop
endfacet
facet normal 0 0 1
 outer loop
  vertex 1.559 -3.684 6.8
  vertex 1.095 -3.847 6.8
  vertex 2.261 -5.341 6.8
 endloop
endfacet
facet normal 0 0 1
 outer loop
  vertex 2.261 -5.341 6.8
  vertex 1.095 -3.847 6.8
  vertex 1.587 -5.579 6.8
 endloop
endfacet
facet normal 0 0 1
 outer loop
  vertex 1.095 -3.847 6.8
  vertex 0.614 -3.953 6.8
  vertex 1.587 -5.579 6.8
 endloop
endfacet
facet normal 0 0 1
 outer loop
  vertex 1.587 -5.579 6.8
  vertex 0.614 -3.953 6.8
  vertex 0.89 -5.731 6.8
 endloop
endfacet
facet normal 0 0 1
 outer loop
  vertex 0.614 -3.953 6.8
  vertex 0.123 -3.998 6.8
  vertex 0.89 -5.731 6.8
 endloop
endfacet
facet normal 0 0 1
 outer loop
  vertex 0.89 -5.731 6.8
  vertex 0.123 -3.998 6.8
  vertex 0.179 -5.797 6.8
 endloop
endfacet
facet normal 0 0 1
 outer loop
  vertex 0.179 -5.797 6.8
  vertex 0.123 -3.998 6.8
  vertex -0.535 -5.775 6.8
 endloop
endfacet
facet normal 0 0 1
 outer loop
  vertex -0.535 -5.775 6.8
  vertex 0.123 -3.998 6.8
  vertex -0.369 -3.983 6.8
 endloop
endfacet
facet normal 0 -0 1
 outer loop
  vertex -0.535 -5.775 6.8
  vertex -0.369 -3.983 6.8
  vertex -1.241 -5.666 6.8
 endloop
endfacet
facet normal 0 0 1
 outer loop
  vertex -1.241 -5.666 6.8
  vertex -0.369 -3.983 6.8
  vertex -0.856 -3.907 6.8
 endloop
endfacet
facet normal 0 -0 1
 outer loop
  vertex -1.241 -5.666 6.8
  vertex -0.856 -3.907 6.8
  vertex -1.928 -5.47 6.8
 endloop
endfacet
facet normal 0 0 1
 outer loop
  vertex -1.928 -5.47 6.8
  vertex -0.856 -3.907 6.8
  vertex -1.329 -3.773 6.8
 endloop
endfacet
facet normal 0 -0 1
 outer loop
  vertex -1.928 -5.47 6.8
  vertex -1.329 -3.773 6.8
  vertex -2.585 -5.192 6.8
 endloop
endfacet
facet normal 0 0 1
 outer loop
  vertex -2.585 -5.192 6.8
  vertex -1.329 -3.773 6.8
  vertex -1.783 -3.581 6.8
 endloop
endfacet
facet normal 0 -0 1
 outer loop
  vertex -2.585 -5.192 6.8
  vertex -1.783 -3.581 6.8
  vertex -3.204 -4.835 6.8
 endloop
endfacet
facet normal 0 0 1
 outer loop
  vertex -3.204 -4.835 6.8
  vertex -1.783 -3.581 6.8
  vertex -2.209 -3.334 6.8
 endloop
endfacet
facet normal 0 -0 1
 outer loop
  vertex -3.204 -4.835 6.8
  vertex -2.209 -3.334 6.8
  vertex -3.774 -4.405 6.8
 endloop
endfacet
facet normal 0 0 1
 outer loop
  vertex -3.774 -4.405 6.8
  vertex -2.209 -3.334 6.8
  vertex -2.602 -3.038 6.8
 endloop
endfacet
facet normal 0 -0 1
 outer loop
  vertex -3.774 -4.405 6.8
  vertex -2.602 -3.038 6.8
  vertex -4.286 -3.907 6.8
 endloop
endfacet
facet normal 0 0 1
 outer loop
  vertex -4.286 -3.907 6.8
  vertex -2.602 -3.038 6.8
  vertex -2.956 -2.695 6.8
 endloop
endfacet
facet normal 0 -0 1
 outer loop
  vertex -4.286 -3.907 6.8
  vertex -2.956 -2.695 6.8
  vertex -4.734 -3.351 6.8
 endloop
endfacet
facet normal 0 0 1
 outer loop
  vertex -4.734 -3.351 6.8
  vertex -2.956 -2.695 6.8
  vertex -3.265 -2.311 6.8
 endloop
endfacet
facet normal 0 -0 1
 outer loop
  vertex -4.734 -3.351 6.8
  vertex -3.265 -2.311 6.8
  vertex -5.11 -2.744 6.8
 endloop
endfacet
facet normal 0 0 1
 outer loop
  vertex -5.11 -2.744 6.8
  vertex -3.265 -2.311 6.8
  vertex -3.524 -1.892 6.8
 endloop
endfacet
facet normal 0 -0 1
 outer loop
  vertex -5.11 -2.744 6.8
  vertex -3.524 -1.892 6.8
  vertex -5.408 -2.095 6.8
 endloop
endfacet
facet normal 0 0 1
 outer loop
  vertex -5.408 -2.095 6.8
  vertex -3.524 -1.892 6.8
  vertex -3.73 -1.445 6.8
 endloop
endfacet
facet normal 0 -0 1
 outer loop
  vertex -5.408 -2.095 6.8
  vertex -3.73 -1.445 6.8
  vertex -5.625 -1.415 6.8
 endloop
endfacet
facet normal -0 0 1
 outer loop
  vertex -5.625 -1.415 6.8
  vertex -3.73 -1.445 6.8
  vertex -3.879 -0.976 6.8
 endloop
endfacet
facet normal 0 -0 1
 outer loop
  vertex -5.625 -1.415 6.8
  vertex -3.879 -0.976 6.8
  vertex -5.756 -0.713 6.8
 endloop
endfacet
facet normal -0 0 1
 outer loop
  vertex -5.756 -0.713 6.8
  vertex -3.879 -0.976 6.8
  vertex -3.97 -0.492 6.8
 endloop
endfacet
facet normal 0 -0 1
 outer loop
  vertex -5.756 -0.713 6.8
  vertex -3.97 -0.492 6.8
  vertex -5.8 0 6.8
 endloop
endfacet
facet normal 0 0 1
 outer loop
  vertex -5.8 0 6.8
  vertex -3.97 -0.492 6.8
  vertex -4 -0 6.8
 endloop
endfacet
facet normal -0 0 1
 outer loop
  vertex -5.8 0 6.8
  vertex -4 -0 6.8
  vertex -3.97 0.492 6.8
 endloop
endfacet
facet normal 0 0 1
 outer loop
  vertex -5.8 0 6.8
  vertex -3.97 0.492 6.8
  vertex -5.756 0.713 6.8
 endloop
endfacet
facet normal -0 0 1
 outer loop
  vertex -5.756 0.713 6.8
  vertex -3.97 0.492 6.8
  vertex -3.879 0.976 6.8
 endloop
endfacet
facet normal 0 0 1
 outer loop
  vertex -5.756 0.713 6.8
  vertex -3.879 0.976 6.8
  vertex -5.625 1.415 6.8
 endloop
endfacet
facet normal -0 0 1
 outer loop
  vertex -5.625 1.415 6.8
  vertex -3.879 0.976 6.8
  vertex -3.73 1.445 6.8
 endloop
endfacet
facet normal 0 0 1
 outer loop
  vertex -5.625 1.415 6.8
  vertex -3.73 1.445 6.8
  vertex -5.408 2.095 6.8
 endloop
endfacet
facet normal 0 0 1
 outer loop
  vertex -5.408 2.095 6.8
  vertex -3.73 1.445 6.8
  vertex -3.524 1.892 6.8
 endloop
endfacet
facet normal -0 0 1
 outer loop
  vertex -5.408 2.095 6.8
  vertex -3.524 1.892 6.8
  vertex -5.11 2.744 6.8
 endloop
endfacet
facet normal 0 0 1
 outer loop
  vertex -5.11 2.744 6.8
  vertex -3.524 1.892 6.8
  vertex -3.265 2.311 6.8
 endloop
endfacet
facet normal -0 0 1
 outer loop
  vertex -5.11 2.744 6.8
  vertex -3.265 2.311 6.8
  vertex -4.734 3.351 6.8
 endloop
endfacet
facet normal 0 0 1
 outer loop
  vertex -4.734 3.351 6.8
  vertex -3.265 2.311 6.8
  vertex -2.956 2.695 6.8
 endloop
endfacet
facet normal -0 0 1
 outer loop
  vertex -4.734 3.351 6.8
  vertex -2.956 2.695 6.8
  vertex -4.286 3.907 6.8
 endloop
endfacet
facet normal 0 0 1
 outer loop
  vertex -4.286 3.907 6.8
  vertex -2.956 2.695 6.8
  vertex -2.602 3.038 6.8
 endloop
endfacet
facet normal -0 0 1
 outer loop
  vertex -4.286 3.907 6.8
  vertex -2.602 3.038 6.8
  vertex -3.774 4.405 6.8
 endloop
endfacet
facet normal 0 0 1
 outer loop
  vertex -3.774 4.405 6.8
  vertex -2.602 3.038 6.8
  vertex -2.209 3.334 6.8
 endloop
endfacet
facet normal -0 0 1
 outer loop
  vertex -3.774 4.405 6.8
  vertex -2.209 3.334 6.8
  vertex -3.204 4.835 6.8
 endloop
endfacet
facet normal 0 0 1
 outer loop
  vertex -3.204 4.835 6.8
  vertex -2.209 3.334 6.8
  vertex -1.783 3.581 6.8
 endloop
endfacet
facet normal -0 0 1
 outer loop
  vertex -3.204 4.835 6.8
  vertex -1.783 3.581 6.8
  vertex -2.585 5.192 6.8
 endloop
endfacet
facet normal 0 0 1
 outer loop
  vertex -2.585 5.192 6.8
  vertex -1.783 3.581 6.8
  vertex -1.329 3.773 6.8
 endloop
endfacet
facet normal -0 0 1
 outer loop
  vertex -2.585 5.192 6.8
  vertex -1.329 3.773 6.8
  vertex -1.928 5.47 6.8
 endloop
endfacet
facet normal 0 0 1
 outer loop
  vertex -1.928 5.47 6.8
  vertex -1.329 3.773 6.8
  vertex -0.856 3.907 6.8
 endloop
endfacet
facet normal -0 0 1
 outer loop
  vertex -1.928 5.47 6.8
  vertex -0.856 3.907 6.8
  vertex -1.241 5.666 6.8
 endloop
endfacet
facet normal 0 0 1
 outer loop
  vertex -1.241 5.666 6.8
  vertex -0.856 3.907 6.8
  vertex -0.369 3.983 6.8
 endloop
endfacet
facet normal -0 0 1
 outer loop
  vertex -1.241 5.666 6.8
  vertex -0.369 3.983 6.8
  vertex -0.535 5.775 6.8
 endloop
endfacet
facet normal 0 0 1
 outer loop
  vertex -0.535 5.775 6.8
  vertex -0.369 3.983 6.8
  vertex 0.123 3.998 6.8
 endloop
endfacet
endsolid CADClick
